order_id,customer_id,sales_rep_employee_id,order_date,order_status,currency
O000001,C00219,E00153,2025-09-17,Completed,USD
O000002,C00279,E00248,2023-07-18,Shipped,USD
O000003,C00241,E00192,2025-11-20,Completed,USD
O000004,C00073,E00160,2024-04-11,Shipped,USD
O000005,C00279,E00310,2024-04-01,Completed,USD
O000006,C00160,E00217,2023-12-19,Completed,USD
O000007,C00141,E00017,2024-12-24,Completed,USD
O000008,C00080,E00014,2023-04-30,Completed,USD
O000009,C00045,E00017,2025-08-20,Completed,USD
O000010,C00255,E00329,2024-02-25,Shipped,USD
O000011,C00247,E00280,2024-07-20,Completed,USD
O000012,C00076,E00281,2024-07-07,Completed,USD
O000013,C00384,E00280,2024-12-31,Processing,USD
O000014,C00342,E00177,2025-04-15,Shipped,USD
O000015,C00350,E00160,2024-10-13,Completed,USD
O000016,C00232,E00127,2023-04-23,Completed,USD
O000017,C00116,E00115,2024-11-27,Completed,USD
O000018,C00063,E00280,2023-02-07,Completed,USD
O000019,C00321,E00084,2025-10-12,Processing,USD
O000020,C00143,E00353,2025-10-01,Shipped,USD
O000021,C00429,E00017,2025-01-30,Cancelled,USD
O000022,C00256,E00034,2024-10-20,Processing,USD
O000023,C00433,E00211,2024-06-13,Completed,USD
O000024,C00340,E00192,2024-10-02,Completed,USD
O000025,C00296,E00140,2023-10-07,Completed,USD
O000026,C00205,E00184,2025-12-24,Completed,USD
O000027,C00261,E00140,2023-12-06,Completed,USD
O000028,C00033,E00179,2025-05-18,Processing,USD
O000029,C00418,E00153,2023-04-02,Completed,USD
O000030,C00410,E00123,2025-10-09,Processing,USD
O000031,C00346,E00123,2024-10-09,Completed,USD
O000032,C00262,E00081,2024-12-20,Completed,USD
O000033,C00224,E00014,2025-04-01,Completed,USD
O000034,C00067,E00123,2023-02-24,Completed,USD
O000035,C00119,E00177,2023-08-06,Completed,USD
O000036,C00193,E00084,2023-04-02,Completed,USD
O000037,C00308,E00140,2025-12-04,Completed,USD
O000038,C00134,E00217,2025-12-20,Processing,USD
O000039,C00381,E00281,2024-07-11,Completed,USD
O000040,C00020,E00123,2025-02-11,Completed,USD
O000041,C00068,E00217,2024-06-06,Completed,USD
O000042,C00295,E00284,2025-10-27,Completed,USD
O000043,C00283,E00153,2023-11-17,Shipped,USD
O000044,C00191,E00357,2023-07-07,Shipped,USD
O000045,C00164,E00217,2025-06-21,Shipped,USD
O000046,C00281,E00211,2024-08-14,Completed,USD
O000047,C00406,E00184,2023-03-29,Completed,USD
O000048,C00046,E00284,2024-01-05,Completed,USD
O000049,C00290,E00348,2025-02-26,Completed,USD
O000050,C00365,E00198,2024-11-25,Completed,USD
O000051,C00224,E00284,2025-07-04,Shipped,USD
O000052,C00351,E00138,2024-04-22,Completed,USD
O000053,C00306,E00310,2025-10-22,Completed,USD
O000054,C00329,E00248,2025-01-23,Completed,USD
O000055,C00389,E00064,2024-02-26,Completed,USD
O000056,C00427,E00336,2023-04-14,Completed,USD
O000057,C00335,E00017,2025-06-28,Shipped,USD
O000058,C00275,E00034,2024-08-09,Shipped,USD
O000059,C00289,E00127,2025-04-22,Completed,USD
O000060,C00038,E00034,2024-03-30,Completed,USD
O000061,C00165,E00248,2023-04-04,Completed,USD
O000062,C00185,E00336,2025-08-03,Completed,USD
O000063,C00431,E00353,2025-09-01,Completed,USD
O000064,C00132,E00217,2025-06-01,Processing,USD
O000065,C00314,E00084,2025-07-20,Completed,USD
O000066,C00125,E00217,2025-01-02,Completed,USD
O000067,C00155,E00336,2023-06-15,Cancelled,USD
O000068,C00354,E00153,2024-02-09,Completed,USD
O000069,C00331,E00310,2025-05-11,Shipped,USD
O000070,C00035,E00064,2024-11-27,Shipped,USD
O000071,C00125,E00138,2023-07-19,Completed,USD
O000072,C00126,E00179,2024-05-01,Completed,USD
O000073,C00002,E00248,2023-02-10,Completed,USD
O000074,C00045,E00160,2024-12-14,Shipped,USD
O000075,C00161,E00286,2024-08-05,Cancelled,USD
O000076,C00329,E00138,2024-08-21,Completed,USD
O000077,C00258,E00017,2024-03-03,Completed,USD
O000078,C00335,E00353,2025-09-30,Shipped,USD
O000079,C00230,E00280,2025-02-10,Completed,USD
O000080,C00091,E00357,2024-07-02,Completed,USD
O000081,C00404,E00153,2025-08-01,Shipped,USD
O000082,C00142,E00177,2024-12-13,Completed,USD
O000083,C00056,E00284,2025-02-05,Completed,USD
O000084,C00168,E00336,2023-08-11,Shipped,USD
O000085,C00154,E00034,2024-11-28,Shipped,USD
O000086,C00274,E00081,2023-11-07,Completed,USD
O000087,C00278,E00211,2025-02-12,Completed,USD
O000088,C00397,E00064,2024-04-09,Completed,USD
O000089,C00428,E00160,2023-12-08,Cancelled,USD
O000090,C00069,E00064,2024-12-09,Processing,USD
O000091,C00075,E00140,2025-07-05,Shipped,USD
O000092,C00140,E00123,2025-12-01,Completed,USD
O000093,C00040,E00281,2024-05-21,Completed,USD
O000094,C00314,E00123,2025-10-02,Cancelled,USD
O000095,C00033,E00353,2025-08-21,Completed,USD
O000096,C00354,E00034,2025-06-22,Completed,USD
O000097,C00365,E00140,2024-02-07,Completed,USD
O000098,C00283,E00357,2023-05-22,Processing,USD
O000099,C00386,E00034,2025-09-26,Completed,USD
O000100,C00043,E00014,2023-08-21,Completed,USD
O000101,C00368,E00153,2024-01-13,Completed,USD
O000102,C00140,E00348,2023-06-24,Shipped,USD
O000103,C00379,E00123,2025-01-31,Completed,USD
O000104,C00022,E00014,2024-01-28,Shipped,USD
O000105,C00272,E00284,2023-08-28,Shipped,USD
O000106,C00052,E00286,2024-05-26,Completed,USD
O000107,C00346,E00353,2024-11-03,Completed,USD
O000108,C00152,E00123,2024-10-02,Completed,USD
O000109,C00275,E00284,2024-10-10,Shipped,USD
O000110,C00444,E00286,2025-08-09,Processing,USD
O000111,C00082,E00248,2023-05-16,Completed,USD
O000112,C00133,E00123,2023-08-28,Completed,USD
O000113,C00430,E00310,2024-07-21,Completed,USD
O000114,C00155,E00248,2024-12-12,Shipped,USD
O000115,C00144,E00280,2024-07-13,Completed,USD
O000116,C00081,E00127,2024-05-03,Shipped,USD
O000117,C00173,E00264,2024-06-02,Shipped,USD
O000118,C00194,E00353,2024-07-05,Shipped,USD
O000119,C00311,E00153,2024-11-25,Cancelled,USD
O000120,C00009,E00064,2024-11-20,Completed,USD
O000121,C00209,E00264,2024-09-24,Completed,USD
O000122,C00002,E00281,2024-11-17,Completed,USD
O000123,C00389,E00081,2024-07-08,Completed,USD
O000124,C00047,E00127,2023-01-11,Completed,USD
O000125,C00397,E00064,2025-05-21,Completed,USD
O000126,C00165,E00081,2025-05-04,Completed,USD
O000127,C00014,E00084,2024-03-18,Cancelled,USD
O000128,C00409,E00329,2025-11-08,Completed,USD
O000129,C00382,E00281,2024-11-07,Completed,USD
O000130,C00245,E00264,2023-02-21,Completed,USD
O000131,C00179,E00177,2023-04-01,Processing,USD
O000132,C00103,E00310,2024-01-27,Shipped,USD
O000133,C00390,E00179,2023-09-18,Completed,USD
O000134,C00192,E00177,2025-10-09,Completed,USD
O000135,C00165,E00329,2025-07-11,Completed,USD
O000136,C00226,E00084,2024-10-30,Processing,USD
O000137,C00368,E00348,2023-12-12,Completed,USD
O000138,C00028,E00357,2023-10-29,Completed,USD
O000139,C00236,E00281,2023-09-07,Shipped,USD
O000140,C00252,E00017,2023-01-23,Shipped,USD
O000141,C00081,E00357,2024-02-15,Completed,USD
O000142,C00197,E00034,2024-07-28,Completed,USD
O000143,C00355,E00179,2024-12-12,Shipped,USD
O000144,C00254,E00357,2023-10-17,Completed,USD
O000145,C00116,E00017,2025-04-14,Completed,USD
O000146,C00058,E00177,2023-07-23,Completed,USD
O000147,C00009,E00198,2025-02-06,Completed,USD
O000148,C00254,E00211,2025-12-05,Completed,USD
O000149,C00131,E00014,2024-12-25,Completed,USD
O000150,C00267,E00348,2024-10-18,Shipped,USD
O000151,C00153,E00081,2023-08-02,Completed,USD
O000152,C00353,E00281,2024-06-22,Shipped,USD
O000153,C00404,E00127,2023-12-02,Completed,USD
O000154,C00094,E00081,2025-06-08,Completed,USD
O000155,C00384,E00284,2024-03-23,Processing,USD
O000156,C00310,E00115,2023-07-12,Shipped,USD
O000157,C00310,E00310,2025-07-06,Cancelled,USD
O000158,C00172,E00217,2023-07-08,Completed,USD
O000159,C00128,E00081,2025-10-13,Completed,USD
O000160,C00395,E00014,2025-07-12,Completed,USD
O000161,C00083,E00280,2025-08-09,Completed,USD
O000162,C00342,E00280,2025-05-14,Completed,USD
O000163,C00415,E00123,2024-06-01,Completed,USD
O000164,C00194,E00264,2025-10-23,Completed,USD
O000165,C00039,E00336,2024-06-13,Completed,USD
O000166,C00131,E00280,2025-10-14,Processing,USD
O000167,C00329,E00160,2025-06-10,Shipped,USD
O000168,C00010,E00127,2023-12-03,Shipped,USD
O000169,C00299,E00286,2023-06-20,Shipped,USD
O000170,C00217,E00138,2024-02-24,Processing,USD
O000171,C00020,E00284,2024-11-14,Shipped,USD
O000172,C00096,E00084,2025-03-13,Completed,USD
O000173,C00215,E00211,2025-01-08,Processing,USD
O000174,C00401,E00127,2025-02-14,Completed,USD
O000175,C00331,E00127,2023-05-14,Completed,USD
O000176,C00296,E00281,2025-08-01,Shipped,USD
O000177,C00442,E00353,2023-04-29,Completed,USD
O000178,C00032,E00084,2024-05-20,Processing,USD
O000179,C00306,E00115,2023-08-28,Completed,USD
O000180,C00061,E00353,2023-09-16,Processing,USD
O000181,C00192,E00217,2023-12-17,Completed,USD
O000182,C00324,E00160,2023-07-13,Completed,USD
O000183,C00052,E00348,2023-06-29,Processing,USD
O000184,C00014,E00177,2025-03-27,Processing,USD
O000185,C00017,E00286,2023-10-14,Processing,USD
O000186,C00265,E00138,2024-07-26,Completed,USD
O000187,C00378,E00127,2023-08-17,Completed,USD
O000188,C00009,E00177,2025-07-28,Completed,USD
O000189,C00242,E00211,2025-12-15,Shipped,USD
O000190,C00420,E00160,2025-03-12,Completed,USD
O000191,C00246,E00127,2024-10-18,Shipped,USD
O000192,C00253,E00284,2023-11-19,Completed,USD
O000193,C00305,E00179,2025-09-21,Processing,USD
O000194,C00235,E00084,2024-06-08,Completed,USD
O000195,C00371,E00017,2025-05-04,Processing,USD
O000196,C00061,E00138,2023-04-19,Processing,USD
O000197,C00101,E00264,2023-12-08,Completed,USD
O000198,C00369,E00357,2023-03-06,Completed,USD
O000199,C00416,E00123,2024-02-29,Completed,USD
O000200,C00193,E00217,2023-06-30,Completed,USD
O000201,C00265,E00084,2025-09-24,Completed,USD
O000202,C00049,E00140,2023-04-02,Processing,USD
O000203,C00282,E00064,2023-08-16,Completed,USD
O000204,C00153,E00084,2023-01-25,Processing,USD
O000205,C00055,E00184,2025-04-29,Completed,USD
O000206,C00380,E00017,2025-04-13,Completed,USD
O000207,C00011,E00286,2025-04-14,Completed,USD
O000208,C00345,E00248,2023-09-17,Shipped,USD
O000209,C00272,E00217,2024-09-23,Completed,USD
O000210,C00105,E00138,2023-09-07,Completed,USD
O000211,C00320,E00081,2023-10-19,Processing,USD
O000212,C00068,E00248,2023-08-04,Completed,USD
O000213,C00348,E00138,2024-10-17,Completed,USD
O000214,C00255,E00184,2024-02-02,Completed,USD
O000215,C00095,E00177,2025-09-13,Completed,USD
O000216,C00199,E00357,2025-02-25,Completed,USD
O000217,C00010,E00081,2025-12-31,Completed,USD
O000218,C00415,E00177,2023-02-28,Processing,USD
O000219,C00035,E00329,2024-01-08,Shipped,USD
O000220,C00001,E00179,2025-10-17,Shipped,USD
O000221,C00349,E00198,2023-07-15,Completed,USD
O000222,C00213,E00064,2025-06-24,Completed,USD
O000223,C00242,E00115,2024-10-30,Completed,USD
O000224,C00020,E00217,2025-03-14,Processing,USD
O000225,C00057,E00140,2024-12-30,Processing,USD
O000226,C00321,E00160,2023-12-15,Shipped,USD
O000227,C00123,E00153,2023-02-09,Shipped,USD
O000228,C00309,E00348,2023-12-04,Shipped,USD
O000229,C00266,E00084,2024-10-26,Completed,USD
O000230,C00234,E00211,2025-09-11,Completed,USD
O000231,C00354,E00127,2023-09-24,Shipped,USD
O000232,C00240,E00017,2025-11-07,Completed,USD
O000233,C00154,E00140,2024-07-24,Shipped,USD
O000234,C00055,E00198,2025-04-09,Completed,USD
O000235,C00014,E00179,2023-08-21,Completed,USD
O000236,C00161,E00179,2023-03-27,Shipped,USD
O000237,C00170,E00115,2023-11-01,Completed,USD
O000238,C00277,E00081,2023-07-04,Completed,USD
O000239,C00321,E00329,2025-08-09,Completed,USD
O000240,C00368,E00184,2025-01-03,Cancelled,USD
O000241,C00239,E00217,2024-12-30,Shipped,USD
O000242,C00335,E00177,2025-01-08,Completed,USD
O000243,C00399,E00177,2025-11-14,Shipped,USD
O000244,C00181,E00084,2023-07-25,Completed,USD
O000245,C00017,E00192,2024-06-27,Processing,USD
O000246,C00167,E00064,2024-04-21,Shipped,USD
O000247,C00292,E00329,2023-10-26,Cancelled,USD
O000248,C00134,E00014,2023-12-17,Processing,USD
O000249,C00385,E00217,2025-08-08,Shipped,USD
O000250,C00438,E00014,2024-12-04,Completed,USD
O000251,C00072,E00034,2025-04-04,Completed,USD
O000252,C00357,E00284,2023-04-14,Completed,USD
O000253,C00320,E00353,2024-12-29,Completed,USD
O000254,C00360,E00336,2024-08-18,Completed,USD
O000255,C00093,E00353,2024-03-03,Completed,USD
O000256,C00157,E00211,2024-07-16,Completed,USD
O000257,C00363,E00198,2025-01-01,Processing,USD
O000258,C00303,E00310,2024-05-22,Completed,USD
O000259,C00107,E00357,2024-06-06,Completed,USD
O000260,C00401,E00348,2024-09-03,Shipped,USD
O000261,C00305,E00014,2023-08-17,Cancelled,USD
O000262,C00070,E00184,2025-01-07,Processing,USD
O000263,C00239,E00192,2025-10-20,Completed,USD
O000264,C00060,E00138,2024-11-24,Cancelled,USD
O000265,C00271,E00336,2025-01-23,Completed,USD
O000266,C00312,E00127,2023-01-23,Shipped,USD
O000267,C00426,E00284,2025-01-02,Processing,USD
O000268,C00094,E00138,2025-02-27,Completed,USD
O000269,C00240,E00353,2025-10-05,Completed,USD
O000270,C00066,E00286,2024-11-06,Completed,USD
O000271,C00174,E00115,2025-12-22,Shipped,USD
O000272,C00017,E00177,2023-07-15,Processing,USD
O000273,C00021,E00284,2023-03-27,Completed,USD
O000274,C00387,E00284,2025-08-01,Shipped,USD
O000275,C00028,E00281,2024-08-25,Completed,USD
O000276,C00027,E00357,2025-03-09,Completed,USD
O000277,C00435,E00192,2025-05-13,Completed,USD
O000278,C00280,E00064,2024-12-08,Completed,USD
O000279,C00288,E00198,2023-09-05,Completed,USD
O000280,C00027,E00034,2024-04-26,Processing,USD
O000281,C00204,E00123,2023-05-11,Completed,USD
O000282,C00369,E00248,2023-09-20,Processing,USD
O000283,C00172,E00138,2024-09-01,Shipped,USD
O000284,C00213,E00140,2023-09-15,Completed,USD
O000285,C00045,E00198,2025-06-25,Shipped,USD
O000286,C00236,E00138,2024-05-14,Completed,USD
O000287,C00189,E00138,2023-04-10,Shipped,USD
O000288,C00146,E00153,2023-09-07,Completed,USD
O000289,C00115,E00248,2025-01-06,Completed,USD
O000290,C00383,E00357,2025-07-18,Completed,USD
O000291,C00119,E00153,2025-08-18,Completed,USD
O000292,C00303,E00329,2023-05-21,Processing,USD
O000293,C00430,E00017,2024-03-19,Shipped,USD
O000294,C00380,E00084,2025-08-12,Cancelled,USD
O000295,C00243,E00084,2025-04-09,Shipped,USD
O000296,C00101,E00281,2024-05-02,Shipped,USD
O000297,C00439,E00034,2024-07-09,Cancelled,USD
O000298,C00441,E00123,2023-06-08,Processing,USD
O000299,C00332,E00138,2023-09-08,Completed,USD
O000300,C00238,E00034,2023-04-11,Completed,USD
O000301,C00045,E00336,2025-01-24,Shipped,USD
O000302,C00382,E00014,2025-05-14,Completed,USD
O000303,C00111,E00184,2023-11-01,Completed,USD
O000304,C00340,E00198,2024-07-19,Processing,USD
O000305,C00399,E00064,2025-08-19,Completed,USD
O000306,C00168,E00329,2023-09-25,Shipped,USD
O000307,C00441,E00211,2025-01-14,Completed,USD
O000308,C00369,E00192,2025-09-01,Completed,USD
O000309,C00336,E00310,2024-02-07,Processing,USD
O000310,C00191,E00280,2025-12-21,Shipped,USD
O000311,C00281,E00248,2024-12-26,Shipped,USD
O000312,C00429,E00140,2023-08-20,Completed,USD
O000313,C00398,E00034,2025-01-19,Shipped,USD
O000314,C00141,E00264,2025-01-16,Completed,USD
O000315,C00429,E00115,2023-09-16,Shipped,USD
O000316,C00358,E00336,2025-06-24,Shipped,USD
O000317,C00012,E00153,2024-04-12,Processing,USD
O000318,C00339,E00281,2025-02-02,Shipped,USD
O000319,C00373,E00115,2025-08-14,Completed,USD
O000320,C00178,E00138,2024-11-11,Completed,USD
O000321,C00181,E00127,2025-12-10,Completed,USD
O000322,C00006,E00014,2025-10-02,Completed,USD
O000323,C00277,E00211,2025-02-10,Completed,USD
O000324,C00053,E00084,2023-06-01,Shipped,USD
O000325,C00039,E00198,2024-03-24,Completed,USD
O000326,C00255,E00217,2024-01-17,Completed,USD
O000327,C00207,E00357,2024-02-13,Completed,USD
O000328,C00070,E00081,2024-10-27,Completed,USD
O000329,C00191,E00115,2024-01-01,Completed,USD
O000330,C00411,E00177,2023-04-20,Completed,USD
O000331,C00124,E00198,2024-06-03,Completed,USD
O000332,C00204,E00217,2025-12-11,Completed,USD
O000333,C00156,E00177,2023-02-08,Shipped,USD
O000334,C00076,E00284,2025-08-19,Completed,USD
O000335,C00141,E00336,2024-04-24,Shipped,USD
O000336,C00273,E00286,2025-04-14,Completed,USD
O000337,C00324,E00280,2025-07-23,Completed,USD
O000338,C00179,E00192,2025-12-16,Completed,USD
O000339,C00346,E00329,2025-07-21,Completed,USD
O000340,C00215,E00014,2023-11-22,Cancelled,USD
O000341,C00420,E00034,2025-08-31,Completed,USD
O000342,C00177,E00179,2025-03-14,Shipped,USD
O000343,C00123,E00138,2024-06-04,Shipped,USD
O000344,C00241,E00357,2023-09-04,Processing,USD
O000345,C00386,E00115,2025-08-21,Completed,USD
O000346,C00162,E00348,2023-07-15,Completed,USD
O000347,C00077,E00177,2024-03-04,Completed,USD
O000348,C00337,E00336,2023-05-28,Completed,USD
O000349,C00397,E00014,2023-08-05,Completed,USD
O000350,C00137,E00115,2023-09-03,Completed,USD
O000351,C00085,E00310,2024-09-23,Completed,USD
O000352,C00394,E00310,2025-12-30,Processing,USD
O000353,C00349,E00017,2024-09-24,Completed,USD
O000354,C00405,E00034,2023-06-04,Shipped,USD
O000355,C00318,E00177,2025-02-04,Shipped,USD
O000356,C00156,E00140,2023-04-12,Shipped,USD
O000357,C00336,E00280,2025-09-10,Completed,USD
O000358,C00338,E00184,2025-10-13,Shipped,USD
O000359,C00312,E00264,2024-12-20,Completed,USD
O000360,C00313,E00348,2023-02-10,Completed,USD
O000361,C00097,E00014,2024-05-22,Completed,USD
O000362,C00145,E00284,2023-08-15,Completed,USD
O000363,C00191,E00284,2025-08-14,Shipped,USD
O000364,C00164,E00177,2024-04-09,Processing,USD
O000365,C00212,E00064,2025-11-02,Completed,USD
O000366,C00128,E00248,2023-06-17,Completed,USD
O000367,C00139,E00017,2024-07-10,Shipped,USD
O000368,C00005,E00034,2025-01-21,Processing,USD
O000369,C00280,E00211,2025-07-21,Completed,USD
O000370,C00277,E00264,2025-09-10,Processing,USD
O000371,C00303,E00153,2024-12-08,Cancelled,USD
O000372,C00447,E00184,2023-01-01,Completed,USD
O000373,C00377,E00329,2024-09-16,Completed,USD
O000374,C00049,E00127,2023-12-09,Completed,USD
O000375,C00112,E00138,2025-06-02,Processing,USD
O000376,C00302,E00081,2023-11-17,Completed,USD
O000377,C00258,E00184,2025-03-13,Completed,USD
O000378,C00432,E00284,2025-06-09,Completed,USD
O000379,C00440,E00280,2025-11-17,Shipped,USD
O000380,C00111,E00179,2023-11-16,Cancelled,USD
O000381,C00248,E00081,2025-09-12,Completed,USD
O000382,C00087,E00177,2025-04-06,Completed,USD
O000383,C00275,E00034,2024-10-17,Processing,USD
O000384,C00138,E00348,2025-02-14,Processing,USD
O000385,C00195,E00177,2025-01-30,Completed,USD
O000386,C00264,E00280,2024-08-08,Completed,USD
O000387,C00219,E00336,2024-06-16,Shipped,USD
O000388,C00068,E00281,2024-01-10,Processing,USD
O000389,C00385,E00081,2025-10-06,Completed,USD
O000390,C00368,E00160,2025-02-10,Completed,USD
O000391,C00306,E00138,2025-03-16,Completed,USD
O000392,C00025,E00084,2025-03-27,Processing,USD
O000393,C00176,E00160,2025-06-17,Completed,USD
O000394,C00140,E00138,2023-02-06,Shipped,USD
O000395,C00138,E00177,2024-04-06,Shipped,USD
O000396,C00122,E00138,2025-10-25,Completed,USD
O000397,C00401,E00153,2025-09-24,Completed,USD
O000398,C00165,E00353,2024-12-22,Completed,USD
O000399,C00201,E00160,2025-02-10,Completed,USD
O000400,C00179,E00084,2023-07-17,Shipped,USD
O000401,C00213,E00179,2025-10-04,Shipped,USD
O000402,C00048,E00357,2023-01-18,Cancelled,USD
O000403,C00089,E00115,2025-03-08,Completed,USD
O000404,C00047,E00127,2023-03-20,Completed,USD
O000405,C00018,E00329,2023-08-09,Completed,USD
O000406,C00194,E00284,2025-04-10,Completed,USD
O000407,C00136,E00357,2024-10-28,Completed,USD
O000408,C00436,E00160,2025-01-20,Completed,USD
O000409,C00168,E00179,2023-12-30,Processing,USD
O000410,C00124,E00348,2023-11-05,Shipped,USD
O000411,C00144,E00014,2024-04-28,Completed,USD
O000412,C00288,E00192,2025-07-15,Completed,USD
O000413,C00383,E00127,2025-09-29,Completed,USD
O000414,C00386,E00280,2023-12-14,Completed,USD
O000415,C00397,E00017,2023-02-11,Shipped,USD
O000416,C00445,E00281,2024-09-02,Completed,USD
O000417,C00009,E00153,2023-05-08,Completed,USD
O000418,C00390,E00177,2025-04-03,Completed,USD
O000419,C00078,E00348,2023-02-01,Processing,USD
O000420,C00173,E00248,2025-09-27,Shipped,USD
O000421,C00408,E00160,2025-02-27,Completed,USD
O000422,C00021,E00310,2024-05-16,Completed,USD
O000423,C00294,E00286,2025-01-05,Cancelled,USD
O000424,C00361,E00348,2023-06-28,Shipped,USD
O000425,C00385,E00084,2025-10-31,Completed,USD
O000426,C00340,E00064,2025-01-19,Processing,USD
O000427,C00286,E00179,2025-11-14,Processing,USD
O000428,C00026,E00115,2024-10-24,Processing,USD
O000429,C00344,E00310,2024-02-13,Processing,USD
O000430,C00010,E00192,2025-03-16,Completed,USD
O000431,C00301,E00286,2023-01-08,Cancelled,USD
O000432,C00332,E00198,2024-06-24,Shipped,USD
O000433,C00173,E00140,2025-06-01,Processing,USD
O000434,C00007,E00014,2023-01-10,Completed,USD
O000435,C00063,E00336,2024-11-24,Processing,USD
O000436,C00438,E00177,2023-10-15,Completed,USD
O000437,C00188,E00248,2025-03-07,Completed,USD
O000438,C00004,E00281,2023-02-23,Completed,USD
O000439,C00182,E00211,2024-09-16,Shipped,USD
O000440,C00047,E00310,2024-01-18,Shipped,USD
O000441,C00266,E00336,2025-11-05,Completed,USD
O000442,C00411,E00336,2025-05-17,Completed,USD
O000443,C00387,E00217,2024-11-13,Completed,USD
O000444,C00172,E00014,2024-04-04,Shipped,USD
O000445,C00245,E00211,2023-06-03,Completed,USD
O000446,C00381,E00192,2025-05-17,Completed,USD
O000447,C00107,E00017,2024-10-15,Shipped,USD
O000448,C00109,E00127,2025-10-22,Completed,USD
O000449,C00066,E00329,2023-11-06,Completed,USD
O000450,C00223,E00211,2025-08-02,Shipped,USD
O000451,C00434,E00014,2023-04-26,Processing,USD
O000452,C00274,E00184,2025-02-24,Completed,USD
O000453,C00359,E00064,2023-01-15,Cancelled,USD
O000454,C00133,E00177,2025-10-11,Completed,USD
O000455,C00374,E00127,2025-06-23,Cancelled,USD
O000456,C00311,E00284,2023-05-25,Completed,USD
O000457,C00164,E00034,2025-08-08,Completed,USD
O000458,C00235,E00184,2025-05-14,Completed,USD
O000459,C00190,E00081,2024-02-12,Processing,USD
O000460,C00144,E00357,2025-12-27,Shipped,USD
O000461,C00422,E00115,2023-10-15,Completed,USD
O000462,C00419,E00264,2024-11-24,Completed,USD
O000463,C00150,E00217,2025-09-14,Completed,USD
O000464,C00383,E00248,2023-01-07,Shipped,USD
O000465,C00039,E00160,2023-08-31,Completed,USD
O000466,C00439,E00140,2025-11-13,Completed,USD
O000467,C00420,E00184,2025-11-02,Shipped,USD
O000468,C00214,E00160,2024-08-11,Shipped,USD
O000469,C00118,E00286,2024-02-18,Processing,USD
O000470,C00084,E00179,2023-03-30,Shipped,USD
O000471,C00273,E00211,2023-02-08,Shipped,USD
O000472,C00089,E00127,2024-05-15,Completed,USD
O000473,C00227,E00198,2024-09-25,Completed,USD
O000474,C00439,E00286,2024-07-03,Completed,USD
O000475,C00151,E00115,2023-04-16,Completed,USD
O000476,C00058,E00198,2023-01-05,Shipped,USD
O000477,C00388,E00179,2025-07-13,Shipped,USD
O000478,C00373,E00281,2025-02-05,Completed,USD
O000479,C00067,E00357,2025-08-29,Shipped,USD
O000480,C00340,E00281,2025-12-10,Completed,USD
O000481,C00251,E00281,2024-12-14,Completed,USD
O000482,C00311,E00336,2025-07-05,Shipped,USD
O000483,C00279,E00353,2023-05-31,Completed,USD
O000484,C00398,E00140,2023-12-05,Completed,USD
O000485,C00237,E00286,2024-10-09,Completed,USD
O000486,C00101,E00348,2025-06-13,Shipped,USD
O000487,C00333,E00198,2025-11-18,Completed,USD
O000488,C00351,E00310,2024-01-25,Completed,USD
O000489,C00082,E00034,2023-11-24,Completed,USD
O000490,C00249,E00192,2023-01-01,Shipped,USD
O000491,C00426,E00179,2025-12-13,Shipped,USD
O000492,C00441,E00115,2024-02-09,Completed,USD
O000493,C00354,E00336,2023-06-27,Shipped,USD
O000494,C00042,E00248,2025-09-07,Shipped,USD
O000495,C00353,E00034,2024-02-01,Shipped,USD
O000496,C00364,E00310,2025-07-28,Cancelled,USD
O000497,C00108,E00280,2023-01-28,Shipped,USD
O000498,C00115,E00017,2025-10-21,Shipped,USD
O000499,C00384,E00336,2025-11-30,Shipped,USD
O000500,C00054,E00198,2024-10-23,Completed,USD
O000501,C00245,E00160,2023-05-24,Completed,USD
O000502,C00403,E00184,2023-04-28,Completed,USD
O000503,C00132,E00123,2024-09-17,Processing,USD
O000504,C00038,E00353,2025-01-28,Shipped,USD
O000505,C00004,E00084,2025-05-05,Completed,USD
O000506,C00113,E00357,2023-03-29,Shipped,USD
O000507,C00419,E00153,2024-07-06,Completed,USD
O000508,C00071,E00140,2024-03-22,Completed,USD
O000509,C00130,E00280,2024-05-28,Completed,USD
O000510,C00210,E00123,2024-11-25,Completed,USD
O000511,C00043,E00329,2023-07-23,Completed,USD
O000512,C00182,E00281,2023-04-13,Completed,USD
O000513,C00362,E00184,2024-07-22,Shipped,USD
O000514,C00298,E00081,2025-12-31,Shipped,USD
O000515,C00449,E00357,2024-10-06,Completed,USD
O000516,C00355,E00017,2024-10-10,Completed,USD
O000517,C00142,E00357,2023-12-26,Completed,USD
O000518,C00301,E00281,2023-12-21,Processing,USD
O000519,C00359,E00284,2025-09-10,Processing,USD
O000520,C00105,E00140,2023-09-29,Cancelled,USD
O000521,C00295,E00034,2025-05-14,Completed,USD
O000522,C00150,E00192,2023-10-30,Processing,USD
O000523,C00199,E00264,2025-01-17,Shipped,USD
O000524,C00355,E00177,2025-12-01,Completed,USD
O000525,C00066,E00348,2023-11-17,Completed,USD
O000526,C00161,E00286,2023-02-17,Completed,USD
O000527,C00378,E00140,2023-05-14,Processing,USD
O000528,C00143,E00014,2025-01-14,Shipped,USD
O000529,C00132,E00310,2023-01-13,Processing,USD
O000530,C00183,E00248,2025-10-26,Completed,USD
O000531,C00108,E00153,2024-10-02,Completed,USD
O000532,C00006,E00284,2024-12-24,Cancelled,USD
O000533,C00059,E00017,2024-04-14,Completed,USD
O000534,C00055,E00017,2024-07-10,Shipped,USD
O000535,C00185,E00286,2025-12-06,Cancelled,USD
O000536,C00286,E00034,2025-05-14,Processing,USD
O000537,C00111,E00184,2025-06-30,Completed,USD
O000538,C00305,E00280,2025-11-14,Completed,USD
O000539,C00140,E00217,2024-12-10,Completed,USD
O000540,C00285,E00353,2024-10-27,Completed,USD
O000541,C00237,E00081,2023-01-01,Shipped,USD
O000542,C00336,E00284,2023-06-13,Completed,USD
O000543,C00247,E00034,2023-03-28,Completed,USD
O000544,C00258,E00280,2024-04-15,Shipped,USD
O000545,C00341,E00217,2025-10-31,Shipped,USD
O000546,C00405,E00336,2025-09-07,Processing,USD
O000547,C00086,E00115,2024-08-28,Completed,USD
O000548,C00402,E00115,2023-05-23,Completed,USD
O000549,C00108,E00280,2024-03-13,Completed,USD
O000550,C00409,E00248,2025-03-08,Completed,USD
O000551,C00310,E00211,2023-10-15,Shipped,USD
O000552,C00040,E00153,2024-04-11,Completed,USD
O000553,C00391,E00348,2025-08-13,Completed,USD
O000554,C00402,E00017,2025-04-17,Completed,USD
O000555,C00007,E00115,2025-08-23,Completed,USD
O000556,C00107,E00153,2023-01-08,Processing,USD
O000557,C00031,E00281,2025-09-08,Processing,USD
O000558,C00146,E00211,2023-07-02,Completed,USD
O000559,C00068,E00336,2023-11-08,Completed,USD
O000560,C00135,E00014,2025-08-31,Shipped,USD
O000561,C00017,E00281,2023-11-25,Shipped,USD
O000562,C00149,E00140,2025-01-07,Shipped,USD
O000563,C00418,E00014,2023-03-01,Processing,USD
O000564,C00083,E00115,2025-01-26,Completed,USD
O000565,C00124,E00198,2025-06-30,Completed,USD
O000566,C00067,E00348,2025-08-27,Completed,USD
O000567,C00063,E00281,2025-01-31,Shipped,USD
O000568,C00128,E00217,2023-08-10,Completed,USD
O000569,C00333,E00160,2025-01-21,Completed,USD
O000570,C00018,E00064,2023-05-10,Shipped,USD
O000571,C00267,E00179,2025-10-25,Completed,USD
O000572,C00120,E00280,2023-10-26,Completed,USD
O000573,C00407,E00281,2024-07-05,Shipped,USD
O000574,C00400,E00160,2024-10-08,Shipped,USD
O000575,C00125,E00211,2025-03-23,Completed,USD
O000576,C00158,E00123,2023-03-02,Shipped,USD
O000577,C00419,E00153,2024-04-11,Completed,USD
O000578,C00008,E00310,2024-12-16,Processing,USD
O000579,C00255,E00179,2023-11-26,Completed,USD
O000580,C00049,E00348,2025-05-01,Completed,USD
O000581,C00418,E00264,2023-06-03,Completed,USD
O000582,C00396,E00081,2025-06-11,Shipped,USD
O000583,C00010,E00034,2023-07-02,Completed,USD
O000584,C00181,E00177,2025-08-26,Cancelled,USD
O000585,C00429,E00138,2024-12-18,Completed,USD
O000586,C00295,E00264,2025-06-07,Processing,USD
O000587,C00317,E00357,2024-05-08,Shipped,USD
O000588,C00042,E00014,2024-06-08,Processing,USD
O000589,C00187,E00280,2025-10-29,Shipped,USD
O000590,C00273,E00211,2023-03-14,Processing,USD
O000591,C00206,E00160,2025-02-16,Completed,USD
O000592,C00118,E00153,2024-06-02,Completed,USD
O000593,C00240,E00284,2023-04-18,Completed,USD
O000594,C00236,E00153,2025-08-23,Completed,USD
O000595,C00110,E00034,2023-05-21,Completed,USD
O000596,C00189,E00153,2024-10-30,Completed,USD
O000597,C00409,E00248,2025-02-26,Completed,USD
O000598,C00238,E00286,2025-05-14,Completed,USD
O000599,C00421,E00286,2025-10-06,Completed,USD
O000600,C00215,E00138,2025-04-02,Shipped,USD
O000601,C00422,E00198,2024-07-06,Completed,USD
O000602,C00053,E00281,2023-12-25,Processing,USD
O000603,C00384,E00153,2024-10-01,Completed,USD
O000604,C00195,E00264,2024-07-21,Completed,USD
O000605,C00111,E00160,2025-06-30,Completed,USD
O000606,C00094,E00140,2025-12-25,Processing,USD
O000607,C00111,E00127,2024-11-26,Processing,USD
O000608,C00224,E00284,2025-03-20,Cancelled,USD
O000609,C00039,E00217,2024-08-16,Completed,USD
O000610,C00107,E00014,2023-04-13,Completed,USD
O000611,C00331,E00217,2025-05-16,Shipped,USD
O000612,C00151,E00017,2025-01-24,Completed,USD
O000613,C00394,E00211,2023-05-04,Shipped,USD
O000614,C00102,E00264,2024-04-28,Cancelled,USD
O000615,C00111,E00348,2025-04-19,Completed,USD
O000616,C00015,E00192,2024-05-13,Completed,USD
O000617,C00341,E00336,2025-07-01,Completed,USD
O000618,C00426,E00264,2023-09-25,Completed,USD
O000619,C00272,E00198,2023-03-14,Shipped,USD
O000620,C00241,E00014,2023-01-27,Shipped,USD
O000621,C00209,E00177,2025-05-12,Shipped,USD
O000622,C00073,E00177,2023-02-13,Completed,USD
O000623,C00140,E00329,2025-05-26,Completed,USD
O000624,C00036,E00281,2024-12-02,Shipped,USD
O000625,C00208,E00014,2023-10-08,Cancelled,USD
O000626,C00088,E00034,2024-03-26,Completed,USD
O000627,C00222,E00184,2024-11-30,Completed,USD
O000628,C00213,E00081,2023-02-26,Shipped,USD
O000629,C00433,E00177,2023-03-21,Shipped,USD
O000630,C00008,E00184,2024-02-02,Completed,USD
O000631,C00016,E00211,2023-04-19,Completed,USD
O000632,C00397,E00329,2024-05-10,Shipped,USD
O000633,C00053,E00138,2025-08-05,Completed,USD
O000634,C00324,E00034,2024-02-02,Completed,USD
O000635,C00380,E00264,2025-03-24,Processing,USD
O000636,C00139,E00123,2025-10-20,Processing,USD
O000637,C00223,E00179,2024-03-11,Processing,USD
O000638,C00307,E00127,2024-04-19,Completed,USD
O000639,C00129,E00348,2024-07-03,Cancelled,USD
O000640,C00248,E00127,2024-12-14,Completed,USD
O000641,C00124,E00179,2024-09-10,Cancelled,USD
O000642,C00350,E00064,2023-02-03,Completed,USD
O000643,C00138,E00115,2024-06-11,Completed,USD
O000644,C00415,E00211,2023-01-18,Completed,USD
O000645,C00107,E00336,2024-01-28,Processing,USD
O000646,C00054,E00284,2023-07-22,Completed,USD
O000647,C00299,E00192,2024-08-03,Shipped,USD
O000648,C00212,E00264,2023-09-07,Completed,USD
O000649,C00342,E00211,2025-11-22,Shipped,USD
O000650,C00402,E00160,2025-03-21,Completed,USD
O000651,C00180,E00348,2025-08-04,Shipped,USD
O000652,C00272,E00192,2024-04-27,Completed,USD
O000653,C00109,E00357,2023-01-16,Completed,USD
O000654,C00271,E00280,2024-08-11,Completed,USD
O000655,C00110,E00217,2023-12-08,Completed,USD
O000656,C00431,E00357,2024-01-17,Completed,USD
O000657,C00166,E00064,2024-10-27,Shipped,USD
O000658,C00258,E00140,2025-05-23,Processing,USD
O000659,C00338,E00184,2024-01-05,Processing,USD
O000660,C00152,E00017,2024-04-19,Completed,USD
O000661,C00130,E00184,2024-05-24,Processing,USD
O000662,C00176,E00127,2024-01-01,Completed,USD
O000663,C00251,E00348,2023-07-15,Processing,USD
O000664,C00324,E00064,2023-03-02,Completed,USD
O000665,C00204,E00184,2024-05-02,Cancelled,USD
O000666,C00426,E00014,2025-03-04,Completed,USD
O000667,C00087,E00264,2024-07-16,Completed,USD
O000668,C00291,E00153,2024-03-13,Shipped,USD
O000669,C00237,E00014,2023-12-26,Completed,USD
O000670,C00190,E00081,2023-04-02,Shipped,USD
O000671,C00188,E00348,2025-09-11,Completed,USD
O000672,C00156,E00179,2025-03-29,Completed,USD
O000673,C00237,E00184,2023-02-05,Completed,USD
O000674,C00044,E00123,2023-08-24,Cancelled,USD
O000675,C00316,E00211,2023-05-22,Completed,USD
O000676,C00072,E00014,2024-05-28,Completed,USD
O000677,C00343,E00264,2024-05-28,Completed,USD
O000678,C00399,E00160,2025-09-30,Completed,USD
O000679,C00097,E00034,2023-03-20,Completed,USD
O000680,C00168,E00217,2024-10-30,Shipped,USD
O000681,C00135,E00284,2024-12-31,Shipped,USD
O000682,C00208,E00160,2025-03-23,Completed,USD
O000683,C00319,E00353,2025-03-17,Completed,USD
O000684,C00149,E00264,2023-11-08,Processing,USD
O000685,C00329,E00264,2024-08-31,Processing,USD
O000686,C00029,E00138,2025-10-09,Completed,USD
O000687,C00289,E00280,2024-11-05,Completed,USD
O000688,C00384,E00211,2025-05-26,Processing,USD
O000689,C00109,E00281,2025-06-24,Completed,USD
O000690,C00284,E00081,2024-08-24,Completed,USD
O000691,C00167,E00123,2025-08-05,Completed,USD
O000692,C00026,E00284,2025-08-09,Completed,USD
O000693,C00234,E00127,2023-06-20,Shipped,USD
O000694,C00097,E00140,2023-01-19,Completed,USD
O000695,C00327,E00192,2023-10-30,Completed,USD
O000696,C00300,E00284,2024-06-16,Completed,USD
O000697,C00372,E00217,2023-09-05,Shipped,USD
O000698,C00354,E00064,2025-12-28,Completed,USD
O000699,C00011,E00081,2025-09-23,Completed,USD
O000700,C00086,E00310,2025-08-30,Completed,USD
O000701,C00090,E00348,2024-08-02,Completed,USD
O000702,C00172,E00217,2024-06-22,Completed,USD
O000703,C00272,E00177,2025-08-07,Shipped,USD
O000704,C00218,E00286,2023-05-06,Completed,USD
O000705,C00150,E00153,2025-01-19,Completed,USD
O000706,C00311,E00140,2024-12-24,Completed,USD
O000707,C00289,E00192,2025-08-23,Completed,USD
O000708,C00439,E00280,2025-04-30,Processing,USD
O000709,C00153,E00211,2023-07-02,Completed,USD
O000710,C00240,E00192,2025-03-08,Shipped,USD
O000711,C00311,E00184,2023-06-01,Completed,USD
O000712,C00401,E00264,2025-12-16,Processing,USD
O000713,C00146,E00248,2024-03-10,Completed,USD
O000714,C00138,E00084,2024-02-24,Shipped,USD
O000715,C00122,E00348,2023-01-28,Completed,USD
O000716,C00352,E00184,2025-09-26,Shipped,USD
O000717,C00297,E00034,2023-06-21,Shipped,USD
O000718,C00366,E00310,2023-09-11,Shipped,USD
O000719,C00101,E00286,2025-10-23,Completed,USD
O000720,C00335,E00280,2023-01-16,Completed,USD
O000721,C00166,E00160,2023-04-19,Completed,USD
O000722,C00413,E00286,2024-11-13,Completed,USD
O000723,C00246,E00184,2024-08-01,Completed,USD
O000724,C00338,E00184,2023-04-03,Completed,USD
O000725,C00001,E00329,2024-10-16,Processing,USD
O000726,C00106,E00329,2023-01-13,Completed,USD
O000727,C00320,E00177,2025-05-28,Completed,USD
O000728,C00257,E00348,2025-06-13,Completed,USD
O000729,C00444,E00127,2024-11-03,Completed,USD
O000730,C00210,E00160,2024-03-15,Completed,USD
O000731,C00374,E00281,2024-01-29,Completed,USD
O000732,C00375,E00138,2023-04-04,Completed,USD
O000733,C00189,E00248,2024-08-20,Completed,USD
O000734,C00016,E00248,2025-09-03,Completed,USD
O000735,C00165,E00310,2024-08-09,Shipped,USD
O000736,C00042,E00357,2023-11-06,Processing,USD
O000737,C00213,E00179,2025-12-09,Completed,USD
O000738,C00210,E00179,2024-12-17,Completed,USD
O000739,C00186,E00353,2023-10-01,Completed,USD
O000740,C00151,E00138,2023-06-06,Shipped,USD
O000741,C00133,E00138,2023-04-01,Completed,USD
O000742,C00248,E00064,2025-09-19,Processing,USD
O000743,C00252,E00177,2025-06-02,Completed,USD
O000744,C00272,E00127,2023-07-06,Processing,USD
O000745,C00028,E00310,2025-08-06,Completed,USD
O000746,C00103,E00153,2023-01-18,Shipped,USD
O000747,C00042,E00353,2025-01-06,Completed,USD
O000748,C00032,E00284,2024-09-01,Completed,USD
O000749,C00126,E00177,2024-04-30,Completed,USD
O000750,C00392,E00192,2023-10-21,Completed,USD
O000751,C00349,E00153,2023-04-10,Completed,USD
O000752,C00172,E00153,2024-04-10,Completed,USD
O000753,C00119,E00284,2024-07-14,Shipped,USD
O000754,C00208,E00192,2025-09-11,Completed,USD
O000755,C00003,E00177,2024-01-18,Processing,USD
O000756,C00128,E00184,2025-01-21,Completed,USD
O000757,C00042,E00211,2025-04-20,Shipped,USD
O000758,C00411,E00084,2024-04-10,Processing,USD
O000759,C00266,E00081,2025-03-25,Completed,USD
O000760,C00379,E00179,2023-05-08,Completed,USD
O000761,C00437,E00357,2023-05-06,Shipped,USD
O000762,C00415,E00336,2023-11-09,Completed,USD
O000763,C00073,E00184,2023-08-11,Completed,USD
O000764,C00374,E00286,2023-02-28,Shipped,USD
O000765,C00021,E00198,2024-08-04,Completed,USD
O000766,C00369,E00310,2024-10-01,Completed,USD
O000767,C00320,E00153,2025-11-21,Completed,USD
O000768,C00383,E00280,2023-01-05,Completed,USD
O000769,C00296,E00115,2023-11-02,Completed,USD
O000770,C00393,E00248,2023-01-29,Shipped,USD
O000771,C00331,E00123,2025-01-27,Shipped,USD
O000772,C00265,E00281,2023-12-16,Completed,USD
O000773,C00285,E00310,2023-06-21,Shipped,USD
O000774,C00404,E00064,2024-04-24,Completed,USD
O000775,C00152,E00184,2025-03-26,Completed,USD
O000776,C00006,E00127,2025-01-09,Cancelled,USD
O000777,C00228,E00140,2025-03-01,Completed,USD
O000778,C00383,E00034,2023-07-22,Shipped,USD
O000779,C00063,E00264,2023-04-24,Completed,USD
O000780,C00241,E00115,2023-12-10,Completed,USD
O000781,C00358,E00127,2025-01-12,Completed,USD
O000782,C00139,E00081,2025-06-09,Completed,USD
O000783,C00017,E00348,2024-08-23,Shipped,USD
O000784,C00188,E00123,2024-12-13,Completed,USD
O000785,C00286,E00064,2024-03-23,Completed,USD
O000786,C00439,E00217,2023-11-03,Cancelled,USD
O000787,C00290,E00286,2023-12-23,Completed,USD
O000788,C00370,E00017,2025-09-09,Completed,USD
O000789,C00132,E00115,2025-01-23,Shipped,USD
O000790,C00239,E00357,2023-01-23,Shipped,USD
O000791,C00070,E00217,2023-06-06,Cancelled,USD
O000792,C00219,E00357,2024-02-18,Completed,USD
O000793,C00250,E00034,2024-07-26,Completed,USD
O000794,C00301,E00357,2024-03-03,Completed,USD
O000795,C00420,E00084,2023-08-27,Shipped,USD
O000796,C00066,E00017,2023-03-08,Shipped,USD
O000797,C00219,E00115,2025-01-20,Completed,USD
O000798,C00183,E00127,2024-01-10,Shipped,USD
O000799,C00208,E00177,2023-11-13,Shipped,USD
O000800,C00309,E00153,2025-03-23,Completed,USD
O000801,C00376,E00198,2024-08-04,Completed,USD
O000802,C00335,E00348,2025-07-17,Shipped,USD
O000803,C00160,E00264,2023-11-20,Completed,USD
O000804,C00121,E00160,2024-11-11,Completed,USD
O000805,C00122,E00153,2025-09-19,Completed,USD
O000806,C00218,E00336,2024-05-08,Completed,USD
O000807,C00061,E00357,2025-09-27,Processing,USD
O000808,C00162,E00034,2024-08-18,Completed,USD
O000809,C00444,E00198,2025-03-16,Shipped,USD
O000810,C00330,E00127,2023-08-02,Completed,USD
O000811,C00311,E00310,2024-06-17,Processing,USD
O000812,C00403,E00336,2023-07-26,Completed,USD
O000813,C00427,E00017,2025-05-25,Completed,USD
O000814,C00040,E00348,2023-06-20,Completed,USD
O000815,C00139,E00123,2025-03-24,Shipped,USD
O000816,C00355,E00310,2023-09-09,Completed,USD
O000817,C00278,E00198,2023-05-11,Completed,USD
O000818,C00324,E00217,2025-08-05,Processing,USD
O000819,C00193,E00217,2024-06-15,Completed,USD
O000820,C00274,E00217,2025-06-20,Completed,USD
O000821,C00066,E00127,2023-10-04,Completed,USD
O000822,C00008,E00357,2024-07-30,Processing,USD
O000823,C00113,E00177,2025-07-19,Completed,USD
O000824,C00335,E00286,2025-09-01,Completed,USD
O000825,C00188,E00217,2023-01-17,Completed,USD
O000826,C00201,E00014,2024-06-20,Processing,USD
O000827,C00232,E00281,2023-10-15,Completed,USD
O000828,C00237,E00284,2024-09-20,Completed,USD
O000829,C00297,E00329,2023-02-18,Processing,USD
O000830,C00170,E00017,2024-02-29,Completed,USD
O000831,C00437,E00177,2023-01-27,Cancelled,USD
O000832,C00270,E00248,2024-01-07,Completed,USD
O000833,C00260,E00217,2024-06-15,Completed,USD
O000834,C00433,E00153,2023-08-15,Completed,USD
O000835,C00132,E00286,2023-07-15,Completed,USD
O000836,C00082,E00179,2025-04-29,Shipped,USD
O000837,C00353,E00140,2025-07-02,Processing,USD
O000838,C00197,E00127,2023-08-26,Completed,USD
O000839,C00240,E00217,2024-06-17,Completed,USD
O000840,C00311,E00184,2025-06-29,Completed,USD
O000841,C00348,E00064,2025-03-31,Cancelled,USD
O000842,C00212,E00310,2024-06-18,Completed,USD
O000843,C00380,E00310,2023-10-25,Completed,USD
O000844,C00341,E00192,2024-11-05,Completed,USD
O000845,C00049,E00184,2025-02-23,Completed,USD
O000846,C00333,E00348,2024-09-07,Completed,USD
O000847,C00385,E00353,2025-08-26,Processing,USD
O000848,C00310,E00329,2025-01-16,Shipped,USD
O000849,C00202,E00348,2025-08-26,Completed,USD
O000850,C00225,E00357,2023-09-12,Completed,USD
O000851,C00336,E00284,2024-11-06,Completed,USD
O000852,C00157,E00211,2025-09-06,Completed,USD
O000853,C00099,E00127,2023-12-27,Processing,USD
O000854,C00424,E00140,2024-05-01,Completed,USD
O000855,C00399,E00310,2024-04-10,Completed,USD
O000856,C00351,E00127,2024-10-30,Completed,USD
O000857,C00042,E00329,2025-05-17,Completed,USD
O000858,C00157,E00115,2023-03-10,Completed,USD
O000859,C00414,E00310,2024-03-09,Shipped,USD
O000860,C00128,E00353,2024-07-28,Processing,USD
O000861,C00100,E00336,2025-09-21,Completed,USD
O000862,C00062,E00064,2024-11-02,Completed,USD
O000863,C00224,E00353,2024-12-01,Completed,USD
O000864,C00227,E00160,2025-07-31,Completed,USD
O000865,C00087,E00177,2023-12-14,Completed,USD
O000866,C00373,E00081,2025-03-03,Completed,USD
O000867,C00402,E00281,2024-07-31,Completed,USD
O000868,C00037,E00127,2025-11-08,Cancelled,USD
O000869,C00404,E00160,2023-11-12,Processing,USD
O000870,C00406,E00353,2023-07-19,Completed,USD
O000871,C00260,E00084,2024-02-11,Shipped,USD
O000872,C00052,E00064,2023-02-06,Completed,USD
O000873,C00289,E00017,2024-07-04,Completed,USD
O000874,C00040,E00127,2025-11-25,Processing,USD
O000875,C00431,E00127,2025-12-01,Completed,USD
O000876,C00305,E00280,2023-09-24,Shipped,USD
O000877,C00321,E00140,2025-12-05,Completed,USD
O000878,C00194,E00115,2025-02-22,Completed,USD
O000879,C00335,E00160,2023-08-28,Completed,USD
O000880,C00093,E00115,2024-01-06,Completed,USD
O000881,C00244,E00310,2023-08-24,Shipped,USD
O000882,C00026,E00264,2023-08-16,Completed,USD
O000883,C00403,E00192,2025-10-25,Completed,USD
O000884,C00295,E00017,2025-01-20,Shipped,USD
O000885,C00173,E00014,2023-05-25,Completed,USD
O000886,C00045,E00353,2023-09-30,Completed,USD
O000887,C00003,E00177,2025-03-13,Completed,USD
O000888,C00388,E00140,2025-02-03,Completed,USD
O000889,C00318,E00153,2025-06-14,Completed,USD
O000890,C00085,E00034,2024-06-29,Completed,USD
O000891,C00370,E00329,2023-11-14,Completed,USD
O000892,C00312,E00357,2023-02-15,Completed,USD
O000893,C00336,E00084,2024-09-22,Completed,USD
O000894,C00055,E00084,2023-04-21,Shipped,USD
O000895,C00139,E00336,2023-05-06,Completed,USD
O000896,C00195,E00353,2023-01-18,Shipped,USD
O000897,C00364,E00336,2023-05-06,Shipped,USD
O000898,C00026,E00264,2023-04-30,Completed,USD
O000899,C00380,E00310,2025-04-11,Processing,USD
O000900,C00339,E00264,2025-03-06,Completed,USD
O000901,C00410,E00198,2023-11-17,Completed,USD
O000902,C00346,E00153,2024-05-16,Shipped,USD
O000903,C00008,E00353,2023-04-25,Completed,USD
O000904,C00230,E00064,2024-12-16,Processing,USD
O000905,C00311,E00184,2023-06-13,Completed,USD
O000906,C00051,E00310,2023-08-13,Completed,USD
O000907,C00115,E00064,2023-08-25,Shipped,USD
O000908,C00037,E00140,2025-06-04,Completed,USD
O000909,C00210,E00286,2025-01-10,Completed,USD
O000910,C00070,E00084,2024-03-12,Completed,USD
O000911,C00078,E00184,2025-03-05,Completed,USD
O000912,C00161,E00184,2025-04-06,Completed,USD
O000913,C00343,E00281,2025-05-27,Processing,USD
O000914,C00108,E00064,2024-05-02,Completed,USD
O000915,C00395,E00217,2025-10-29,Completed,USD
O000916,C00091,E00084,2024-05-12,Completed,USD
O000917,C00257,E00081,2025-12-24,Shipped,USD
O000918,C00244,E00160,2025-11-02,Shipped,USD
O000919,C00130,E00284,2025-11-21,Processing,USD
O000920,C00287,E00280,2023-11-25,Completed,USD
O000921,C00191,E00281,2025-08-30,Shipped,USD
O000922,C00002,E00248,2024-04-22,Completed,USD
O000923,C00431,E00140,2024-10-26,Shipped,USD
O000924,C00122,E00192,2024-02-18,Completed,USD
O000925,C00183,E00198,2024-02-07,Shipped,USD
O000926,C00110,E00177,2023-01-15,Shipped,USD
O000927,C00273,E00280,2024-11-15,Completed,USD
O000928,C00105,E00211,2025-05-23,Completed,USD
O000929,C00100,E00286,2025-11-24,Completed,USD
O000930,C00152,E00034,2023-06-29,Completed,USD
O000931,C00389,E00280,2025-05-01,Completed,USD
O000932,C00325,E00064,2024-08-19,Completed,USD
O000933,C00203,E00353,2024-05-02,Cancelled,USD
O000934,C00174,E00014,2024-12-22,Completed,USD
O000935,C00172,E00357,2024-11-04,Completed,USD
O000936,C00413,E00115,2023-09-14,Completed,USD
O000937,C00196,E00153,2024-03-13,Processing,USD
O000938,C00017,E00081,2024-10-19,Completed,USD
O000939,C00372,E00034,2023-12-26,Completed,USD
O000940,C00305,E00127,2024-02-24,Shipped,USD
O000941,C00241,E00123,2025-11-09,Completed,USD
O000942,C00281,E00329,2023-06-29,Completed,USD
O000943,C00418,E00211,2024-10-18,Completed,USD
O000944,C00093,E00160,2024-02-13,Completed,USD
O000945,C00377,E00336,2025-02-03,Completed,USD
O000946,C00307,E00184,2025-11-03,Completed,USD
O000947,C00160,E00081,2025-09-15,Shipped,USD
O000948,C00103,E00064,2025-09-26,Completed,USD
O000949,C00216,E00329,2024-03-26,Completed,USD
O000950,C00374,E00184,2023-02-14,Completed,USD
O000951,C00121,E00198,2025-10-15,Processing,USD
O000952,C00096,E00248,2023-12-30,Completed,USD
O000953,C00137,E00138,2025-06-14,Completed,USD
O000954,C00139,E00211,2025-09-08,Completed,USD
O000955,C00138,E00281,2024-04-16,Completed,USD
O000956,C00059,E00310,2024-11-29,Completed,USD
O000957,C00289,E00081,2025-01-07,Completed,USD
O000958,C00036,E00281,2023-05-30,Processing,USD
O000959,C00124,E00127,2024-03-18,Completed,USD
O000960,C00286,E00123,2023-02-23,Completed,USD
O000961,C00225,E00123,2024-04-29,Cancelled,USD
O000962,C00115,E00192,2025-11-25,Cancelled,USD
O000963,C00303,E00127,2023-12-18,Completed,USD
O000964,C00175,E00014,2025-05-27,Completed,USD
O000965,C00255,E00034,2024-05-22,Completed,USD
O000966,C00302,E00115,2025-10-01,Completed,USD
O000967,C00071,E00017,2024-12-10,Completed,USD
O000968,C00072,E00198,2024-07-15,Processing,USD
O000969,C00425,E00284,2023-06-16,Completed,USD
O000970,C00338,E00281,2024-06-13,Completed,USD
O000971,C00392,E00192,2023-08-28,Shipped,USD
O000972,C00338,E00353,2025-07-21,Completed,USD
O000973,C00022,E00192,2024-03-27,Completed,USD
O000974,C00174,E00138,2024-12-08,Shipped,USD
O000975,C00048,E00153,2023-11-07,Completed,USD
O000976,C00142,E00329,2025-03-01,Completed,USD
O000977,C00197,E00217,2024-09-03,Completed,USD
O000978,C00326,E00153,2023-05-05,Processing,USD
O000979,C00079,E00014,2024-08-13,Completed,USD
O000980,C00444,E00286,2023-05-06,Completed,USD
O000981,C00235,E00248,2023-04-23,Completed,USD
O000982,C00011,E00336,2023-06-13,Completed,USD
O000983,C00374,E00336,2023-10-24,Completed,USD
O000984,C00111,E00179,2023-12-11,Shipped,USD
O000985,C00375,E00336,2024-03-03,Completed,USD
O000986,C00352,E00280,2023-04-08,Shipped,USD
O000987,C00357,E00184,2025-03-09,Completed,USD
O000988,C00425,E00357,2023-07-30,Processing,USD
O000989,C00445,E00281,2025-04-02,Completed,USD
O000990,C00036,E00084,2025-07-23,Completed,USD
O000991,C00384,E00211,2024-09-04,Processing,USD
O000992,C00321,E00123,2023-11-30,Cancelled,USD
O000993,C00338,E00348,2025-12-29,Completed,USD
O000994,C00141,E00017,2023-08-02,Shipped,USD
O000995,C00415,E00177,2023-08-06,Processing,USD
O000996,C00296,E00280,2023-07-09,Completed,USD
O000997,C00045,E00177,2024-10-02,Completed,USD
O000998,C00001,E00127,2025-03-01,Shipped,USD
O000999,C00343,E00211,2023-06-07,Completed,USD
O001000,C00104,E00281,2023-09-19,Processing,USD
O001001,C00320,E00284,2024-10-04,Processing,USD
O001002,C00434,E00192,2024-04-23,Processing,USD
O001003,C00367,E00123,2024-03-03,Completed,USD
O001004,C00133,E00184,2023-05-02,Shipped,USD
O001005,C00253,E00284,2023-03-17,Completed,USD
O001006,C00169,E00064,2025-08-16,Completed,USD
O001007,C00432,E00179,2025-06-28,Processing,USD
O001008,C00087,E00280,2023-08-05,Shipped,USD
O001009,C00263,E00034,2023-10-24,Shipped,USD
O001010,C00191,E00084,2025-03-26,Completed,USD
O001011,C00276,E00286,2025-02-05,Completed,USD
O001012,C00214,E00115,2023-07-11,Completed,USD
O001013,C00131,E00357,2023-05-22,Shipped,USD
O001014,C00182,E00248,2024-07-07,Completed,USD
O001015,C00120,E00138,2023-04-17,Completed,USD
O001016,C00227,E00179,2024-06-01,Completed,USD
O001017,C00192,E00281,2023-10-30,Completed,USD
O001018,C00108,E00284,2023-03-09,Processing,USD
O001019,C00002,E00084,2023-02-18,Shipped,USD
O001020,C00252,E00310,2024-03-15,Completed,USD
O001021,C00393,E00115,2025-07-27,Completed,USD
O001022,C00175,E00138,2023-12-26,Shipped,USD
O001023,C00418,E00184,2025-06-06,Completed,USD
O001024,C00355,E00140,2024-10-05,Completed,USD
O001025,C00421,E00064,2024-11-11,Completed,USD
O001026,C00108,E00084,2024-03-22,Completed,USD
O001027,C00418,E00014,2024-02-03,Completed,USD
O001028,C00314,E00034,2023-05-08,Completed,USD
O001029,C00046,E00140,2023-05-27,Shipped,USD
O001030,C00052,E00034,2024-12-18,Completed,USD
O001031,C00031,E00064,2023-10-12,Completed,USD
O001032,C00213,E00140,2025-05-06,Completed,USD
O001033,C00342,E00014,2023-04-12,Completed,USD
O001034,C00194,E00179,2023-12-05,Processing,USD
O001035,C00181,E00184,2025-09-12,Completed,USD
O001036,C00159,E00138,2024-09-19,Shipped,USD
O001037,C00335,E00081,2025-11-16,Completed,USD
O001038,C00332,E00192,2025-07-26,Processing,USD
O001039,C00287,E00357,2024-03-01,Shipped,USD
O001040,C00153,E00184,2023-01-28,Completed,USD
O001041,C00391,E00192,2023-05-23,Completed,USD
O001042,C00064,E00064,2025-12-26,Processing,USD
O001043,C00056,E00179,2024-04-26,Completed,USD
O001044,C00242,E00177,2023-01-20,Completed,USD
O001045,C00043,E00160,2025-07-10,Completed,USD
O001046,C00162,E00336,2024-06-23,Completed,USD
O001047,C00332,E00184,2024-10-12,Completed,USD
O001048,C00304,E00284,2025-12-13,Completed,USD
O001049,C00049,E00179,2023-04-16,Completed,USD
O001050,C00404,E00211,2023-04-07,Completed,USD
O001051,C00234,E00184,2023-06-23,Completed,USD
O001052,C00112,E00264,2024-06-26,Completed,USD
O001053,C00038,E00034,2025-10-30,Completed,USD
O001054,C00309,E00127,2024-03-14,Completed,USD
O001055,C00135,E00034,2023-12-31,Completed,USD
O001056,C00342,E00336,2025-04-26,Completed,USD
O001057,C00036,E00248,2024-11-01,Processing,USD
O001058,C00081,E00286,2023-11-30,Completed,USD
O001059,C00238,E00084,2024-07-19,Shipped,USD
O001060,C00149,E00127,2025-12-18,Completed,USD
O001061,C00355,E00329,2023-10-17,Completed,USD
O001062,C00287,E00198,2023-01-09,Processing,USD
O001063,C00231,E00034,2024-01-23,Completed,USD
O001064,C00305,E00127,2025-12-31,Completed,USD
O001065,C00249,E00177,2025-08-17,Completed,USD
O001066,C00044,E00127,2024-03-23,Completed,USD
O001067,C00006,E00211,2024-12-28,Shipped,USD
O001068,C00396,E00248,2025-11-14,Shipped,USD
O001069,C00157,E00115,2025-09-24,Shipped,USD
O001070,C00076,E00017,2025-11-22,Shipped,USD
O001071,C00335,E00160,2023-11-28,Shipped,USD
O001072,C00044,E00286,2023-08-02,Completed,USD
O001073,C00271,E00248,2023-11-19,Completed,USD
O001074,C00360,E00160,2023-01-12,Completed,USD
O001075,C00059,E00140,2024-11-21,Shipped,USD
O001076,C00264,E00357,2023-04-09,Completed,USD
O001077,C00039,E00160,2023-05-07,Completed,USD
O001078,C00415,E00353,2024-10-07,Cancelled,USD
O001079,C00242,E00336,2023-09-12,Shipped,USD
O001080,C00197,E00281,2024-01-06,Processing,USD
O001081,C00098,E00177,2024-11-21,Shipped,USD
O001082,C00206,E00357,2024-12-03,Shipped,USD
O001083,C00425,E00310,2025-10-15,Completed,USD
O001084,C00249,E00123,2025-07-12,Completed,USD
O001085,C00117,E00284,2023-01-31,Completed,USD
O001086,C00388,E00357,2024-08-24,Completed,USD
O001087,C00160,E00179,2024-07-26,Completed,USD
O001088,C00015,E00179,2024-01-31,Completed,USD
O001089,C00256,E00284,2023-06-17,Shipped,USD
O001090,C00429,E00123,2023-06-29,Completed,USD
O001091,C00027,E00179,2025-02-10,Completed,USD
O001092,C00183,E00286,2023-05-01,Completed,USD
O001093,C00377,E00153,2024-12-26,Cancelled,USD
O001094,C00108,E00153,2025-05-29,Shipped,USD
O001095,C00441,E00211,2025-03-04,Cancelled,USD
O001096,C00076,E00280,2025-04-03,Shipped,USD
O001097,C00446,E00217,2025-05-11,Completed,USD
O001098,C00171,E00353,2025-07-14,Completed,USD
O001099,C00009,E00177,2025-08-13,Completed,USD
O001100,C00161,E00280,2023-10-10,Shipped,USD
O001101,C00414,E00153,2023-02-15,Completed,USD
O001102,C00143,E00177,2024-09-09,Cancelled,USD
O001103,C00173,E00248,2024-07-04,Completed,USD
O001104,C00212,E00184,2024-01-28,Completed,USD
O001105,C00202,E00179,2023-12-09,Completed,USD
O001106,C00288,E00357,2023-12-09,Shipped,USD
O001107,C00012,E00138,2025-03-14,Completed,USD
O001108,C00374,E00184,2023-11-16,Completed,USD
O001109,C00023,E00179,2023-08-10,Completed,USD
O001110,C00319,E00184,2023-11-06,Completed,USD
O001111,C00130,E00264,2024-08-12,Completed,USD
O001112,C00256,E00348,2023-06-26,Completed,USD
O001113,C00399,E00179,2025-05-13,Completed,USD
O001114,C00264,E00284,2024-04-24,Processing,USD
O001115,C00018,E00160,2025-07-31,Shipped,USD
O001116,C00320,E00138,2025-03-14,Completed,USD
O001117,C00315,E00357,2024-05-03,Completed,USD
O001118,C00421,E00017,2025-11-24,Completed,USD
O001119,C00030,E00353,2023-02-22,Processing,USD
O001120,C00177,E00160,2025-01-03,Shipped,USD
O001121,C00106,E00081,2025-12-19,Shipped,USD
O001122,C00008,E00353,2025-11-08,Completed,USD
O001123,C00081,E00081,2023-04-19,Processing,USD
O001124,C00032,E00153,2023-06-16,Completed,USD
O001125,C00132,E00115,2023-10-20,Completed,USD
O001126,C00385,E00336,2023-10-24,Shipped,USD
O001127,C00350,E00336,2025-11-01,Completed,USD
O001128,C00233,E00115,2023-03-10,Shipped,USD
O001129,C00137,E00211,2024-05-05,Shipped,USD
O001130,C00342,E00336,2024-09-21,Cancelled,USD
O001131,C00439,E00064,2025-07-08,Completed,USD
O001132,C00322,E00017,2024-12-16,Completed,USD
O001133,C00053,E00198,2023-06-20,Shipped,USD
O001134,C00039,E00138,2023-05-17,Processing,USD
O001135,C00079,E00286,2023-02-11,Completed,USD
O001136,C00163,E00115,2023-01-21,Completed,USD
O001137,C00038,E00329,2023-01-12,Shipped,USD
O001138,C00196,E00127,2023-09-02,Completed,USD
O001139,C00119,E00280,2024-12-17,Completed,USD
O001140,C00444,E00217,2025-11-16,Shipped,USD
O001141,C00279,E00192,2024-01-21,Completed,USD
O001142,C00013,E00064,2025-10-22,Completed,USD
O001143,C00319,E00064,2023-05-22,Processing,USD
O001144,C00076,E00357,2024-05-25,Processing,USD
O001145,C00158,E00286,2023-01-18,Shipped,USD
O001146,C00025,E00281,2025-04-02,Completed,USD
O001147,C00163,E00192,2025-09-13,Completed,USD
O001148,C00073,E00248,2025-12-01,Completed,USD
O001149,C00389,E00217,2024-07-09,Processing,USD
O001150,C00012,E00064,2024-08-08,Processing,USD
O001151,C00394,E00153,2023-10-01,Shipped,USD
O001152,C00047,E00281,2023-04-01,Completed,USD
O001153,C00294,E00017,2024-10-07,Cancelled,USD
O001154,C00249,E00211,2023-03-12,Shipped,USD
O001155,C00163,E00138,2024-08-18,Completed,USD
O001156,C00070,E00310,2024-03-23,Completed,USD
O001157,C00246,E00336,2023-11-18,Shipped,USD
O001158,C00225,E00184,2023-07-06,Shipped,USD
O001159,C00104,E00310,2023-03-18,Shipped,USD
O001160,C00018,E00357,2023-06-04,Cancelled,USD
O001161,C00349,E00284,2023-11-02,Completed,USD
O001162,C00148,E00064,2024-10-14,Processing,USD
O001163,C00170,E00084,2023-05-18,Completed,USD
O001164,C00222,E00034,2025-05-16,Shipped,USD
O001165,C00106,E00329,2025-08-12,Shipped,USD
O001166,C00392,E00153,2025-06-05,Completed,USD
O001167,C00013,E00348,2023-10-01,Completed,USD
O001168,C00448,E00281,2025-02-24,Completed,USD
O001169,C00419,E00280,2025-09-08,Shipped,USD
O001170,C00350,E00127,2024-02-13,Completed,USD
O001171,C00015,E00153,2023-09-19,Completed,USD
O001172,C00002,E00084,2023-04-27,Shipped,USD
O001173,C00150,E00017,2023-01-29,Completed,USD
O001174,C00083,E00336,2025-09-22,Shipped,USD
O001175,C00409,E00310,2023-06-27,Completed,USD
O001176,C00163,E00160,2024-01-25,Shipped,USD
O001177,C00407,E00211,2023-05-04,Completed,USD
O001178,C00423,E00017,2023-07-02,Shipped,USD
O001179,C00198,E00081,2024-11-18,Completed,USD
O001180,C00281,E00017,2024-12-18,Shipped,USD
O001181,C00238,E00217,2024-12-17,Completed,USD
O001182,C00420,E00353,2023-05-02,Shipped,USD
O001183,C00290,E00084,2025-11-25,Processing,USD
O001184,C00316,E00348,2025-03-18,Processing,USD
O001185,C00232,E00286,2024-08-13,Shipped,USD
O001186,C00190,E00353,2023-04-21,Completed,USD
O001187,C00213,E00310,2023-07-22,Processing,USD
O001188,C00348,E00336,2023-01-02,Completed,USD
O001189,C00241,E00357,2024-11-23,Completed,USD
O001190,C00187,E00353,2024-09-23,Completed,USD
O001191,C00256,E00217,2024-10-17,Completed,USD
O001192,C00423,E00217,2024-06-11,Completed,USD
O001193,C00019,E00281,2023-04-24,Completed,USD
O001194,C00051,E00211,2025-03-11,Shipped,USD
O001195,C00320,E00336,2024-07-06,Completed,USD
O001196,C00253,E00198,2025-07-13,Processing,USD
O001197,C00182,E00160,2023-05-16,Shipped,USD
O001198,C00063,E00310,2024-10-27,Shipped,USD
O001199,C00254,E00123,2024-12-08,Shipped,USD
O001200,C00427,E00198,2024-01-02,Completed,USD
O001201,C00271,E00281,2025-04-08,Processing,USD
O001202,C00180,E00353,2023-08-11,Shipped,USD
O001203,C00173,E00138,2024-08-21,Shipped,USD
O001204,C00391,E00014,2025-10-06,Completed,USD
O001205,C00176,E00217,2023-02-10,Completed,USD
O001206,C00115,E00153,2025-11-11,Completed,USD
O001207,C00412,E00310,2023-01-18,Shipped,USD
O001208,C00295,E00123,2023-07-08,Completed,USD
O001209,C00229,E00348,2023-01-29,Shipped,USD
O001210,C00277,E00329,2023-08-15,Processing,USD
O001211,C00417,E00192,2025-11-16,Shipped,USD
O001212,C00363,E00017,2025-11-21,Cancelled,USD
O001213,C00410,E00014,2024-01-27,Processing,USD
O001214,C00227,E00211,2024-02-14,Completed,USD
O001215,C00179,E00192,2025-08-07,Completed,USD
O001216,C00002,E00184,2024-10-15,Shipped,USD
O001217,C00116,E00211,2025-07-01,Shipped,USD
O001218,C00247,E00357,2023-12-17,Shipped,USD
O001219,C00141,E00217,2023-02-24,Completed,USD
O001220,C00108,E00115,2023-01-21,Completed,USD
O001221,C00272,E00198,2025-01-21,Completed,USD
O001222,C00078,E00281,2025-01-09,Cancelled,USD
O001223,C00218,E00336,2025-05-10,Completed,USD
O001224,C00314,E00248,2024-03-18,Completed,USD
O001225,C00141,E00184,2025-01-28,Completed,USD
O001226,C00326,E00140,2024-08-21,Completed,USD
O001227,C00443,E00336,2025-03-26,Completed,USD
O001228,C00036,E00184,2024-11-20,Completed,USD
O001229,C00101,E00217,2024-11-02,Shipped,USD
O001230,C00125,E00179,2025-11-17,Completed,USD
O001231,C00438,E00014,2024-03-13,Completed,USD
O001232,C00266,E00198,2024-03-20,Completed,USD
O001233,C00430,E00211,2025-09-17,Processing,USD
O001234,C00352,E00084,2023-08-25,Completed,USD
O001235,C00024,E00153,2023-12-13,Completed,USD
O001236,C00421,E00179,2023-08-27,Processing,USD
O001237,C00194,E00329,2025-11-19,Completed,USD
O001238,C00088,E00211,2024-01-25,Cancelled,USD
O001239,C00162,E00140,2024-01-06,Processing,USD
O001240,C00170,E00140,2023-05-05,Shipped,USD
O001241,C00349,E00064,2025-08-26,Processing,USD
O001242,C00359,E00348,2025-10-08,Completed,USD
O001243,C00225,E00353,2024-01-28,Completed,USD
O001244,C00282,E00353,2023-02-20,Completed,USD
O001245,C00177,E00264,2023-03-14,Completed,USD
O001246,C00174,E00084,2024-10-21,Completed,USD
O001247,C00236,E00281,2024-04-21,Completed,USD
O001248,C00208,E00017,2024-11-03,Shipped,USD
O001249,C00004,E00348,2024-02-26,Completed,USD
O001250,C00041,E00357,2024-12-31,Shipped,USD
O001251,C00027,E00064,2025-08-24,Cancelled,USD
O001252,C00323,E00264,2023-06-19,Completed,USD
O001253,C00042,E00177,2023-08-03,Completed,USD
O001254,C00417,E00140,2024-10-05,Completed,USD
O001255,C00321,E00353,2024-02-24,Completed,USD
O001256,C00192,E00034,2024-01-08,Completed,USD
O001257,C00086,E00115,2023-10-02,Completed,USD
O001258,C00428,E00280,2023-09-15,Completed,USD
O001259,C00396,E00248,2023-08-13,Completed,USD
O001260,C00405,E00014,2024-07-07,Completed,USD
O001261,C00083,E00115,2025-07-05,Completed,USD
O001262,C00275,E00329,2024-07-26,Completed,USD
O001263,C00080,E00329,2024-12-20,Shipped,USD
O001264,C00283,E00329,2023-09-01,Completed,USD
O001265,C00244,E00123,2024-07-03,Shipped,USD
O001266,C00378,E00138,2025-12-15,Completed,USD
O001267,C00287,E00217,2023-07-24,Completed,USD
O001268,C00314,E00184,2025-12-26,Completed,USD
O001269,C00225,E00281,2024-08-05,Shipped,USD
O001270,C00066,E00211,2025-11-07,Shipped,USD
O001271,C00094,E00017,2025-06-18,Completed,USD
O001272,C00346,E00138,2025-12-25,Completed,USD
O001273,C00348,E00211,2023-06-29,Completed,USD
O001274,C00102,E00140,2025-02-14,Completed,USD
O001275,C00088,E00348,2025-09-27,Shipped,USD
O001276,C00090,E00138,2024-05-20,Completed,USD
O001277,C00208,E00115,2024-08-18,Shipped,USD
O001278,C00296,E00217,2023-08-26,Completed,USD
O001279,C00024,E00336,2023-08-05,Completed,USD
O001280,C00448,E00284,2024-09-30,Cancelled,USD
O001281,C00056,E00127,2025-06-30,Completed,USD
O001282,C00125,E00014,2025-07-05,Shipped,USD
O001283,C00126,E00153,2023-12-22,Shipped,USD
O001284,C00058,E00115,2024-07-07,Completed,USD
O001285,C00396,E00017,2025-12-09,Shipped,USD
O001286,C00237,E00184,2024-10-26,Processing,USD
O001287,C00348,E00357,2024-08-08,Processing,USD
O001288,C00443,E00353,2023-08-14,Cancelled,USD
O001289,C00226,E00160,2025-01-31,Processing,USD
O001290,C00385,E00064,2023-04-27,Completed,USD
O001291,C00307,E00160,2024-08-03,Shipped,USD
O001292,C00230,E00192,2023-11-24,Completed,USD
O001293,C00156,E00264,2023-05-16,Processing,USD
O001294,C00024,E00192,2025-06-22,Processing,USD
O001295,C00326,E00217,2024-05-14,Completed,USD
O001296,C00175,E00336,2023-11-17,Completed,USD
O001297,C00010,E00310,2024-04-05,Completed,USD
O001298,C00160,E00211,2025-10-01,Completed,USD
O001299,C00432,E00064,2023-11-15,Completed,USD
O001300,C00086,E00034,2023-08-04,Completed,USD
O001301,C00227,E00329,2025-07-13,Completed,USD
O001302,C00093,E00284,2023-07-02,Shipped,USD
O001303,C00311,E00192,2024-11-24,Completed,USD
O001304,C00087,E00140,2023-08-12,Completed,USD
O001305,C00189,E00084,2025-10-01,Completed,USD
O001306,C00237,E00184,2025-10-06,Completed,USD
O001307,C00099,E00177,2024-08-15,Completed,USD
O001308,C00069,E00184,2024-06-23,Processing,USD
O001309,C00189,E00081,2025-02-03,Completed,USD
O001310,C00404,E00034,2024-11-01,Completed,USD
O001311,C00214,E00017,2023-07-07,Shipped,USD
O001312,C00025,E00310,2025-05-21,Completed,USD
O001313,C00291,E00198,2023-11-30,Completed,USD
O001314,C00288,E00138,2025-04-04,Processing,USD
O001315,C00134,E00329,2023-08-01,Shipped,USD
O001316,C00162,E00217,2023-06-24,Processing,USD
O001317,C00445,E00192,2023-09-16,Completed,USD
O001318,C00051,E00014,2025-01-31,Completed,USD
O001319,C00187,E00184,2024-07-16,Shipped,USD
O001320,C00159,E00017,2023-03-21,Completed,USD
O001321,C00021,E00034,2025-03-20,Completed,USD
O001322,C00017,E00248,2023-07-12,Completed,USD
O001323,C00158,E00017,2025-01-20,Completed,USD
O001324,C00400,E00064,2023-03-02,Shipped,USD
O001325,C00436,E00034,2023-07-10,Processing,USD
O001326,C00291,E00064,2023-01-14,Completed,USD
O001327,C00360,E00177,2024-01-26,Processing,USD
O001328,C00234,E00014,2025-02-08,Shipped,USD
O001329,C00034,E00284,2024-07-17,Shipped,USD
O001330,C00136,E00127,2023-05-14,Completed,USD
O001331,C00143,E00115,2023-08-10,Processing,USD
O001332,C00040,E00014,2023-11-21,Shipped,USD
O001333,C00068,E00127,2025-05-09,Completed,USD
O001334,C00162,E00177,2024-12-01,Completed,USD
O001335,C00317,E00280,2024-10-13,Completed,USD
O001336,C00357,E00184,2025-08-16,Shipped,USD
O001337,C00127,E00084,2025-01-27,Completed,USD
O001338,C00341,E00138,2023-11-07,Completed,USD
O001339,C00069,E00284,2023-12-02,Processing,USD
O001340,C00195,E00281,2023-01-22,Completed,USD
O001341,C00088,E00329,2025-04-08,Completed,USD
O001342,C00085,E00123,2025-03-20,Shipped,USD
O001343,C00219,E00115,2025-05-31,Completed,USD
O001344,C00001,E00034,2025-07-24,Completed,USD
O001345,C00013,E00281,2025-05-19,Shipped,USD
O001346,C00261,E00336,2023-04-01,Completed,USD
O001347,C00403,E00160,2024-01-07,Completed,USD
O001348,C00364,E00153,2023-08-16,Cancelled,USD
O001349,C00151,E00336,2023-12-01,Processing,USD
O001350,C00278,E00192,2024-09-26,Processing,USD
O001351,C00031,E00081,2024-07-24,Completed,USD
O001352,C00427,E00357,2023-07-13,Completed,USD
O001353,C00450,E00034,2024-12-07,Completed,USD
O001354,C00067,E00248,2025-05-26,Shipped,USD
O001355,C00318,E00248,2023-06-20,Processing,USD
O001356,C00425,E00348,2023-04-08,Completed,USD
O001357,C00341,E00281,2023-07-04,Completed,USD
O001358,C00127,E00280,2024-12-20,Completed,USD
O001359,C00224,E00127,2023-06-14,Completed,USD
O001360,C00254,E00034,2025-12-25,Shipped,USD
O001361,C00335,E00034,2024-08-01,Completed,USD
O001362,C00435,E00064,2023-01-23,Cancelled,USD
O001363,C00365,E00064,2025-07-04,Shipped,USD
O001364,C00044,E00140,2024-02-20,Shipped,USD
O001365,C00258,E00160,2025-02-26,Shipped,USD
O001366,C00033,E00153,2025-07-12,Shipped,USD
O001367,C00105,E00310,2024-09-25,Processing,USD
O001368,C00003,E00064,2025-06-12,Shipped,USD
O001369,C00332,E00264,2023-08-09,Completed,USD
O001370,C00253,E00177,2024-03-19,Completed,USD
O001371,C00258,E00064,2023-12-29,Shipped,USD
O001372,C00312,E00336,2025-06-15,Processing,USD
O001373,C00075,E00084,2024-07-02,Completed,USD
O001374,C00341,E00281,2024-06-26,Completed,USD
O001375,C00215,E00160,2023-10-11,Completed,USD
O001376,C00228,E00310,2023-09-19,Shipped,USD
O001377,C00194,E00284,2025-05-30,Completed,USD
O001378,C00160,E00084,2025-12-06,Shipped,USD
O001379,C00437,E00217,2024-08-05,Shipped,USD
O001380,C00120,E00127,2023-04-09,Processing,USD
O001381,C00063,E00179,2025-05-07,Completed,USD
O001382,C00185,E00211,2024-03-12,Shipped,USD
O001383,C00438,E00211,2025-09-07,Completed,USD
O001384,C00322,E00123,2024-11-26,Completed,USD
O001385,C00388,E00353,2024-07-04,Completed,USD
O001386,C00386,E00081,2025-04-13,Completed,USD
O001387,C00275,E00115,2023-03-24,Shipped,USD
O001388,C00298,E00153,2025-06-21,Processing,USD
O001389,C00448,E00184,2025-11-26,Completed,USD
O001390,C00138,E00217,2024-04-08,Completed,USD
O001391,C00212,E00357,2024-02-22,Processing,USD
O001392,C00089,E00123,2024-03-19,Completed,USD
O001393,C00029,E00138,2025-01-29,Shipped,USD
O001394,C00120,E00217,2024-02-03,Completed,USD
O001395,C00336,E00014,2023-04-04,Completed,USD
O001396,C00271,E00123,2025-06-03,Completed,USD
O001397,C00284,E00153,2024-06-04,Shipped,USD
O001398,C00087,E00336,2023-11-09,Completed,USD
O001399,C00123,E00014,2024-06-04,Completed,USD
O001400,C00044,E00140,2024-04-25,Completed,USD
O001401,C00279,E00348,2023-08-07,Completed,USD
O001402,C00258,E00348,2023-10-10,Completed,USD
O001403,C00024,E00138,2024-11-01,Shipped,USD
O001404,C00360,E00160,2025-12-03,Processing,USD
O001405,C00169,E00014,2023-01-17,Processing,USD
O001406,C00318,E00353,2024-01-27,Completed,USD
O001407,C00435,E00286,2025-12-12,Processing,USD
O001408,C00352,E00280,2023-07-25,Completed,USD
O001409,C00072,E00160,2024-08-10,Completed,USD
O001410,C00014,E00280,2024-08-30,Completed,USD
O001411,C00305,E00014,2025-09-28,Completed,USD
O001412,C00181,E00014,2023-07-26,Completed,USD
O001413,C00064,E00357,2023-11-08,Completed,USD
O001414,C00289,E00034,2025-04-09,Processing,USD
O001415,C00306,E00138,2023-08-10,Completed,USD
O001416,C00355,E00115,2024-05-03,Completed,USD
O001417,C00444,E00127,2023-03-09,Shipped,USD
O001418,C00237,E00353,2025-11-04,Cancelled,USD
O001419,C00367,E00064,2024-10-27,Completed,USD
O001420,C00246,E00127,2024-10-28,Completed,USD
O001421,C00437,E00034,2025-11-13,Completed,USD
O001422,C00360,E00286,2024-04-19,Completed,USD
O001423,C00127,E00084,2023-12-02,Completed,USD
O001424,C00184,E00357,2024-11-05,Completed,USD
O001425,C00058,E00064,2024-11-02,Cancelled,USD
O001426,C00040,E00084,2023-08-02,Completed,USD
O001427,C00436,E00179,2024-11-18,Shipped,USD
O001428,C00060,E00115,2025-07-11,Completed,USD
O001429,C00166,E00123,2024-07-25,Processing,USD
O001430,C00386,E00310,2024-05-14,Completed,USD
O001431,C00282,E00211,2024-08-09,Processing,USD
O001432,C00414,E00179,2025-07-30,Processing,USD
O001433,C00292,E00179,2023-09-16,Completed,USD
O001434,C00199,E00310,2025-07-25,Completed,USD
O001435,C00244,E00034,2024-09-07,Completed,USD
O001436,C00160,E00184,2024-06-13,Processing,USD
O001437,C00333,E00310,2023-08-26,Completed,USD
O001438,C00160,E00017,2023-11-06,Completed,USD
O001439,C00410,E00153,2023-10-20,Completed,USD
O001440,C00176,E00084,2023-09-09,Completed,USD
O001441,C00027,E00084,2024-09-09,Completed,USD
O001442,C00016,E00034,2025-09-22,Completed,USD
O001443,C00103,E00281,2023-05-06,Cancelled,USD
O001444,C00226,E00353,2025-07-09,Completed,USD
O001445,C00322,E00140,2024-03-07,Completed,USD
O001446,C00065,E00192,2024-07-07,Completed,USD
O001447,C00396,E00211,2023-03-08,Completed,USD
O001448,C00059,E00211,2024-10-28,Shipped,USD
O001449,C00216,E00286,2025-05-09,Completed,USD
O001450,C00375,E00329,2025-05-08,Processing,USD
O001451,C00164,E00034,2025-09-06,Shipped,USD
O001452,C00277,E00192,2025-01-10,Completed,USD
O001453,C00210,E00329,2025-08-25,Shipped,USD
O001454,C00176,E00017,2023-04-23,Completed,USD
O001455,C00223,E00184,2025-06-29,Shipped,USD
O001456,C00215,E00127,2024-08-18,Completed,USD
O001457,C00290,E00034,2025-04-02,Completed,USD
O001458,C00215,E00280,2023-03-29,Completed,USD
O001459,C00409,E00177,2024-08-21,Processing,USD
O001460,C00093,E00138,2024-02-21,Shipped,USD
O001461,C00251,E00336,2023-11-27,Completed,USD
O001462,C00402,E00081,2024-12-11,Shipped,USD
O001463,C00002,E00014,2025-08-26,Completed,USD
O001464,C00406,E00153,2025-07-22,Shipped,USD
O001465,C00399,E00286,2024-08-23,Processing,USD
O001466,C00074,E00081,2024-09-12,Completed,USD
O001467,C00244,E00286,2023-02-23,Shipped,USD
O001468,C00380,E00280,2024-01-01,Processing,USD
O001469,C00186,E00123,2023-01-01,Completed,USD
O001470,C00165,E00248,2023-02-12,Completed,USD
O001471,C00358,E00211,2023-10-30,Processing,USD
O001472,C00075,E00198,2025-09-16,Completed,USD
O001473,C00421,E00284,2024-01-12,Shipped,USD
O001474,C00439,E00280,2024-06-18,Completed,USD
O001475,C00300,E00179,2025-06-03,Completed,USD
O001476,C00308,E00284,2023-02-26,Processing,USD
O001477,C00129,E00160,2025-08-29,Completed,USD
O001478,C00283,E00217,2025-07-09,Completed,USD
O001479,C00106,E00115,2024-09-30,Shipped,USD
O001480,C00250,E00264,2025-06-05,Completed,USD
O001481,C00058,E00280,2025-10-07,Completed,USD
O001482,C00231,E00017,2023-02-05,Completed,USD
O001483,C00112,E00357,2023-09-05,Completed,USD
O001484,C00430,E00140,2025-09-25,Cancelled,USD
O001485,C00150,E00264,2023-07-09,Processing,USD
O001486,C00025,E00211,2023-11-09,Completed,USD
O001487,C00299,E00284,2023-10-21,Completed,USD
O001488,C00031,E00281,2024-01-06,Completed,USD
O001489,C00374,E00123,2023-03-08,Completed,USD
O001490,C00336,E00017,2024-12-10,Processing,USD
O001491,C00434,E00017,2023-01-22,Completed,USD
O001492,C00233,E00017,2024-10-15,Shipped,USD
O001493,C00312,E00179,2025-10-16,Shipped,USD
O001494,C00039,E00177,2025-01-08,Processing,USD
O001495,C00191,E00064,2023-06-10,Completed,USD
O001496,C00106,E00184,2023-10-03,Shipped,USD
O001497,C00173,E00357,2023-04-18,Cancelled,USD
O001498,C00200,E00286,2025-08-26,Shipped,USD
O001499,C00289,E00286,2023-01-29,Processing,USD
O001500,C00397,E00211,2025-01-25,Completed,USD
O001501,C00408,E00198,2024-10-25,Completed,USD
O001502,C00436,E00034,2024-08-14,Processing,USD
O001503,C00124,E00310,2023-10-14,Completed,USD
O001504,C00397,E00310,2024-02-27,Completed,USD
O001505,C00417,E00264,2024-03-03,Completed,USD
O001506,C00165,E00014,2025-10-18,Cancelled,USD
O001507,C00426,E00084,2024-02-14,Completed,USD
O001508,C00397,E00184,2023-10-28,Completed,USD
O001509,C00433,E00286,2024-10-20,Shipped,USD
O001510,C00246,E00280,2023-02-11,Shipped,USD
O001511,C00314,E00336,2025-07-22,Completed,USD
O001512,C00010,E00160,2023-09-15,Completed,USD
O001513,C00230,E00138,2025-08-30,Processing,USD
O001514,C00443,E00336,2023-08-27,Cancelled,USD
O001515,C00098,E00286,2025-09-01,Processing,USD
O001516,C00365,E00153,2023-12-30,Cancelled,USD
O001517,C00330,E00329,2023-06-25,Completed,USD
O001518,C00420,E00353,2023-01-26,Shipped,USD
O001519,C00341,E00357,2025-05-30,Completed,USD
O001520,C00324,E00153,2025-01-04,Completed,USD
O001521,C00435,E00281,2023-05-16,Completed,USD
O001522,C00307,E00177,2023-10-20,Shipped,USD
O001523,C00117,E00336,2024-04-11,Completed,USD
O001524,C00082,E00329,2023-07-25,Shipped,USD
O001525,C00206,E00184,2023-09-05,Cancelled,USD
O001526,C00108,E00211,2023-05-19,Completed,USD
O001527,C00420,E00310,2025-01-16,Completed,USD
O001528,C00256,E00184,2024-05-12,Shipped,USD
O001529,C00393,E00123,2025-06-02,Shipped,USD
O001530,C00021,E00123,2023-09-02,Completed,USD
O001531,C00253,E00217,2023-07-31,Completed,USD
O001532,C00067,E00198,2024-07-05,Shipped,USD
O001533,C00395,E00017,2024-04-24,Completed,USD
O001534,C00283,E00123,2025-04-04,Shipped,USD
O001535,C00079,E00281,2023-12-09,Shipped,USD
O001536,C00172,E00286,2023-02-09,Completed,USD
O001537,C00204,E00217,2023-04-29,Processing,USD
O001538,C00072,E00353,2025-11-19,Shipped,USD
O001539,C00190,E00123,2025-10-14,Completed,USD
O001540,C00042,E00115,2023-06-24,Processing,USD
O001541,C00262,E00280,2025-08-11,Completed,USD
O001542,C00028,E00014,2023-10-19,Shipped,USD
O001543,C00191,E00192,2023-09-23,Shipped,USD
O001544,C00076,E00280,2025-06-25,Completed,USD
O001545,C00026,E00211,2024-07-29,Shipped,USD
O001546,C00361,E00064,2024-02-07,Shipped,USD
O001547,C00247,E00179,2025-03-05,Completed,USD
O001548,C00103,E00329,2024-09-29,Shipped,USD
O001549,C00028,E00081,2023-04-27,Completed,USD
O001550,C00024,E00336,2023-02-14,Completed,USD
O001551,C00263,E00348,2025-12-25,Processing,USD
O001552,C00218,E00064,2023-12-10,Completed,USD
O001553,C00166,E00177,2024-07-08,Completed,USD
O001554,C00171,E00017,2023-06-19,Completed,USD
O001555,C00250,E00336,2023-01-29,Shipped,USD
O001556,C00052,E00357,2025-01-08,Cancelled,USD
O001557,C00184,E00281,2023-07-15,Completed,USD
O001558,C00222,E00310,2025-04-12,Processing,USD
O001559,C00344,E00357,2023-01-05,Completed,USD
O001560,C00338,E00177,2025-06-15,Completed,USD
O001561,C00123,E00336,2023-07-28,Completed,USD
O001562,C00211,E00284,2023-12-31,Processing,USD
O001563,C00188,E00336,2023-01-17,Cancelled,USD
O001564,C00127,E00014,2024-12-21,Completed,USD
O001565,C00259,E00138,2023-08-13,Completed,USD
O001566,C00247,E00014,2025-02-17,Completed,USD
O001567,C00263,E00017,2023-09-14,Processing,USD
O001568,C00041,E00280,2025-01-14,Completed,USD
O001569,C00422,E00153,2025-03-11,Shipped,USD
O001570,C00363,E00127,2023-05-21,Shipped,USD
O001571,C00407,E00017,2025-08-23,Shipped,USD
O001572,C00390,E00281,2023-01-04,Completed,USD
O001573,C00052,E00329,2025-02-27,Completed,USD
O001574,C00248,E00115,2023-05-14,Completed,USD
O001575,C00009,E00064,2023-04-08,Completed,USD
O001576,C00426,E00198,2025-01-06,Shipped,USD
O001577,C00227,E00286,2024-03-09,Shipped,USD
O001578,C00242,E00160,2024-11-08,Shipped,USD
O001579,C00139,E00160,2023-01-13,Completed,USD
O001580,C00260,E00184,2023-08-21,Completed,USD
O001581,C00196,E00014,2024-04-22,Shipped,USD
O001582,C00253,E00034,2025-07-07,Completed,USD
O001583,C00019,E00217,2025-05-08,Completed,USD
O001584,C00113,E00281,2025-04-14,Completed,USD
O001585,C00298,E00177,2024-06-08,Cancelled,USD
O001586,C00376,E00034,2025-11-17,Completed,USD
O001587,C00409,E00353,2025-03-28,Shipped,USD
O001588,C00407,E00248,2024-07-27,Shipped,USD
O001589,C00188,E00281,2023-02-22,Completed,USD
O001590,C00085,E00177,2023-02-24,Completed,USD
O001591,C00120,E00177,2025-08-05,Completed,USD
O001592,C00420,E00353,2024-04-13,Shipped,USD
O001593,C00234,E00348,2024-04-26,Cancelled,USD
O001594,C00378,E00014,2024-09-17,Shipped,USD
O001595,C00267,E00329,2025-05-25,Processing,USD
O001596,C00284,E00160,2024-06-02,Completed,USD
O001597,C00017,E00281,2024-03-19,Completed,USD
O001598,C00400,E00127,2023-05-22,Processing,USD
O001599,C00216,E00198,2023-04-28,Completed,USD
O001600,C00348,E00284,2023-11-27,Shipped,USD
O001601,C00133,E00014,2025-07-23,Cancelled,USD
O001602,C00189,E00310,2025-06-20,Processing,USD
O001603,C00157,E00064,2023-12-11,Shipped,USD
O001604,C00352,E00192,2024-06-17,Completed,USD
O001605,C00286,E00177,2025-01-23,Completed,USD
O001606,C00122,E00115,2025-11-04,Processing,USD
O001607,C00220,E00123,2023-05-31,Shipped,USD
O001608,C00364,E00084,2023-11-10,Completed,USD
O001609,C00407,E00123,2024-03-06,Shipped,USD
O001610,C00393,E00081,2024-09-08,Processing,USD
O001611,C00433,E00084,2024-01-28,Completed,USD
O001612,C00065,E00310,2024-09-24,Completed,USD
O001613,C00381,E00353,2024-01-07,Completed,USD
O001614,C00077,E00286,2025-11-20,Completed,USD
O001615,C00411,E00336,2023-05-27,Processing,USD
O001616,C00361,E00081,2023-04-02,Completed,USD
O001617,C00110,E00014,2024-10-18,Completed,USD
O001618,C00100,E00123,2023-12-31,Completed,USD
O001619,C00261,E00248,2024-07-04,Shipped,USD
O001620,C00010,E00329,2024-06-09,Completed,USD
O001621,C00033,E00357,2025-05-26,Completed,USD
O001622,C00408,E00084,2023-10-06,Completed,USD
O001623,C00067,E00160,2024-01-26,Shipped,USD
O001624,C00158,E00329,2025-11-24,Completed,USD
O001625,C00257,E00084,2024-04-29,Completed,USD
O001626,C00017,E00248,2023-10-07,Completed,USD
O001627,C00090,E00140,2024-11-29,Completed,USD
O001628,C00150,E00310,2025-05-20,Completed,USD
O001629,C00170,E00286,2023-05-04,Completed,USD
O001630,C00445,E00286,2024-09-30,Shipped,USD
O001631,C00364,E00348,2025-05-17,Shipped,USD
O001632,C00243,E00153,2025-10-10,Completed,USD
O001633,C00259,E00127,2024-05-08,Completed,USD
O001634,C00399,E00310,2025-08-21,Completed,USD
O001635,C00077,E00138,2023-10-07,Completed,USD
O001636,C00377,E00264,2025-12-17,Completed,USD
O001637,C00443,E00127,2025-08-09,Completed,USD
O001638,C00150,E00198,2025-06-16,Shipped,USD
O001639,C00293,E00153,2023-08-10,Completed,USD
O001640,C00043,E00127,2024-04-12,Completed,USD
O001641,C00300,E00211,2024-12-19,Completed,USD
O001642,C00109,E00017,2024-10-15,Completed,USD
O001643,C00108,E00280,2024-07-10,Completed,USD
O001644,C00115,E00081,2024-06-27,Shipped,USD
O001645,C00377,E00115,2025-07-28,Completed,USD
O001646,C00162,E00348,2023-08-07,Completed,USD
O001647,C00063,E00017,2024-07-06,Processing,USD
O001648,C00022,E00281,2024-12-21,Completed,USD
O001649,C00027,E00177,2023-12-02,Shipped,USD
O001650,C00428,E00014,2025-08-14,Completed,USD
O001651,C00414,E00014,2023-07-17,Shipped,USD
O001652,C00225,E00353,2025-01-24,Processing,USD
O001653,C00085,E00064,2024-11-28,Cancelled,USD
O001654,C00234,E00286,2025-12-27,Cancelled,USD
O001655,C00044,E00264,2023-11-09,Completed,USD
O001656,C00161,E00336,2025-04-30,Completed,USD
O001657,C00400,E00160,2024-12-04,Cancelled,USD
O001658,C00120,E00192,2025-02-18,Completed,USD
O001659,C00030,E00310,2023-07-08,Shipped,USD
O001660,C00124,E00140,2024-01-20,Completed,USD
O001661,C00379,E00211,2024-11-30,Processing,USD
O001662,C00386,E00211,2024-06-06,Shipped,USD
O001663,C00136,E00127,2023-12-22,Processing,USD
O001664,C00447,E00084,2024-11-09,Cancelled,USD
O001665,C00022,E00211,2023-05-19,Cancelled,USD
O001666,C00196,E00310,2024-05-02,Shipped,USD
O001667,C00226,E00160,2024-09-28,Completed,USD
O001668,C00127,E00217,2025-01-21,Completed,USD
O001669,C00423,E00177,2025-09-29,Shipped,USD
O001670,C00135,E00140,2023-12-29,Shipped,USD
O001671,C00165,E00017,2023-07-09,Completed,USD
O001672,C00241,E00084,2025-01-02,Cancelled,USD
O001673,C00116,E00184,2024-06-28,Completed,USD
O001674,C00386,E00127,2025-11-24,Completed,USD
O001675,C00267,E00064,2025-03-12,Completed,USD
O001676,C00180,E00115,2025-05-29,Completed,USD
O001677,C00406,E00336,2025-03-20,Completed,USD
O001678,C00074,E00329,2025-02-26,Shipped,USD
O001679,C00308,E00034,2025-04-14,Shipped,USD
O001680,C00331,E00286,2024-12-25,Completed,USD
O001681,C00049,E00217,2025-08-22,Completed,USD
O001682,C00356,E00264,2024-08-08,Shipped,USD
O001683,C00006,E00140,2024-09-29,Completed,USD
O001684,C00259,E00140,2024-10-21,Processing,USD
O001685,C00059,E00280,2023-08-13,Completed,USD
O001686,C00252,E00179,2025-04-04,Completed,USD
O001687,C00081,E00192,2025-07-22,Completed,USD
O001688,C00417,E00280,2023-12-03,Completed,USD
O001689,C00050,E00329,2023-12-20,Completed,USD
O001690,C00355,E00281,2025-05-02,Completed,USD
O001691,C00226,E00284,2023-04-26,Completed,USD
O001692,C00166,E00064,2025-01-10,Cancelled,USD
O001693,C00004,E00017,2025-07-04,Completed,USD
O001694,C00334,E00064,2024-01-21,Completed,USD
O001695,C00231,E00329,2025-09-16,Shipped,USD
O001696,C00129,E00280,2025-05-01,Completed,USD
O001697,C00146,E00310,2024-09-09,Shipped,USD
O001698,C00028,E00357,2023-04-05,Cancelled,USD
O001699,C00342,E00248,2024-10-14,Completed,USD
O001700,C00253,E00281,2025-11-30,Processing,USD
O001701,C00193,E00348,2023-12-18,Cancelled,USD
O001702,C00021,E00081,2025-07-11,Completed,USD
O001703,C00140,E00017,2024-10-08,Completed,USD
O001704,C00391,E00217,2024-04-03,Completed,USD
O001705,C00222,E00138,2025-03-28,Completed,USD
O001706,C00359,E00198,2024-07-06,Completed,USD
O001707,C00333,E00336,2025-03-19,Completed,USD
O001708,C00085,E00034,2024-03-10,Completed,USD
O001709,C00153,E00192,2025-03-11,Completed,USD
O001710,C00176,E00286,2024-04-05,Completed,USD
O001711,C00405,E00184,2025-01-04,Shipped,USD
O001712,C00060,E00192,2025-06-20,Completed,USD
O001713,C00224,E00329,2023-01-06,Completed,USD
O001714,C00009,E00357,2025-01-28,Completed,USD
O001715,C00378,E00123,2024-02-09,Completed,USD
O001716,C00057,E00336,2025-04-12,Completed,USD
O001717,C00279,E00198,2025-09-27,Completed,USD
O001718,C00387,E00064,2025-08-09,Shipped,USD
O001719,C00275,E00357,2025-08-20,Completed,USD
O001720,C00318,E00179,2024-09-23,Shipped,USD
O001721,C00354,E00280,2024-09-20,Shipped,USD
O001722,C00093,E00353,2025-03-30,Processing,USD
O001723,C00305,E00280,2023-11-25,Shipped,USD
O001724,C00390,E00348,2025-10-17,Completed,USD
O001725,C00202,E00198,2025-12-07,Completed,USD
O001726,C00390,E00084,2025-10-19,Completed,USD
O001727,C00165,E00115,2023-10-19,Completed,USD
O001728,C00278,E00280,2023-05-18,Cancelled,USD
O001729,C00189,E00280,2024-10-14,Processing,USD
O001730,C00132,E00115,2024-05-04,Cancelled,USD
O001731,C00161,E00081,2024-03-25,Completed,USD
O001732,C00079,E00336,2025-06-27,Completed,USD
O001733,C00303,E00348,2023-11-06,Completed,USD
O001734,C00378,E00153,2024-06-30,Completed,USD
O001735,C00056,E00184,2023-06-19,Completed,USD
O001736,C00150,E00348,2023-10-05,Processing,USD
O001737,C00308,E00084,2023-02-02,Shipped,USD
O001738,C00356,E00123,2023-09-23,Completed,USD
O001739,C00333,E00198,2023-11-07,Processing,USD
O001740,C00277,E00336,2024-11-06,Completed,USD
O001741,C00029,E00192,2025-03-03,Processing,USD
O001742,C00160,E00017,2025-07-10,Completed,USD
O001743,C00362,E00153,2023-06-09,Completed,USD
O001744,C00337,E00198,2024-08-11,Completed,USD
O001745,C00090,E00192,2024-08-26,Completed,USD
O001746,C00362,E00336,2023-05-21,Completed,USD
O001747,C00212,E00353,2025-04-07,Completed,USD
O001748,C00160,E00248,2024-03-03,Shipped,USD
O001749,C00435,E00123,2023-03-30,Shipped,USD
O001750,C00330,E00140,2025-10-13,Completed,USD
O001751,C00130,E00184,2023-01-26,Processing,USD
O001752,C00056,E00179,2025-06-06,Shipped,USD
O001753,C00230,E00115,2023-10-12,Shipped,USD
O001754,C00278,E00353,2025-03-11,Processing,USD
O001755,C00369,E00329,2024-01-06,Completed,USD
O001756,C00385,E00336,2025-12-25,Completed,USD
O001757,C00405,E00211,2025-02-12,Completed,USD
O001758,C00118,E00248,2024-07-15,Shipped,USD
O001759,C00088,E00198,2024-03-19,Completed,USD
O001760,C00292,E00248,2025-09-24,Completed,USD
O001761,C00001,E00286,2025-06-05,Shipped,USD
O001762,C00429,E00336,2025-08-22,Completed,USD
O001763,C00358,E00248,2024-04-11,Processing,USD
O001764,C00401,E00198,2024-05-18,Completed,USD
O001765,C00310,E00211,2023-09-15,Processing,USD
O001766,C00362,E00284,2024-12-11,Completed,USD
O001767,C00365,E00123,2025-11-25,Processing,USD
O001768,C00278,E00284,2025-07-01,Completed,USD
O001769,C00301,E00198,2024-12-16,Completed,USD
O001770,C00303,E00064,2023-07-11,Processing,USD
O001771,C00140,E00084,2025-08-25,Completed,USD
O001772,C00425,E00310,2025-01-11,Completed,USD
O001773,C00093,E00153,2023-06-30,Completed,USD
O001774,C00343,E00286,2024-11-16,Completed,USD
O001775,C00332,E00280,2023-07-16,Completed,USD
O001776,C00429,E00081,2025-05-01,Shipped,USD
O001777,C00171,E00184,2023-08-31,Processing,USD
O001778,C00075,E00064,2025-07-12,Completed,USD
O001779,C00164,E00084,2023-09-16,Completed,USD
O001780,C00017,E00140,2025-04-10,Processing,USD
O001781,C00173,E00286,2025-10-01,Cancelled,USD
O001782,C00209,E00014,2023-02-28,Completed,USD
O001783,C00112,E00123,2023-09-28,Shipped,USD
O001784,C00334,E00160,2025-01-03,Completed,USD
O001785,C00100,E00127,2025-10-05,Completed,USD
O001786,C00311,E00084,2023-11-28,Shipped,USD
O001787,C00358,E00064,2023-10-03,Processing,USD
O001788,C00109,E00264,2024-02-05,Processing,USD
O001789,C00371,E00064,2024-03-16,Completed,USD
O001790,C00079,E00160,2025-06-10,Completed,USD
O001791,C00415,E00198,2025-06-28,Completed,USD
O001792,C00217,E00286,2024-05-07,Shipped,USD
O001793,C00090,E00014,2024-08-20,Completed,USD
O001794,C00035,E00177,2023-02-02,Processing,USD
O001795,C00351,E00211,2024-05-27,Completed,USD
O001796,C00229,E00310,2023-07-01,Completed,USD
O001797,C00365,E00014,2024-05-26,Processing,USD
O001798,C00320,E00115,2023-05-23,Completed,USD
O001799,C00212,E00336,2024-09-20,Shipped,USD
O001800,C00028,E00034,2025-04-03,Completed,USD
O001801,C00185,E00138,2025-01-23,Processing,USD
O001802,C00447,E00084,2025-05-24,Completed,USD
O001803,C00039,E00179,2025-03-23,Processing,USD
O001804,C00078,E00177,2023-01-28,Cancelled,USD
O001805,C00391,E00284,2024-03-05,Completed,USD
O001806,C00186,E00179,2024-06-09,Processing,USD
O001807,C00416,E00064,2023-06-15,Completed,USD
O001808,C00054,E00286,2024-02-20,Completed,USD
O001809,C00411,E00357,2025-01-01,Completed,USD
O001810,C00329,E00064,2024-11-19,Completed,USD
O001811,C00348,E00280,2025-01-20,Completed,USD
O001812,C00444,E00177,2023-03-25,Completed,USD
O001813,C00450,E00353,2023-05-26,Cancelled,USD
O001814,C00141,E00264,2023-02-10,Completed,USD
O001815,C00354,E00336,2025-12-05,Completed,USD
O001816,C00443,E00017,2024-02-10,Completed,USD
O001817,C00163,E00064,2025-04-03,Shipped,USD
O001818,C00294,E00348,2023-12-31,Processing,USD
O001819,C00416,E00211,2023-01-26,Completed,USD
O001820,C00385,E00217,2024-03-24,Completed,USD
O001821,C00019,E00336,2024-03-24,Completed,USD
O001822,C00316,E00160,2023-10-19,Completed,USD
O001823,C00388,E00217,2023-10-11,Completed,USD
O001824,C00076,E00177,2025-04-09,Shipped,USD
O001825,C00070,E00281,2023-09-05,Completed,USD
O001826,C00219,E00160,2023-07-13,Completed,USD
O001827,C00193,E00179,2024-11-22,Completed,USD
O001828,C00390,E00140,2024-12-07,Completed,USD
O001829,C00210,E00310,2023-11-25,Completed,USD
O001830,C00424,E00353,2024-07-19,Completed,USD
O001831,C00076,E00017,2024-02-06,Completed,USD
O001832,C00204,E00280,2024-12-11,Processing,USD
O001833,C00244,E00264,2023-10-05,Completed,USD
O001834,C00113,E00198,2025-03-26,Completed,USD
O001835,C00089,E00310,2024-02-08,Completed,USD
O001836,C00266,E00064,2025-11-17,Shipped,USD
O001837,C00223,E00264,2025-12-31,Completed,USD
O001838,C00424,E00192,2023-06-06,Shipped,USD
O001839,C00390,E00310,2025-01-23,Completed,USD
O001840,C00125,E00081,2025-06-10,Completed,USD
O001841,C00412,E00284,2024-06-25,Processing,USD
O001842,C00437,E00127,2024-09-14,Completed,USD
O001843,C00134,E00348,2025-09-14,Completed,USD
O001844,C00450,E00123,2024-10-05,Completed,USD
O001845,C00323,E00160,2023-08-01,Completed,USD
O001846,C00162,E00329,2025-09-06,Completed,USD
O001847,C00202,E00177,2025-04-30,Completed,USD
O001848,C00185,E00184,2025-05-08,Shipped,USD
O001849,C00305,E00348,2023-06-01,Completed,USD
O001850,C00373,E00140,2023-07-30,Processing,USD
O001851,C00235,E00348,2023-10-17,Completed,USD
O001852,C00057,E00127,2024-12-21,Cancelled,USD
O001853,C00237,E00153,2025-10-20,Processing,USD
O001854,C00045,E00284,2024-03-29,Shipped,USD
O001855,C00195,E00140,2023-12-21,Shipped,USD
O001856,C00080,E00034,2025-04-20,Completed,USD
O001857,C00072,E00211,2025-06-19,Completed,USD
O001858,C00253,E00280,2023-03-13,Shipped,USD
O001859,C00262,E00160,2023-08-02,Completed,USD
O001860,C00281,E00081,2023-09-27,Completed,USD
O001861,C00150,E00017,2024-03-24,Processing,USD
O001862,C00086,E00160,2024-08-02,Shipped,USD
O001863,C00136,E00160,2024-03-31,Completed,USD
O001864,C00212,E00264,2025-11-03,Completed,USD
O001865,C00153,E00184,2023-03-26,Shipped,USD
O001866,C00007,E00084,2024-01-22,Completed,USD
O001867,C00289,E00281,2025-01-12,Shipped,USD
O001868,C00339,E00192,2024-02-01,Processing,USD
O001869,C00082,E00127,2023-08-29,Shipped,USD
O001870,C00190,E00281,2024-10-15,Completed,USD
O001871,C00025,E00280,2025-09-11,Completed,USD
O001872,C00445,E00336,2025-01-12,Completed,USD
O001873,C00170,E00198,2023-02-26,Processing,USD
O001874,C00405,E00064,2023-05-25,Completed,USD
O001875,C00376,E00198,2023-05-08,Completed,USD
O001876,C00376,E00160,2023-03-20,Shipped,USD
O001877,C00030,E00192,2025-05-14,Shipped,USD
O001878,C00157,E00329,2025-10-09,Completed,USD
O001879,C00182,E00281,2023-09-19,Shipped,USD
O001880,C00031,E00211,2023-07-22,Completed,USD
O001881,C00318,E00115,2025-11-05,Completed,USD
O001882,C00210,E00034,2024-07-19,Cancelled,USD
O001883,C00310,E00217,2024-12-01,Completed,USD
O001884,C00280,E00280,2023-04-12,Shipped,USD
O001885,C00253,E00357,2025-03-22,Completed,USD
O001886,C00013,E00198,2024-04-10,Completed,USD
O001887,C00353,E00336,2024-04-06,Shipped,USD
O001888,C00269,E00329,2025-01-12,Processing,USD
O001889,C00020,E00160,2024-09-21,Completed,USD
O001890,C00350,E00192,2024-11-13,Shipped,USD
O001891,C00177,E00160,2025-06-10,Completed,USD
O001892,C00226,E00123,2024-01-17,Completed,USD
O001893,C00137,E00160,2024-03-23,Shipped,USD
O001894,C00016,E00127,2025-02-14,Completed,USD
O001895,C00220,E00198,2025-02-12,Completed,USD
O001896,C00128,E00138,2025-02-22,Completed,USD
O001897,C00252,E00184,2025-03-20,Processing,USD
O001898,C00302,E00034,2024-12-05,Completed,USD
O001899,C00289,E00281,2023-01-29,Shipped,USD
O001900,C00247,E00184,2023-01-02,Shipped,USD
O001901,C00378,E00217,2024-01-22,Completed,USD
O001902,C00382,E00179,2024-01-17,Shipped,USD
O001903,C00175,E00348,2025-10-28,Cancelled,USD
O001904,C00060,E00264,2023-03-25,Shipped,USD
O001905,C00326,E00017,2023-06-19,Completed,USD
O001906,C00407,E00084,2025-02-13,Processing,USD
O001907,C00002,E00357,2023-02-18,Completed,USD
O001908,C00350,E00127,2025-10-10,Shipped,USD
O001909,C00229,E00248,2025-05-16,Completed,USD
O001910,C00060,E00336,2023-10-31,Completed,USD
O001911,C00244,E00198,2023-06-12,Shipped,USD
O001912,C00418,E00160,2024-09-13,Completed,USD
O001913,C00138,E00192,2024-10-17,Shipped,USD
O001914,C00273,E00017,2024-10-17,Cancelled,USD
O001915,C00415,E00184,2023-12-08,Processing,USD
O001916,C00374,E00353,2025-07-13,Completed,USD
O001917,C00056,E00353,2024-01-01,Shipped,USD
O001918,C00081,E00014,2024-09-22,Shipped,USD
O001919,C00216,E00280,2025-06-02,Completed,USD
O001920,C00069,E00017,2025-04-20,Processing,USD
O001921,C00402,E00034,2025-11-13,Shipped,USD
O001922,C00194,E00286,2024-12-10,Cancelled,USD
O001923,C00434,E00034,2024-03-27,Completed,USD
O001924,C00038,E00336,2023-09-18,Completed,USD
O001925,C00337,E00217,2024-04-02,Completed,USD
O001926,C00175,E00264,2024-12-11,Shipped,USD
O001927,C00038,E00211,2023-09-29,Completed,USD
O001928,C00229,E00017,2025-11-01,Completed,USD
O001929,C00378,E00329,2023-05-20,Completed,USD
O001930,C00197,E00192,2023-05-14,Completed,USD
O001931,C00173,E00217,2023-07-18,Completed,USD
O001932,C00351,E00081,2023-10-01,Shipped,USD
O001933,C00007,E00160,2023-02-28,Completed,USD
O001934,C00050,E00198,2025-05-12,Shipped,USD
O001935,C00190,E00138,2024-03-09,Shipped,USD
O001936,C00041,E00192,2023-05-08,Shipped,USD
O001937,C00341,E00217,2025-11-08,Shipped,USD
O001938,C00165,E00211,2025-11-26,Completed,USD
O001939,C00230,E00286,2024-01-08,Shipped,USD
O001940,C00259,E00014,2023-01-27,Processing,USD
O001941,C00082,E00177,2023-07-01,Shipped,USD
O001942,C00399,E00248,2023-07-01,Completed,USD
O001943,C00034,E00284,2023-07-23,Processing,USD
O001944,C00122,E00017,2024-09-10,Completed,USD
O001945,C00020,E00286,2024-09-19,Completed,USD
O001946,C00224,E00280,2025-11-02,Cancelled,USD
O001947,C00270,E00140,2024-04-02,Completed,USD
O001948,C00425,E00153,2025-09-10,Completed,USD
O001949,C00246,E00336,2025-06-13,Shipped,USD
O001950,C00064,E00184,2025-12-16,Completed,USD
O001951,C00438,E00153,2024-12-05,Completed,USD
O001952,C00060,E00192,2024-07-14,Completed,USD
O001953,C00352,E00217,2024-09-17,Cancelled,USD
O001954,C00431,E00336,2024-01-08,Completed,USD
O001955,C00369,E00248,2025-02-24,Completed,USD
O001956,C00427,E00286,2023-10-08,Completed,USD
O001957,C00007,E00153,2025-06-17,Processing,USD
O001958,C00402,E00064,2025-12-03,Shipped,USD
O001959,C00243,E00064,2025-01-14,Processing,USD
O001960,C00102,E00211,2025-04-24,Completed,USD
O001961,C00073,E00140,2023-01-25,Completed,USD
O001962,C00241,E00081,2025-08-07,Completed,USD
O001963,C00369,E00198,2024-05-08,Cancelled,USD
O001964,C00389,E00153,2023-08-09,Shipped,USD
O001965,C00264,E00357,2023-09-09,Shipped,USD
O001966,C00081,E00138,2024-05-18,Completed,USD
O001967,C00023,E00211,2023-08-29,Completed,USD
O001968,C00210,E00310,2023-02-22,Shipped,USD
O001969,C00102,E00084,2024-01-24,Cancelled,USD
O001970,C00351,E00284,2023-04-26,Completed,USD
O001971,C00042,E00192,2024-10-31,Shipped,USD
O001972,C00420,E00064,2025-09-03,Completed,USD
O001973,C00311,E00264,2023-02-11,Completed,USD
O001974,C00425,E00179,2024-01-08,Cancelled,USD
O001975,C00064,E00329,2023-03-02,Processing,USD
O001976,C00104,E00184,2023-02-22,Shipped,USD
O001977,C00087,E00138,2024-12-18,Processing,USD
O001978,C00444,E00264,2025-05-17,Completed,USD
O001979,C00055,E00081,2025-05-21,Completed,USD
O001980,C00336,E00179,2024-03-19,Shipped,USD
O001981,C00120,E00160,2025-03-20,Completed,USD
O001982,C00435,E00115,2023-06-14,Completed,USD
O001983,C00448,E00017,2023-06-16,Shipped,USD
O001984,C00391,E00081,2025-07-27,Processing,USD
O001985,C00134,E00217,2023-09-18,Completed,USD
O001986,C00436,E00017,2023-02-24,Completed,USD
O001987,C00279,E00177,2023-01-28,Completed,USD
O001988,C00054,E00034,2025-04-25,Shipped,USD
O001989,C00383,E00329,2025-07-16,Completed,USD
O001990,C00139,E00115,2023-04-02,Completed,USD
O001991,C00426,E00115,2023-04-17,Shipped,USD
O001992,C00186,E00310,2025-11-19,Cancelled,USD
O001993,C00084,E00353,2025-12-08,Completed,USD
O001994,C00213,E00140,2023-11-08,Cancelled,USD
O001995,C00300,E00286,2023-04-08,Completed,USD
O001996,C00433,E00329,2024-04-12,Completed,USD
O001997,C00148,E00264,2025-05-11,Completed,USD
O001998,C00158,E00329,2023-05-18,Completed,USD
O001999,C00250,E00184,2024-04-21,Completed,USD
O002000,C00258,E00281,2023-09-20,Shipped,USD
O002001,C00115,E00264,2023-08-07,Shipped,USD
O002002,C00368,E00014,2025-12-31,Processing,USD
O002003,C00116,E00281,2024-06-27,Completed,USD
O002004,C00117,E00184,2023-11-26,Completed,USD
O002005,C00379,E00353,2024-12-19,Shipped,USD
O002006,C00107,E00115,2025-10-20,Completed,USD
O002007,C00353,E00310,2023-03-03,Completed,USD
O002008,C00399,E00192,2024-03-26,Shipped,USD
O002009,C00121,E00160,2025-06-12,Completed,USD
O002010,C00102,E00115,2025-07-19,Completed,USD
O002011,C00088,E00281,2025-10-25,Completed,USD
O002012,C00169,E00084,2023-12-08,Processing,USD
O002013,C00446,E00264,2024-02-27,Completed,USD
O002014,C00077,E00123,2024-03-06,Processing,USD
O002015,C00100,E00329,2023-12-29,Completed,USD
O002016,C00122,E00284,2025-09-11,Completed,USD
O002017,C00007,E00160,2023-10-16,Completed,USD
O002018,C00140,E00217,2025-12-19,Shipped,USD
O002019,C00082,E00017,2023-12-21,Shipped,USD
O002020,C00296,E00310,2024-07-06,Completed,USD
O002021,C00061,E00281,2024-07-17,Completed,USD
O002022,C00318,E00014,2023-01-10,Shipped,USD
O002023,C00077,E00284,2024-11-12,Processing,USD
O002024,C00059,E00281,2023-06-21,Completed,USD
O002025,C00108,E00115,2025-04-26,Completed,USD
O002026,C00028,E00211,2025-11-28,Cancelled,USD
O002027,C00238,E00198,2025-02-09,Completed,USD
O002028,C00009,E00329,2023-05-14,Completed,USD
O002029,C00150,E00248,2024-06-26,Shipped,USD
O002030,C00284,E00357,2023-06-27,Completed,USD
O002031,C00240,E00280,2024-11-05,Completed,USD
O002032,C00352,E00211,2023-02-16,Processing,USD
O002033,C00172,E00198,2025-04-07,Processing,USD
O002034,C00015,E00153,2025-10-24,Processing,USD
O002035,C00182,E00348,2025-07-20,Completed,USD
O002036,C00373,E00084,2023-04-18,Processing,USD
O002037,C00142,E00115,2025-07-24,Shipped,USD
O002038,C00010,E00329,2025-03-26,Shipped,USD
O002039,C00141,E00160,2025-07-24,Completed,USD
O002040,C00298,E00127,2025-10-13,Completed,USD
O002041,C00162,E00179,2023-02-23,Completed,USD
O002042,C00171,E00127,2023-08-18,Completed,USD
O002043,C00109,E00264,2023-12-09,Completed,USD
O002044,C00290,E00348,2023-11-20,Completed,USD
O002045,C00179,E00353,2023-08-05,Shipped,USD
O002046,C00246,E00153,2025-07-12,Cancelled,USD
O002047,C00220,E00264,2023-01-16,Completed,USD
O002048,C00364,E00184,2025-03-02,Shipped,USD
O002049,C00355,E00281,2024-08-30,Completed,USD
O002050,C00072,E00034,2025-07-09,Cancelled,USD
O002051,C00318,E00153,2025-07-29,Completed,USD
O002052,C00088,E00336,2024-09-19,Processing,USD
O002053,C00243,E00064,2023-09-02,Shipped,USD
O002054,C00082,E00192,2025-02-21,Completed,USD
O002055,C00258,E00264,2025-12-11,Completed,USD
O002056,C00324,E00017,2025-11-15,Completed,USD
O002057,C00278,E00081,2024-04-06,Completed,USD
O002058,C00166,E00336,2023-10-28,Shipped,USD
O002059,C00080,E00184,2023-04-12,Completed,USD
O002060,C00043,E00115,2024-03-22,Shipped,USD
O002061,C00155,E00348,2025-06-02,Shipped,USD
O002062,C00079,E00127,2025-11-21,Completed,USD
O002063,C00071,E00017,2023-10-16,Completed,USD
O002064,C00069,E00264,2023-08-30,Shipped,USD
O002065,C00419,E00184,2025-02-04,Cancelled,USD
O002066,C00211,E00138,2025-11-01,Completed,USD
O002067,C00102,E00177,2024-09-07,Completed,USD
O002068,C00380,E00127,2023-12-07,Completed,USD
O002069,C00386,E00353,2025-03-03,Completed,USD
O002070,C00190,E00127,2024-02-07,Completed,USD
O002071,C00271,E00123,2024-05-20,Completed,USD
O002072,C00066,E00357,2025-02-21,Cancelled,USD
O002073,C00228,E00184,2025-05-03,Cancelled,USD
O002074,C00275,E00017,2024-08-26,Shipped,USD
O002075,C00009,E00084,2024-03-19,Completed,USD
O002076,C00129,E00064,2023-04-22,Completed,USD
O002077,C00299,E00138,2025-02-02,Shipped,USD
O002078,C00257,E00217,2023-06-15,Completed,USD
O002079,C00187,E00353,2025-05-23,Completed,USD
O002080,C00024,E00184,2024-09-02,Shipped,USD
O002081,C00132,E00127,2023-05-30,Processing,USD
O002082,C00151,E00329,2024-08-09,Completed,USD
O002083,C00322,E00280,2023-08-29,Completed,USD
O002084,C00058,E00014,2025-07-04,Shipped,USD
O002085,C00102,E00264,2025-03-15,Completed,USD
O002086,C00074,E00081,2024-06-07,Completed,USD
O002087,C00201,E00138,2025-04-30,Completed,USD
O002088,C00444,E00084,2024-07-04,Completed,USD
O002089,C00198,E00329,2024-11-28,Shipped,USD
O002090,C00269,E00336,2025-07-25,Completed,USD
O002091,C00046,E00198,2024-07-13,Completed,USD
O002092,C00049,E00064,2025-01-06,Processing,USD
O002093,C00205,E00264,2023-11-12,Completed,USD
O002094,C00023,E00184,2025-03-13,Shipped,USD
O002095,C00407,E00140,2023-05-27,Cancelled,USD
O002096,C00333,E00153,2024-03-06,Shipped,USD
O002097,C00201,E00284,2023-09-04,Completed,USD
O002098,C00209,E00217,2025-11-15,Completed,USD
O002099,C00213,E00329,2023-11-29,Cancelled,USD
O002100,C00205,E00064,2024-01-31,Shipped,USD
O002101,C00368,E00192,2024-12-03,Completed,USD
O002102,C00429,E00192,2024-02-02,Shipped,USD
O002103,C00367,E00248,2023-03-13,Shipped,USD
O002104,C00325,E00286,2024-03-29,Completed,USD
O002105,C00409,E00160,2023-11-22,Completed,USD
O002106,C00314,E00177,2025-09-09,Shipped,USD
O002107,C00135,E00179,2025-06-02,Completed,USD
O002108,C00413,E00127,2024-07-02,Completed,USD
O002109,C00099,E00017,2024-03-13,Completed,USD
O002110,C00014,E00014,2023-02-13,Completed,USD
O002111,C00119,E00140,2023-03-01,Shipped,USD
O002112,C00333,E00280,2024-04-12,Completed,USD
O002113,C00070,E00211,2023-07-19,Cancelled,USD
O002114,C00418,E00281,2024-05-31,Processing,USD
O002115,C00178,E00034,2023-02-21,Completed,USD
O002116,C00025,E00153,2023-06-05,Shipped,USD
O002117,C00351,E00184,2024-12-02,Processing,USD
O002118,C00107,E00217,2024-09-29,Completed,USD
O002119,C00408,E00264,2023-05-25,Completed,USD
O002120,C00208,E00264,2025-05-20,Processing,USD
O002121,C00185,E00217,2023-03-21,Completed,USD
O002122,C00088,E00140,2023-05-26,Shipped,USD
O002123,C00382,E00153,2023-12-02,Completed,USD
O002124,C00130,E00348,2024-01-20,Completed,USD
O002125,C00358,E00081,2023-03-10,Completed,USD
O002126,C00122,E00284,2023-12-15,Completed,USD
O002127,C00427,E00357,2023-08-17,Shipped,USD
O002128,C00127,E00264,2023-07-14,Completed,USD
O002129,C00227,E00198,2023-04-21,Shipped,USD
O002130,C00363,E00192,2024-09-21,Completed,USD
O002131,C00211,E00014,2025-02-21,Completed,USD
O002132,C00142,E00140,2024-02-22,Completed,USD
O002133,C00152,E00217,2023-09-14,Processing,USD
O002134,C00208,E00264,2023-11-28,Completed,USD
O002135,C00005,E00179,2023-10-20,Completed,USD
O002136,C00308,E00064,2023-02-02,Processing,USD
O002137,C00435,E00184,2024-10-31,Shipped,USD
O002138,C00182,E00248,2023-03-21,Shipped,USD
O002139,C00204,E00211,2023-01-10,Completed,USD
O002140,C00336,E00115,2025-01-26,Processing,USD
O002141,C00440,E00179,2025-11-24,Completed,USD
O002142,C00191,E00123,2023-02-27,Completed,USD
O002143,C00412,E00281,2025-09-26,Completed,USD
O002144,C00400,E00084,2025-11-29,Completed,USD
O002145,C00053,E00192,2024-01-04,Processing,USD
O002146,C00323,E00284,2023-04-28,Shipped,USD
O002147,C00127,E00248,2024-12-16,Processing,USD
O002148,C00363,E00264,2024-03-10,Completed,USD
O002149,C00009,E00248,2025-03-05,Completed,USD
O002150,C00216,E00140,2024-02-14,Shipped,USD
O002151,C00018,E00177,2024-05-17,Completed,USD
O002152,C00221,E00264,2023-03-04,Processing,USD
O002153,C00179,E00357,2024-07-27,Processing,USD
O002154,C00140,E00184,2023-05-14,Processing,USD
O002155,C00396,E00081,2025-02-25,Completed,USD
O002156,C00370,E00034,2023-11-12,Shipped,USD
O002157,C00031,E00248,2023-04-24,Completed,USD
O002158,C00023,E00217,2025-07-30,Shipped,USD
O002159,C00093,E00310,2024-11-18,Completed,USD
O002160,C00175,E00348,2023-09-23,Cancelled,USD
O002161,C00362,E00192,2023-03-06,Completed,USD
O002162,C00228,E00064,2025-04-08,Processing,USD
O002163,C00287,E00064,2025-06-15,Completed,USD
O002164,C00376,E00140,2024-01-15,Shipped,USD
O002165,C00173,E00353,2023-05-18,Completed,USD
O002166,C00362,E00084,2023-05-15,Completed,USD
O002167,C00057,E00192,2023-05-19,Cancelled,USD
O002168,C00021,E00280,2025-03-01,Completed,USD
O002169,C00343,E00280,2024-07-24,Completed,USD
O002170,C00441,E00140,2024-10-04,Processing,USD
O002171,C00008,E00211,2025-09-07,Shipped,USD
O002172,C00039,E00081,2023-02-22,Shipped,USD
O002173,C00172,E00153,2024-06-23,Shipped,USD
O002174,C00253,E00357,2025-10-02,Shipped,USD
O002175,C00428,E00014,2025-04-28,Cancelled,USD
O002176,C00413,E00280,2024-10-16,Completed,USD
O002177,C00098,E00034,2024-03-13,Shipped,USD
O002178,C00147,E00280,2023-08-24,Completed,USD
O002179,C00099,E00177,2024-08-26,Shipped,USD
O002180,C00343,E00280,2024-08-17,Completed,USD
O002181,C00390,E00014,2024-11-02,Completed,USD
O002182,C00144,E00248,2023-09-14,Completed,USD
O002183,C00253,E00115,2023-10-07,Shipped,USD
O002184,C00345,E00336,2023-11-19,Processing,USD
O002185,C00017,E00140,2025-09-27,Completed,USD
O002186,C00254,E00115,2023-11-07,Shipped,USD
O002187,C00238,E00198,2023-07-14,Completed,USD
O002188,C00161,E00177,2025-08-20,Completed,USD
O002189,C00351,E00284,2024-02-09,Completed,USD
O002190,C00146,E00140,2025-02-26,Shipped,USD
O002191,C00063,E00192,2024-10-29,Completed,USD
O002192,C00368,E00064,2023-06-01,Processing,USD
O002193,C00028,E00353,2023-05-14,Completed,USD
O002194,C00323,E00286,2024-03-03,Shipped,USD
O002195,C00004,E00081,2025-10-04,Completed,USD
O002196,C00180,E00014,2023-11-16,Completed,USD
O002197,C00024,E00211,2023-10-13,Completed,USD
O002198,C00185,E00286,2023-03-11,Completed,USD
O002199,C00373,E00348,2024-11-13,Completed,USD
O002200,C00309,E00081,2024-01-06,Shipped,USD
O002201,C00333,E00348,2025-09-18,Completed,USD
O002202,C00291,E00138,2023-09-21,Completed,USD
O002203,C00364,E00140,2025-07-06,Processing,USD
O002204,C00186,E00211,2025-11-18,Processing,USD
O002205,C00236,E00179,2025-05-21,Shipped,USD
O002206,C00270,E00138,2024-10-06,Shipped,USD
O002207,C00399,E00127,2025-11-22,Completed,USD
O002208,C00021,E00211,2024-01-04,Completed,USD
O002209,C00353,E00160,2024-06-07,Completed,USD
O002210,C00413,E00357,2023-10-22,Shipped,USD
O002211,C00399,E00348,2025-02-15,Completed,USD
O002212,C00058,E00336,2023-10-03,Completed,USD
O002213,C00310,E00184,2024-03-09,Shipped,USD
O002214,C00250,E00081,2024-04-12,Completed,USD
O002215,C00130,E00329,2025-10-24,Completed,USD
O002216,C00450,E00211,2024-06-15,Completed,USD
O002217,C00266,E00348,2025-09-07,Shipped,USD
O002218,C00414,E00217,2023-03-29,Completed,USD
O002219,C00376,E00198,2025-02-25,Shipped,USD
O002220,C00176,E00329,2025-11-08,Completed,USD
O002221,C00327,E00211,2023-05-21,Processing,USD
O002222,C00368,E00084,2025-04-17,Completed,USD
O002223,C00018,E00310,2023-03-29,Completed,USD
O002224,C00324,E00123,2023-01-18,Shipped,USD
O002225,C00107,E00184,2023-12-11,Shipped,USD
O002226,C00130,E00179,2023-08-15,Shipped,USD
O002227,C00260,E00115,2025-05-02,Completed,USD
O002228,C00203,E00081,2025-07-14,Completed,USD
O002229,C00436,E00184,2025-10-16,Completed,USD
O002230,C00292,E00192,2023-09-14,Shipped,USD
O002231,C00408,E00014,2025-05-08,Completed,USD
O002232,C00430,E00153,2025-08-25,Shipped,USD
O002233,C00348,E00153,2024-06-07,Cancelled,USD
O002234,C00371,E00329,2025-02-24,Completed,USD
O002235,C00234,E00115,2024-05-13,Completed,USD
O002236,C00187,E00081,2023-12-18,Completed,USD
O002237,C00247,E00177,2023-01-17,Shipped,USD
O002238,C00156,E00310,2024-11-15,Completed,USD
O002239,C00340,E00192,2023-10-08,Completed,USD
O002240,C00336,E00348,2024-08-08,Completed,USD
O002241,C00430,E00184,2024-11-21,Shipped,USD
O002242,C00194,E00217,2023-09-09,Shipped,USD
O002243,C00434,E00034,2023-01-18,Completed,USD
O002244,C00114,E00211,2023-11-18,Processing,USD
O002245,C00231,E00123,2025-04-11,Completed,USD
O002246,C00004,E00284,2023-11-10,Completed,USD
O002247,C00310,E00281,2024-08-15,Completed,USD
O002248,C00395,E00281,2024-10-08,Shipped,USD
O002249,C00155,E00248,2025-09-25,Processing,USD
O002250,C00022,E00064,2024-02-17,Processing,USD
O002251,C00246,E00184,2024-10-27,Completed,USD
O002252,C00431,E00329,2023-07-19,Processing,USD
O002253,C00443,E00084,2024-08-03,Completed,USD
O002254,C00121,E00329,2025-08-13,Completed,USD
O002255,C00227,E00353,2024-09-27,Completed,USD
O002256,C00366,E00211,2024-08-11,Completed,USD
O002257,C00221,E00127,2023-08-25,Processing,USD
O002258,C00066,E00357,2024-01-19,Shipped,USD
O002259,C00309,E00357,2023-09-28,Completed,USD
O002260,C00004,E00348,2024-05-04,Completed,USD
O002261,C00288,E00064,2024-05-14,Completed,USD
O002262,C00366,E00211,2024-06-04,Shipped,USD
O002263,C00431,E00138,2024-11-15,Completed,USD
O002264,C00007,E00140,2023-05-12,Completed,USD
O002265,C00176,E00248,2025-08-18,Completed,USD
O002266,C00235,E00264,2024-09-22,Completed,USD
O002267,C00351,E00081,2025-04-27,Completed,USD
O002268,C00092,E00348,2024-03-04,Completed,USD
O002269,C00378,E00179,2025-12-26,Completed,USD
O002270,C00439,E00192,2025-08-22,Processing,USD
O002271,C00363,E00357,2025-08-25,Shipped,USD
O002272,C00293,E00014,2023-02-07,Completed,USD
O002273,C00033,E00198,2024-04-15,Completed,USD
O002274,C00093,E00329,2023-03-18,Completed,USD
O002275,C00087,E00127,2024-06-15,Processing,USD
O002276,C00122,E00348,2025-07-23,Completed,USD
O002277,C00212,E00281,2024-03-06,Processing,USD
O002278,C00138,E00140,2023-05-21,Completed,USD
O002279,C00297,E00192,2024-06-23,Processing,USD
O002280,C00144,E00310,2025-04-29,Completed,USD
O002281,C00413,E00160,2024-09-12,Completed,USD
O002282,C00437,E00281,2024-09-24,Completed,USD
O002283,C00245,E00353,2025-02-21,Processing,USD
O002284,C00259,E00177,2023-02-07,Completed,USD
O002285,C00363,E00064,2024-11-06,Shipped,USD
O002286,C00118,E00280,2023-11-10,Completed,USD
O002287,C00445,E00138,2023-12-26,Completed,USD
O002288,C00028,E00357,2025-09-24,Completed,USD
O002289,C00147,E00140,2023-07-14,Processing,USD
O002290,C00214,E00353,2023-10-19,Completed,USD
O002291,C00309,E00353,2025-05-13,Completed,USD
O002292,C00279,E00177,2023-04-28,Processing,USD
O002293,C00040,E00017,2024-05-05,Completed,USD
O002294,C00053,E00248,2023-02-09,Processing,USD
O002295,C00260,E00179,2025-02-27,Completed,USD
O002296,C00144,E00123,2023-02-06,Shipped,USD
O002297,C00012,E00034,2024-12-28,Completed,USD
O002298,C00065,E00310,2025-11-02,Completed,USD
O002299,C00420,E00081,2025-10-02,Completed,USD
O002300,C00037,E00127,2024-02-26,Processing,USD
O002301,C00077,E00264,2025-09-12,Shipped,USD
O002302,C00168,E00140,2023-07-20,Completed,USD
O002303,C00296,E00248,2024-03-13,Completed,USD
O002304,C00217,E00081,2025-09-23,Completed,USD
O002305,C00256,E00284,2023-07-22,Completed,USD
O002306,C00187,E00140,2023-04-18,Completed,USD
O002307,C00342,E00115,2024-09-08,Completed,USD
O002308,C00058,E00336,2024-03-19,Processing,USD
O002309,C00203,E00014,2024-04-07,Processing,USD
O002310,C00294,E00153,2024-02-11,Completed,USD
O002311,C00402,E00264,2024-02-25,Completed,USD
O002312,C00092,E00217,2023-07-06,Completed,USD
O002313,C00357,E00115,2024-01-26,Completed,USD
O002314,C00012,E00179,2023-03-21,Completed,USD
O002315,C00166,E00248,2023-08-23,Completed,USD
O002316,C00367,E00348,2023-05-08,Cancelled,USD
O002317,C00281,E00179,2025-08-20,Completed,USD
O002318,C00011,E00138,2023-07-23,Completed,USD
O002319,C00402,E00160,2023-11-12,Completed,USD
O002320,C00392,E00198,2024-12-16,Completed,USD
O002321,C00143,E00211,2024-02-01,Completed,USD
O002322,C00167,E00153,2024-10-14,Completed,USD
O002323,C00006,E00248,2023-06-24,Completed,USD
O002324,C00227,E00280,2025-02-21,Processing,USD
O002325,C00005,E00353,2023-05-03,Processing,USD
O002326,C00433,E00211,2023-08-18,Processing,USD
O002327,C00355,E00123,2025-07-12,Shipped,USD
O002328,C00355,E00348,2023-01-24,Shipped,USD
O002329,C00252,E00310,2024-02-04,Completed,USD
O002330,C00442,E00123,2025-02-21,Completed,USD
O002331,C00082,E00329,2025-03-26,Completed,USD
O002332,C00264,E00160,2025-12-06,Completed,USD
O002333,C00082,E00123,2025-04-01,Completed,USD
O002334,C00324,E00336,2023-09-05,Shipped,USD
O002335,C00223,E00127,2024-03-15,Shipped,USD
O002336,C00176,E00192,2023-05-26,Completed,USD
O002337,C00011,E00336,2025-08-14,Shipped,USD
O002338,C00152,E00353,2025-06-27,Completed,USD
O002339,C00449,E00138,2025-05-01,Shipped,USD
O002340,C00400,E00310,2023-05-29,Shipped,USD
O002341,C00439,E00017,2023-08-26,Completed,USD
O002342,C00401,E00140,2024-05-30,Shipped,USD
O002343,C00063,E00084,2023-05-26,Completed,USD
O002344,C00440,E00115,2024-11-13,Processing,USD
O002345,C00025,E00034,2024-09-11,Completed,USD
O002346,C00011,E00357,2024-11-05,Completed,USD
O002347,C00318,E00211,2023-07-20,Shipped,USD
O002348,C00346,E00064,2024-03-10,Completed,USD
O002349,C00306,E00138,2025-05-20,Completed,USD
O002350,C00203,E00017,2024-10-07,Completed,USD
O002351,C00390,E00160,2023-02-10,Completed,USD
O002352,C00288,E00140,2023-01-15,Completed,USD
O002353,C00348,E00192,2023-10-09,Processing,USD
O002354,C00292,E00329,2025-02-11,Completed,USD
O002355,C00435,E00115,2023-04-08,Cancelled,USD
O002356,C00097,E00064,2023-04-08,Cancelled,USD
O002357,C00117,E00179,2023-02-11,Shipped,USD
O002358,C00367,E00123,2025-11-25,Completed,USD
O002359,C00294,E00348,2023-03-30,Processing,USD
O002360,C00154,E00081,2023-08-06,Completed,USD
O002361,C00436,E00115,2025-04-20,Shipped,USD
O002362,C00448,E00138,2023-04-18,Shipped,USD
O002363,C00147,E00284,2023-07-05,Completed,USD
O002364,C00086,E00115,2025-01-21,Processing,USD
O002365,C00352,E00138,2023-12-24,Completed,USD
O002366,C00240,E00179,2023-08-27,Completed,USD
O002367,C00336,E00211,2024-12-23,Completed,USD
O002368,C00424,E00217,2023-02-08,Completed,USD
O002369,C00423,E00248,2024-05-15,Completed,USD
O002370,C00213,E00177,2025-12-25,Completed,USD
O002371,C00252,E00310,2024-07-30,Processing,USD
O002372,C00394,E00017,2025-01-06,Shipped,USD
O002373,C00089,E00177,2024-02-28,Completed,USD
O002374,C00143,E00184,2024-04-07,Completed,USD
O002375,C00420,E00280,2025-09-29,Completed,USD
O002376,C00330,E00280,2023-10-08,Processing,USD
O002377,C00184,E00198,2025-05-08,Completed,USD
O002378,C00080,E00281,2025-02-13,Completed,USD
O002379,C00205,E00336,2024-07-27,Processing,USD
O002380,C00433,E00064,2023-02-06,Shipped,USD
O002381,C00205,E00353,2024-10-29,Completed,USD
O002382,C00290,E00248,2025-03-01,Shipped,USD
O002383,C00279,E00348,2024-03-21,Completed,USD
O002384,C00249,E00353,2023-05-09,Completed,USD
O002385,C00129,E00264,2023-02-23,Completed,USD
O002386,C00237,E00192,2024-03-07,Completed,USD
O002387,C00109,E00123,2024-12-30,Completed,USD
O002388,C00200,E00034,2023-01-13,Shipped,USD
O002389,C00243,E00017,2023-10-28,Completed,USD
O002390,C00323,E00329,2023-08-25,Completed,USD
O002391,C00182,E00034,2025-10-11,Shipped,USD
O002392,C00168,E00084,2023-12-05,Completed,USD
O002393,C00028,E00211,2023-08-01,Shipped,USD
O002394,C00203,E00034,2023-05-13,Processing,USD
O002395,C00342,E00081,2023-04-25,Processing,USD
O002396,C00087,E00123,2024-03-23,Completed,USD
O002397,C00142,E00153,2025-10-01,Completed,USD
O002398,C00355,E00014,2023-10-06,Completed,USD
O002399,C00070,E00127,2024-07-16,Processing,USD
O002400,C00263,E00217,2025-07-10,Completed,USD
O002401,C00359,E00160,2024-05-09,Processing,USD
O002402,C00419,E00014,2023-03-29,Shipped,USD
O002403,C00393,E00064,2024-09-12,Completed,USD
O002404,C00224,E00014,2023-03-01,Completed,USD
O002405,C00395,E00177,2023-10-01,Completed,USD
O002406,C00245,E00177,2023-04-16,Completed,USD
O002407,C00181,E00081,2024-08-13,Completed,USD
O002408,C00425,E00348,2025-04-30,Shipped,USD
O002409,C00421,E00281,2024-06-09,Shipped,USD
O002410,C00146,E00115,2025-08-29,Completed,USD
O002411,C00267,E00211,2024-03-23,Processing,USD
O002412,C00165,E00198,2025-05-25,Completed,USD
O002413,C00362,E00284,2024-12-13,Completed,USD
O002414,C00354,E00286,2025-05-28,Shipped,USD
O002415,C00208,E00310,2024-11-28,Shipped,USD
O002416,C00449,E00217,2023-03-13,Completed,USD
O002417,C00182,E00280,2023-07-18,Completed,USD
O002418,C00078,E00198,2024-09-04,Completed,USD
O002419,C00205,E00138,2024-05-07,Completed,USD
O002420,C00072,E00034,2023-02-10,Completed,USD
O002421,C00104,E00357,2023-01-01,Completed,USD
O002422,C00114,E00127,2024-06-03,Completed,USD
O002423,C00306,E00017,2024-12-22,Completed,USD
O002424,C00370,E00217,2023-12-16,Processing,USD
O002425,C00428,E00353,2024-07-20,Completed,USD
O002426,C00292,E00064,2023-01-31,Completed,USD
O002427,C00055,E00153,2024-06-17,Processing,USD
O002428,C00039,E00014,2024-01-16,Processing,USD
O002429,C00124,E00264,2025-02-19,Shipped,USD
O002430,C00061,E00140,2025-02-07,Shipped,USD
O002431,C00221,E00160,2023-08-17,Shipped,USD
O002432,C00155,E00123,2023-12-20,Completed,USD
O002433,C00264,E00264,2025-09-24,Shipped,USD
O002434,C00172,E00081,2025-10-30,Shipped,USD
O002435,C00010,E00217,2023-05-07,Completed,USD
O002436,C00265,E00248,2025-06-22,Processing,USD
O002437,C00442,E00310,2023-06-17,Completed,USD
O002438,C00160,E00127,2023-12-01,Completed,USD
O002439,C00062,E00081,2025-04-21,Completed,USD
O002440,C00428,E00064,2023-02-10,Completed,USD
O002441,C00094,E00184,2024-02-23,Shipped,USD
O002442,C00168,E00329,2024-05-30,Processing,USD
O002443,C00413,E00348,2024-11-08,Shipped,USD
O002444,C00421,E00014,2023-06-17,Cancelled,USD
O002445,C00308,E00179,2025-03-09,Shipped,USD
O002446,C00278,E00084,2024-04-10,Completed,USD
O002447,C00417,E00286,2023-10-08,Completed,USD
O002448,C00307,E00115,2025-12-22,Shipped,USD
O002449,C00002,E00336,2024-05-15,Completed,USD
O002450,C00308,E00140,2023-11-18,Completed,USD
O002451,C00018,E00123,2025-03-26,Processing,USD
O002452,C00420,E00357,2023-06-24,Completed,USD
O002453,C00320,E00160,2023-02-09,Processing,USD
O002454,C00173,E00217,2024-11-09,Shipped,USD
O002455,C00370,E00115,2023-08-05,Shipped,USD
O002456,C00149,E00198,2024-02-25,Processing,USD
O002457,C00161,E00177,2025-02-26,Shipped,USD
O002458,C00384,E00336,2024-12-09,Shipped,USD
O002459,C00091,E00348,2025-12-30,Completed,USD
O002460,C00413,E00153,2025-10-12,Completed,USD
O002461,C00031,E00179,2023-02-17,Completed,USD
O002462,C00204,E00284,2024-02-23,Completed,USD
O002463,C00009,E00138,2023-11-24,Shipped,USD
O002464,C00325,E00123,2023-09-08,Shipped,USD
O002465,C00254,E00179,2025-12-20,Shipped,USD
O002466,C00361,E00211,2023-06-03,Completed,USD
O002467,C00222,E00284,2023-08-10,Completed,USD
O002468,C00225,E00115,2024-10-26,Shipped,USD
O002469,C00363,E00084,2024-11-19,Processing,USD
O002470,C00442,E00034,2025-04-07,Completed,USD
O002471,C00084,E00138,2024-06-23,Completed,USD
O002472,C00407,E00192,2023-07-13,Completed,USD
O002473,C00074,E00034,2025-05-04,Completed,USD
O002474,C00405,E00014,2024-06-05,Completed,USD
O002475,C00392,E00123,2024-08-26,Shipped,USD
O002476,C00054,E00034,2025-07-20,Completed,USD
O002477,C00106,E00284,2025-04-09,Completed,USD
O002478,C00449,E00286,2023-07-19,Completed,USD
O002479,C00022,E00286,2025-01-18,Completed,USD
O002480,C00420,E00281,2024-11-15,Shipped,USD
O002481,C00067,E00127,2025-07-07,Completed,USD
O002482,C00294,E00310,2023-07-27,Completed,USD
O002483,C00159,E00281,2025-09-12,Completed,USD
O002484,C00115,E00081,2023-12-10,Completed,USD
O002485,C00426,E00281,2025-07-27,Processing,USD
O002486,C00380,E00264,2025-07-19,Completed,USD
O002487,C00084,E00310,2024-12-23,Completed,USD
O002488,C00220,E00310,2025-09-22,Completed,USD
O002489,C00354,E00014,2024-10-30,Completed,USD
O002490,C00266,E00179,2024-12-29,Shipped,USD
O002491,C00296,E00281,2025-01-02,Cancelled,USD
O002492,C00244,E00348,2024-01-09,Shipped,USD
O002493,C00126,E00217,2024-09-14,Shipped,USD
O002494,C00447,E00127,2024-01-26,Shipped,USD
O002495,C00265,E00140,2023-09-25,Completed,USD
O002496,C00283,E00184,2025-01-09,Shipped,USD
O002497,C00297,E00064,2024-06-08,Completed,USD
O002498,C00090,E00248,2023-09-23,Processing,USD
O002499,C00409,E00357,2024-01-31,Completed,USD
O002500,C00068,E00198,2024-02-10,Completed,USD
O002501,C00325,E00081,2024-10-11,Shipped,USD
O002502,C00129,E00198,2025-07-04,Completed,USD
O002503,C00401,E00184,2025-01-25,Completed,USD
O002504,C00260,E00286,2024-04-06,Completed,USD
O002505,C00450,E00084,2025-04-12,Shipped,USD
O002506,C00136,E00081,2023-08-26,Processing,USD
O002507,C00248,E00115,2023-01-25,Completed,USD
O002508,C00118,E00115,2024-08-31,Completed,USD
O002509,C00239,E00177,2025-08-24,Completed,USD
O002510,C00402,E00286,2025-08-24,Processing,USD
O002511,C00072,E00017,2024-08-08,Shipped,USD
O002512,C00444,E00336,2025-10-10,Completed,USD
O002513,C00146,E00284,2025-07-13,Completed,USD
O002514,C00023,E00138,2023-11-14,Completed,USD
O002515,C00124,E00081,2024-12-27,Shipped,USD
O002516,C00237,E00336,2023-10-05,Shipped,USD
O002517,C00132,E00160,2025-06-17,Completed,USD
O002518,C00089,E00177,2024-12-08,Completed,USD
O002519,C00267,E00248,2025-06-13,Completed,USD
O002520,C00184,E00123,2025-08-22,Completed,USD
O002521,C00097,E00127,2023-03-01,Completed,USD
O002522,C00361,E00153,2023-04-29,Completed,USD
O002523,C00173,E00336,2025-09-04,Shipped,USD
O002524,C00071,E00179,2025-10-04,Shipped,USD
O002525,C00187,E00329,2024-11-12,Shipped,USD
O002526,C00126,E00280,2023-01-27,Shipped,USD
O002527,C00177,E00115,2024-08-29,Completed,USD
O002528,C00111,E00348,2025-10-26,Completed,USD
O002529,C00436,E00017,2024-03-25,Completed,USD
O002530,C00041,E00034,2025-01-28,Completed,USD
O002531,C00437,E00248,2023-12-09,Completed,USD
O002532,C00044,E00064,2024-01-03,Shipped,USD
O002533,C00164,E00336,2023-12-10,Completed,USD
O002534,C00384,E00017,2025-06-24,Completed,USD
O002535,C00275,E00211,2025-10-18,Processing,USD
O002536,C00049,E00153,2025-12-20,Processing,USD
O002537,C00161,E00179,2024-07-20,Completed,USD
O002538,C00142,E00084,2025-08-23,Completed,USD
O002539,C00283,E00348,2024-06-26,Completed,USD
O002540,C00253,E00281,2023-10-29,Completed,USD
O002541,C00022,E00286,2025-04-06,Completed,USD
O002542,C00434,E00211,2025-04-09,Completed,USD
O002543,C00322,E00177,2025-06-26,Shipped,USD
O002544,C00085,E00248,2023-04-05,Completed,USD
O002545,C00158,E00284,2023-11-11,Processing,USD
O002546,C00356,E00281,2025-02-16,Shipped,USD
O002547,C00282,E00264,2025-10-15,Completed,USD
O002548,C00325,E00177,2024-07-26,Completed,USD
O002549,C00295,E00248,2025-10-06,Processing,USD
O002550,C00183,E00353,2024-12-28,Completed,USD
O002551,C00300,E00179,2024-09-26,Completed,USD
O002552,C00073,E00192,2024-08-23,Completed,USD
O002553,C00214,E00353,2023-11-30,Completed,USD
O002554,C00007,E00198,2024-01-31,Completed,USD
O002555,C00210,E00034,2023-08-25,Completed,USD
O002556,C00342,E00281,2023-06-06,Completed,USD
O002557,C00117,E00064,2024-05-08,Completed,USD
O002558,C00311,E00064,2023-11-01,Completed,USD
O002559,C00178,E00140,2024-04-22,Completed,USD
O002560,C00414,E00017,2023-01-01,Completed,USD
O002561,C00050,E00160,2024-03-25,Processing,USD
O002562,C00284,E00217,2025-03-09,Completed,USD
O002563,C00279,E00353,2023-11-25,Completed,USD
O002564,C00440,E00286,2024-02-03,Completed,USD
O002565,C00407,E00064,2024-01-07,Completed,USD
O002566,C00154,E00286,2023-08-30,Completed,USD
O002567,C00133,E00348,2024-11-05,Cancelled,USD
O002568,C00377,E00184,2024-01-10,Shipped,USD
O002569,C00117,E00115,2025-04-14,Completed,USD
O002570,C00180,E00310,2023-11-20,Shipped,USD
O002571,C00353,E00264,2023-09-01,Completed,USD
O002572,C00283,E00153,2025-04-25,Shipped,USD
O002573,C00189,E00123,2024-02-23,Processing,USD
O002574,C00128,E00217,2025-01-18,Completed,USD
O002575,C00201,E00217,2023-04-19,Shipped,USD
O002576,C00415,E00217,2023-10-21,Shipped,USD
O002577,C00044,E00329,2023-03-16,Completed,USD
O002578,C00009,E00217,2024-01-27,Completed,USD
O002579,C00199,E00014,2023-07-11,Completed,USD
O002580,C00093,E00115,2023-04-09,Processing,USD
O002581,C00072,E00014,2023-06-19,Processing,USD
O002582,C00021,E00192,2023-09-23,Processing,USD
O002583,C00336,E00017,2024-05-16,Completed,USD
O002584,C00183,E00064,2025-03-16,Completed,USD
O002585,C00417,E00192,2023-04-02,Shipped,USD
O002586,C00242,E00177,2025-02-04,Completed,USD
O002587,C00105,E00281,2023-01-27,Completed,USD
O002588,C00437,E00138,2023-08-24,Completed,USD
O002589,C00333,E00064,2024-08-21,Completed,USD
O002590,C00288,E00192,2025-04-21,Completed,USD
O002591,C00445,E00081,2024-02-06,Shipped,USD
O002592,C00182,E00286,2024-11-25,Completed,USD
O002593,C00076,E00248,2025-12-14,Cancelled,USD
O002594,C00113,E00198,2023-06-13,Completed,USD
O002595,C00392,E00140,2023-09-23,Completed,USD
O002596,C00028,E00353,2023-08-02,Completed,USD
O002597,C00157,E00281,2023-05-05,Shipped,USD
O002598,C00448,E00017,2024-10-18,Shipped,USD
O002599,C00158,E00160,2025-05-07,Completed,USD
O002600,C00409,E00179,2024-06-20,Completed,USD
O002601,C00105,E00179,2025-09-08,Shipped,USD
O002602,C00395,E00353,2025-12-19,Completed,USD
O002603,C00324,E00329,2025-02-08,Shipped,USD
O002604,C00034,E00192,2023-03-08,Cancelled,USD
O002605,C00429,E00353,2025-08-25,Shipped,USD
O002606,C00412,E00034,2025-11-25,Completed,USD
O002607,C00248,E00198,2024-09-21,Completed,USD
O002608,C00425,E00286,2024-06-21,Completed,USD
O002609,C00293,E00184,2023-11-17,Processing,USD
O002610,C00169,E00115,2024-12-01,Completed,USD
O002611,C00071,E00357,2023-12-01,Completed,USD
O002612,C00088,E00014,2023-12-05,Completed,USD
O002613,C00044,E00336,2024-04-11,Shipped,USD
O002614,C00117,E00280,2025-03-17,Completed,USD
O002615,C00274,E00153,2025-06-02,Completed,USD
O002616,C00292,E00357,2024-09-16,Completed,USD
O002617,C00275,E00248,2025-11-21,Completed,USD
O002618,C00157,E00353,2024-01-12,Completed,USD
O002619,C00408,E00127,2023-03-21,Shipped,USD
O002620,C00272,E00140,2023-09-06,Completed,USD
O002621,C00028,E00084,2025-06-21,Processing,USD
O002622,C00381,E00280,2025-05-16,Cancelled,USD
O002623,C00289,E00123,2023-06-21,Completed,USD
O002624,C00364,E00160,2024-09-17,Processing,USD
O002625,C00167,E00014,2024-08-31,Processing,USD
O002626,C00308,E00153,2023-05-24,Completed,USD
O002627,C00066,E00153,2025-01-19,Completed,USD
O002628,C00055,E00329,2024-11-24,Completed,USD
O002629,C00146,E00140,2025-01-16,Completed,USD
O002630,C00336,E00264,2025-11-03,Shipped,USD
O002631,C00390,E00153,2025-12-11,Processing,USD
O002632,C00247,E00353,2025-03-23,Completed,USD
O002633,C00387,E00160,2025-02-16,Completed,USD
O002634,C00046,E00184,2024-07-23,Completed,USD
O002635,C00127,E00264,2025-04-11,Processing,USD
O002636,C00206,E00280,2025-10-27,Completed,USD
O002637,C00150,E00177,2024-12-19,Completed,USD
O002638,C00160,E00064,2025-10-11,Completed,USD
O002639,C00245,E00336,2025-04-30,Completed,USD
O002640,C00009,E00198,2023-01-24,Shipped,USD
O002641,C00172,E00281,2024-08-22,Processing,USD
O002642,C00230,E00160,2023-04-16,Shipped,USD
O002643,C00185,E00348,2024-01-09,Completed,USD
O002644,C00301,E00348,2024-05-07,Processing,USD
O002645,C00374,E00160,2023-10-31,Completed,USD
O002646,C00375,E00123,2025-08-27,Completed,USD
O002647,C00318,E00248,2023-12-07,Shipped,USD
O002648,C00133,E00017,2024-03-29,Completed,USD
O002649,C00333,E00310,2025-05-31,Completed,USD
O002650,C00180,E00336,2025-11-26,Processing,USD
O002651,C00215,E00192,2023-12-09,Shipped,USD
O002652,C00079,E00217,2024-05-22,Completed,USD
O002653,C00202,E00153,2024-03-05,Shipped,USD
O002654,C00082,E00123,2023-03-13,Completed,USD
O002655,C00253,E00198,2023-11-05,Completed,USD
O002656,C00121,E00264,2023-08-28,Completed,USD
O002657,C00075,E00286,2024-04-22,Processing,USD
O002658,C00302,E00286,2025-03-23,Processing,USD
O002659,C00027,E00284,2025-02-24,Processing,USD
O002660,C00114,E00153,2024-11-09,Processing,USD
O002661,C00063,E00034,2025-10-05,Shipped,USD
O002662,C00143,E00138,2024-11-22,Processing,USD
O002663,C00216,E00034,2024-04-03,Completed,USD
O002664,C00168,E00184,2023-08-11,Shipped,USD
O002665,C00178,E00127,2025-11-15,Completed,USD
O002666,C00007,E00329,2025-09-30,Completed,USD
O002667,C00181,E00211,2025-03-19,Shipped,USD
O002668,C00131,E00310,2024-11-03,Completed,USD
O002669,C00269,E00329,2024-02-15,Completed,USD
O002670,C00300,E00014,2024-08-24,Cancelled,USD
O002671,C00136,E00264,2023-06-26,Shipped,USD
O002672,C00196,E00034,2023-12-25,Completed,USD
O002673,C00299,E00140,2024-05-11,Completed,USD
O002674,C00121,E00353,2025-08-22,Shipped,USD
O002675,C00394,E00336,2024-09-17,Completed,USD
O002676,C00035,E00286,2024-05-20,Completed,USD
O002677,C00220,E00081,2024-09-13,Completed,USD
O002678,C00257,E00248,2025-11-27,Completed,USD
O002679,C00413,E00138,2023-08-26,Completed,USD
O002680,C00089,E00217,2023-05-10,Completed,USD
O002681,C00056,E00160,2024-11-21,Completed,USD
O002682,C00295,E00179,2024-12-28,Shipped,USD
O002683,C00332,E00179,2025-02-27,Completed,USD
O002684,C00171,E00217,2023-06-14,Completed,USD
O002685,C00439,E00284,2025-10-30,Completed,USD
O002686,C00367,E00014,2024-05-04,Cancelled,USD
O002687,C00162,E00248,2024-02-09,Completed,USD
O002688,C00442,E00286,2024-11-06,Completed,USD
O002689,C00025,E00248,2023-09-27,Completed,USD
O002690,C00136,E00140,2023-12-16,Completed,USD
O002691,C00036,E00264,2024-12-07,Shipped,USD
O002692,C00103,E00211,2024-05-23,Completed,USD
O002693,C00258,E00184,2023-10-11,Shipped,USD
O002694,C00119,E00353,2023-10-06,Completed,USD
O002695,C00371,E00348,2025-04-15,Completed,USD
O002696,C00305,E00014,2024-06-16,Completed,USD
O002697,C00138,E00192,2024-10-30,Shipped,USD
O002698,C00215,E00264,2024-07-13,Processing,USD
O002699,C00218,E00281,2023-09-25,Processing,USD
O002700,C00106,E00177,2025-05-29,Processing,USD
O002701,C00331,E00014,2023-01-23,Completed,USD
O002702,C00086,E00329,2025-03-10,Completed,USD
O002703,C00439,E00084,2023-07-31,Completed,USD
O002704,C00065,E00127,2025-05-12,Completed,USD
O002705,C00284,E00348,2023-01-24,Completed,USD
O002706,C00346,E00034,2023-07-19,Cancelled,USD
O002707,C00295,E00280,2024-04-06,Processing,USD
O002708,C00083,E00357,2023-09-17,Completed,USD
O002709,C00093,E00177,2023-04-28,Completed,USD
O002710,C00324,E00192,2023-04-18,Processing,USD
O002711,C00314,E00115,2023-09-04,Completed,USD
O002712,C00219,E00138,2025-02-07,Completed,USD
O002713,C00248,E00140,2024-07-29,Completed,USD
O002714,C00150,E00280,2024-10-31,Completed,USD
O002715,C00448,E00264,2024-12-23,Completed,USD
O002716,C00302,E00336,2025-11-12,Shipped,USD
O002717,C00417,E00127,2023-02-25,Completed,USD
O002718,C00049,E00084,2024-01-19,Shipped,USD
O002719,C00204,E00064,2023-03-16,Shipped,USD
O002720,C00070,E00348,2024-02-20,Completed,USD
O002721,C00326,E00281,2025-02-08,Completed,USD
O002722,C00063,E00127,2024-08-17,Processing,USD
O002723,C00388,E00192,2023-08-29,Completed,USD
O002724,C00021,E00217,2024-01-24,Processing,USD
O002725,C00044,E00286,2025-06-27,Shipped,USD
O002726,C00363,E00284,2023-07-16,Shipped,USD
O002727,C00201,E00192,2023-02-20,Shipped,USD
O002728,C00125,E00140,2024-12-04,Completed,USD
O002729,C00001,E00127,2024-08-30,Completed,USD
O002730,C00026,E00284,2024-11-17,Completed,USD
O002731,C00190,E00140,2024-02-21,Cancelled,USD
O002732,C00214,E00286,2024-09-01,Shipped,USD
O002733,C00275,E00348,2025-11-06,Completed,USD
O002734,C00248,E00353,2023-05-23,Cancelled,USD
O002735,C00347,E00198,2025-11-15,Completed,USD
O002736,C00442,E00336,2023-03-05,Shipped,USD
O002737,C00098,E00198,2024-09-30,Processing,USD
O002738,C00179,E00081,2023-06-22,Completed,USD
O002739,C00234,E00280,2023-08-06,Processing,USD
O002740,C00310,E00198,2023-07-31,Completed,USD
O002741,C00151,E00153,2024-06-04,Completed,USD
O002742,C00010,E00084,2023-06-04,Shipped,USD
O002743,C00267,E00160,2024-11-25,Completed,USD
O002744,C00270,E00192,2024-10-16,Processing,USD
O002745,C00158,E00284,2025-09-30,Completed,USD
O002746,C00203,E00084,2024-04-01,Processing,USD
O002747,C00204,E00115,2023-03-09,Completed,USD
O002748,C00002,E00160,2025-08-15,Completed,USD
O002749,C00182,E00177,2025-03-27,Shipped,USD
O002750,C00068,E00348,2025-02-11,Cancelled,USD
O002751,C00282,E00281,2024-09-23,Completed,USD
O002752,C00168,E00286,2025-03-11,Completed,USD
O002753,C00350,E00140,2023-09-11,Shipped,USD
O002754,C00424,E00284,2024-09-27,Completed,USD
O002755,C00211,E00217,2023-12-21,Completed,USD
O002756,C00433,E00017,2024-05-22,Shipped,USD
O002757,C00039,E00034,2023-07-16,Completed,USD
O002758,C00399,E00034,2025-07-25,Completed,USD
O002759,C00302,E00084,2024-03-03,Completed,USD
O002760,C00233,E00153,2023-04-15,Completed,USD
O002761,C00244,E00348,2024-11-04,Completed,USD
O002762,C00307,E00017,2025-09-27,Completed,USD
O002763,C00363,E00177,2024-02-09,Processing,USD
O002764,C00266,E00123,2024-05-06,Processing,USD
O002765,C00288,E00284,2025-01-23,Completed,USD
O002766,C00028,E00198,2024-05-04,Completed,USD
O002767,C00072,E00014,2024-08-16,Shipped,USD
O002768,C00011,E00017,2023-09-23,Completed,USD
O002769,C00155,E00284,2023-09-23,Completed,USD
O002770,C00323,E00014,2024-01-04,Completed,USD
O002771,C00274,E00281,2024-07-30,Completed,USD
O002772,C00219,E00179,2023-06-08,Completed,USD
O002773,C00301,E00184,2023-06-29,Cancelled,USD
O002774,C00276,E00217,2023-07-22,Completed,USD
O002775,C00422,E00248,2023-04-02,Processing,USD
O002776,C00010,E00217,2025-04-22,Processing,USD
O002777,C00405,E00081,2025-05-12,Completed,USD
O002778,C00005,E00115,2023-09-05,Completed,USD
O002779,C00024,E00192,2024-08-19,Completed,USD
O002780,C00222,E00357,2024-04-21,Completed,USD
O002781,C00158,E00336,2023-05-01,Completed,USD
O002782,C00168,E00064,2023-09-25,Completed,USD
O002783,C00228,E00177,2023-05-30,Shipped,USD
O002784,C00016,E00198,2024-07-04,Cancelled,USD
O002785,C00437,E00127,2023-10-28,Completed,USD
O002786,C00136,E00160,2024-06-14,Processing,USD
O002787,C00442,E00264,2023-06-10,Shipped,USD
O002788,C00178,E00353,2023-12-22,Shipped,USD
O002789,C00380,E00017,2025-09-16,Completed,USD
O002790,C00339,E00264,2024-09-09,Completed,USD
O002791,C00102,E00198,2023-01-18,Cancelled,USD
O002792,C00137,E00198,2023-01-23,Completed,USD
O002793,C00192,E00353,2023-01-13,Processing,USD
O002794,C00255,E00153,2024-03-23,Processing,USD
O002795,C00387,E00357,2025-01-17,Shipped,USD
O002796,C00015,E00153,2024-01-13,Shipped,USD
O002797,C00233,E00217,2025-01-30,Shipped,USD
O002798,C00444,E00353,2024-08-12,Completed,USD
O002799,C00063,E00286,2024-09-01,Completed,USD
O002800,C00147,E00192,2025-07-13,Shipped,USD
O002801,C00143,E00284,2024-01-22,Processing,USD
O002802,C00163,E00280,2025-03-02,Shipped,USD
O002803,C00103,E00138,2025-04-13,Completed,USD
O002804,C00347,E00127,2025-12-29,Processing,USD
O002805,C00369,E00286,2024-11-06,Completed,USD
O002806,C00137,E00217,2025-03-20,Completed,USD
O002807,C00449,E00211,2025-07-08,Completed,USD
O002808,C00221,E00064,2023-08-25,Cancelled,USD
O002809,C00155,E00353,2024-10-27,Completed,USD
O002810,C00096,E00064,2023-04-12,Completed,USD
O002811,C00211,E00348,2023-03-02,Completed,USD
O002812,C00199,E00211,2023-02-06,Cancelled,USD
O002813,C00325,E00177,2025-01-03,Completed,USD
O002814,C00004,E00248,2025-04-21,Completed,USD
O002815,C00340,E00115,2023-08-23,Shipped,USD
O002816,C00010,E00310,2024-06-27,Shipped,USD
O002817,C00264,E00179,2024-08-12,Shipped,USD
O002818,C00017,E00140,2024-12-07,Shipped,USD
O002819,C00243,E00064,2024-09-13,Shipped,USD
O002820,C00292,E00140,2023-05-15,Completed,USD
O002821,C00156,E00280,2023-04-16,Completed,USD
O002822,C00154,E00248,2023-01-03,Completed,USD
O002823,C00208,E00115,2024-04-10,Completed,USD
O002824,C00015,E00014,2023-01-19,Processing,USD
O002825,C00284,E00348,2025-10-12,Completed,USD
O002826,C00327,E00357,2025-07-16,Completed,USD
O002827,C00157,E00064,2025-12-14,Completed,USD
O002828,C00368,E00357,2023-01-30,Completed,USD
O002829,C00159,E00034,2025-06-29,Completed,USD
O002830,C00033,E00177,2024-07-07,Completed,USD
O002831,C00400,E00179,2025-03-24,Shipped,USD
O002832,C00144,E00014,2023-09-30,Completed,USD
O002833,C00390,E00336,2024-01-26,Shipped,USD
O002834,C00355,E00081,2024-03-06,Completed,USD
O002835,C00383,E00084,2023-09-19,Processing,USD
O002836,C00088,E00284,2025-08-16,Completed,USD
O002837,C00236,E00138,2024-08-13,Shipped,USD
O002838,C00282,E00081,2025-08-19,Completed,USD
O002839,C00098,E00014,2024-05-08,Completed,USD
O002840,C00126,E00123,2025-07-26,Processing,USD
O002841,C00115,E00329,2024-08-15,Shipped,USD
O002842,C00189,E00211,2024-06-03,Shipped,USD
O002843,C00053,E00280,2025-11-29,Shipped,USD
O002844,C00112,E00179,2023-04-07,Completed,USD
O002845,C00327,E00286,2025-10-04,Processing,USD
O002846,C00023,E00184,2023-08-26,Completed,USD
O002847,C00206,E00064,2024-07-11,Completed,USD
O002848,C00113,E00184,2025-01-05,Completed,USD
O002849,C00201,E00160,2025-10-04,Completed,USD
O002850,C00197,E00248,2024-07-25,Shipped,USD
O002851,C00161,E00184,2024-10-30,Completed,USD
O002852,C00295,E00310,2023-10-03,Shipped,USD
O002853,C00385,E00217,2023-10-13,Completed,USD
O002854,C00109,E00264,2024-06-15,Shipped,USD
O002855,C00198,E00329,2023-05-27,Completed,USD
O002856,C00305,E00138,2025-04-06,Shipped,USD
O002857,C00155,E00264,2025-06-30,Completed,USD
O002858,C00113,E00192,2024-10-10,Completed,USD
O002859,C00273,E00179,2025-02-07,Completed,USD
O002860,C00166,E00017,2025-02-02,Processing,USD
O002861,C00378,E00280,2025-08-12,Completed,USD
O002862,C00128,E00160,2023-04-15,Shipped,USD
O002863,C00331,E00081,2024-01-25,Processing,USD
O002864,C00263,E00081,2025-06-19,Completed,USD
O002865,C00334,E00264,2025-02-02,Processing,USD
O002866,C00327,E00198,2024-09-15,Completed,USD
O002867,C00332,E00264,2024-11-12,Completed,USD
O002868,C00300,E00281,2025-02-14,Completed,USD
O002869,C00127,E00179,2025-11-04,Shipped,USD
O002870,C00063,E00281,2025-08-30,Completed,USD
O002871,C00292,E00280,2025-01-08,Completed,USD
O002872,C00085,E00198,2024-01-23,Shipped,USD
O002873,C00327,E00192,2025-07-23,Completed,USD
O002874,C00388,E00017,2023-04-20,Shipped,USD
O002875,C00055,E00264,2024-01-10,Shipped,USD
O002876,C00009,E00198,2024-09-01,Completed,USD
O002877,C00197,E00348,2024-10-27,Completed,USD
O002878,C00211,E00140,2025-08-08,Completed,USD
O002879,C00304,E00284,2025-05-13,Completed,USD
O002880,C00400,E00140,2025-09-26,Completed,USD
O002881,C00409,E00211,2024-08-31,Completed,USD
O002882,C00131,E00014,2024-02-25,Completed,USD
O002883,C00311,E00034,2024-06-06,Completed,USD
O002884,C00386,E00084,2025-01-16,Processing,USD
O002885,C00251,E00248,2023-03-25,Processing,USD
O002886,C00256,E00179,2024-06-29,Shipped,USD
O002887,C00099,E00177,2025-08-31,Completed,USD
O002888,C00120,E00115,2025-12-02,Shipped,USD
O002889,C00002,E00264,2025-07-04,Completed,USD
O002890,C00282,E00017,2023-11-01,Shipped,USD
O002891,C00024,E00329,2024-03-12,Completed,USD
O002892,C00446,E00281,2024-06-29,Completed,USD
O002893,C00238,E00138,2025-05-27,Processing,USD
O002894,C00445,E00336,2025-08-04,Completed,USD
O002895,C00247,E00217,2023-05-08,Completed,USD
O002896,C00376,E00280,2023-05-10,Completed,USD
O002897,C00267,E00153,2025-11-13,Completed,USD
O002898,C00103,E00348,2023-02-19,Completed,USD
O002899,C00256,E00115,2024-03-05,Completed,USD
O002900,C00160,E00211,2024-05-30,Completed,USD
O002901,C00339,E00329,2025-01-10,Completed,USD
O002902,C00086,E00115,2025-04-12,Completed,USD
O002903,C00257,E00284,2024-10-06,Processing,USD
O002904,C00424,E00177,2023-10-18,Completed,USD
O002905,C00361,E00179,2023-12-03,Processing,USD
O002906,C00362,E00248,2024-09-13,Shipped,USD
O002907,C00249,E00281,2025-01-19,Completed,USD
O002908,C00221,E00310,2025-10-14,Completed,USD
O002909,C00075,E00127,2025-02-02,Completed,USD
O002910,C00227,E00329,2024-11-14,Completed,USD
O002911,C00074,E00179,2025-12-12,Shipped,USD
O002912,C00434,E00153,2024-06-27,Shipped,USD
O002913,C00388,E00127,2025-07-01,Completed,USD
O002914,C00418,E00160,2023-04-19,Processing,USD
O002915,C00056,E00329,2023-10-27,Shipped,USD
O002916,C00027,E00034,2024-01-23,Completed,USD
O002917,C00303,E00115,2024-12-10,Completed,USD
O002918,C00141,E00281,2024-08-10,Completed,USD
O002919,C00226,E00264,2024-06-28,Completed,USD
O002920,C00123,E00184,2025-10-28,Shipped,USD
O002921,C00069,E00017,2023-08-03,Completed,USD
O002922,C00380,E00123,2024-01-12,Shipped,USD
O002923,C00348,E00115,2024-12-18,Processing,USD
O002924,C00259,E00177,2023-02-25,Processing,USD
O002925,C00083,E00014,2025-04-24,Processing,USD
O002926,C00030,E00179,2025-04-03,Shipped,USD
O002927,C00422,E00336,2024-11-26,Shipped,USD
O002928,C00161,E00198,2024-06-26,Completed,USD
O002929,C00003,E00153,2023-11-09,Processing,USD
O002930,C00133,E00198,2025-11-29,Processing,USD
O002931,C00355,E00138,2025-08-02,Completed,USD
O002932,C00039,E00017,2023-12-28,Shipped,USD
O002933,C00210,E00184,2025-07-22,Shipped,USD
O002934,C00215,E00336,2023-01-11,Processing,USD
O002935,C00323,E00014,2025-04-14,Completed,USD
O002936,C00133,E00217,2025-03-29,Shipped,USD
O002937,C00227,E00081,2023-11-07,Completed,USD
O002938,C00392,E00284,2023-02-03,Processing,USD
O002939,C00436,E00123,2025-05-02,Shipped,USD
O002940,C00049,E00115,2024-02-29,Completed,USD
O002941,C00431,E00329,2024-12-18,Shipped,USD
O002942,C00316,E00336,2024-04-28,Completed,USD
O002943,C00192,E00115,2025-05-18,Processing,USD
O002944,C00280,E00310,2024-03-10,Completed,USD
O002945,C00198,E00286,2024-06-05,Completed,USD
O002946,C00335,E00336,2023-09-16,Processing,USD
O002947,C00064,E00286,2025-04-28,Completed,USD
O002948,C00195,E00336,2025-12-15,Completed,USD
O002949,C00263,E00084,2023-02-05,Shipped,USD
O002950,C00035,E00140,2024-01-08,Shipped,USD
O002951,C00048,E00353,2023-08-10,Completed,USD
O002952,C00101,E00353,2024-03-02,Shipped,USD
O002953,C00140,E00014,2024-12-09,Completed,USD
O002954,C00163,E00017,2023-07-17,Completed,USD
O002955,C00290,E00336,2024-02-03,Shipped,USD
O002956,C00262,E00138,2025-07-27,Completed,USD
O002957,C00402,E00034,2023-04-19,Processing,USD
O002958,C00247,E00160,2025-07-27,Shipped,USD
O002959,C00073,E00198,2023-04-16,Shipped,USD
O002960,C00154,E00153,2025-09-29,Shipped,USD
O002961,C00022,E00310,2025-08-07,Completed,USD
O002962,C00369,E00138,2025-02-22,Completed,USD
O002963,C00063,E00014,2023-04-14,Completed,USD
O002964,C00231,E00281,2025-12-24,Completed,USD
O002965,C00320,E00017,2025-03-12,Completed,USD
O002966,C00420,E00198,2023-07-26,Completed,USD
O002967,C00090,E00140,2025-05-21,Completed,USD
O002968,C00209,E00211,2024-09-26,Completed,USD
O002969,C00326,E00348,2024-07-04,Processing,USD
O002970,C00275,E00336,2024-02-09,Shipped,USD
O002971,C00312,E00140,2025-07-12,Shipped,USD
O002972,C00133,E00127,2023-12-15,Completed,USD
O002973,C00419,E00348,2024-02-28,Completed,USD
O002974,C00092,E00198,2024-07-28,Completed,USD
O002975,C00410,E00138,2025-05-05,Shipped,USD
O002976,C00344,E00064,2023-10-04,Completed,USD
O002977,C00306,E00017,2023-12-29,Shipped,USD
O002978,C00403,E00211,2025-06-03,Cancelled,USD
O002979,C00022,E00336,2025-05-13,Completed,USD
O002980,C00008,E00084,2024-12-28,Completed,USD
O002981,C00027,E00138,2023-04-05,Shipped,USD
O002982,C00003,E00329,2024-09-02,Completed,USD
O002983,C00329,E00217,2023-07-06,Cancelled,USD
O002984,C00333,E00217,2023-08-17,Completed,USD
O002985,C00116,E00115,2024-07-27,Processing,USD
O002986,C00227,E00115,2023-01-01,Processing,USD
O002987,C00136,E00286,2025-01-11,Completed,USD
O002988,C00182,E00153,2025-01-07,Completed,USD
O002989,C00273,E00138,2024-08-18,Shipped,USD
O002990,C00214,E00353,2023-09-15,Completed,USD
O002991,C00064,E00217,2023-08-19,Shipped,USD
O002992,C00144,E00192,2023-02-21,Completed,USD
O002993,C00425,E00034,2025-02-14,Processing,USD
O002994,C00270,E00357,2025-12-08,Completed,USD
O002995,C00359,E00336,2025-11-14,Shipped,USD
O002996,C00128,E00286,2025-02-22,Shipped,USD
O002997,C00376,E00081,2024-10-26,Processing,USD
O002998,C00180,E00348,2024-09-02,Processing,USD
O002999,C00022,E00217,2023-11-10,Completed,USD
O003000,C00217,E00281,2023-01-02,Completed,USD
