order_item_id,order_id,product_id,line_number,quantity,unit_price_usd,discount_percent,line_total_usd
OI0000001,O000001,P0021,1,8,17850.00,0.00,142800.00
OI0000002,O000001,P0055,2,9,16840.00,15.00,128826.00
OI0000003,O000002,P0010,1,12,3500.00,10.00,37800.00
OI0000004,O000002,P0031,2,2,3650.00,0.00,7300.00
OI0000005,O000003,P0028,1,9,9080.00,5.00,77634.00
OI0000006,O000003,P0031,2,5,3650.00,0.00,18250.00
OI0000007,O000004,P0064,1,8,8250.00,0.00,66000.00
OI0000008,O000004,P0046,2,3,7120.00,0.00,21360.00
OI0000009,O000004,P0022,3,1,8500.00,0.00,8500.00
OI0000010,O000005,P0055,1,1,16840.00,10.00,15156.00
OI0000011,O000005,P0050,2,9,14600.00,0.00,131400.00
OI0000012,O000005,P0056,3,6,10190.00,0.00,61140.00
OI0000013,O000005,P0050,4,11,14600.00,0.00,160600.00
OI0000014,O000006,P0013,1,3,9840.00,0.00,29520.00
OI0000015,O000006,P0071,2,12,16680.00,15.00,170136.00
OI0000016,O000006,P0033,3,4,800.00,10.00,2880.00
OI0000017,O000006,P0058,4,4,1830.00,0.00,7320.00
OI0000018,O000007,P0059,1,7,14710.00,15.00,87524.50
OI0000019,O000008,P0060,1,2,8800.00,5.00,16720.00
OI0000020,O000008,P0002,2,8,12930.00,15.00,87924.00
OI0000021,O000008,P0017,3,3,3480.00,0.00,10440.00
OI0000022,O000009,P0017,1,1,3480.00,0.00,3480.00
OI0000023,O000009,P0049,2,7,16150.00,0.00,113050.00
OI0000024,O000009,P0052,3,8,13500.00,15.00,91800.00
OI0000025,O000010,P0077,1,9,14410.00,5.00,123205.50
OI0000026,O000010,P0015,2,4,8020.00,15.00,27268.00
OI0000027,O000010,P0077,3,4,14410.00,15.00,48994.00
OI0000028,O000010,P0009,4,9,5290.00,15.00,40468.50
OI0000029,O000011,P0067,1,4,16160.00,0.00,64640.00
OI0000030,O000012,P0036,1,11,10120.00,10.00,100188.00
OI0000031,O000012,P0063,2,3,3720.00,5.00,10602.00
OI0000032,O000012,P0011,3,5,6240.00,0.00,31200.00
OI0000033,O000012,P0039,4,2,3060.00,0.00,6120.00
OI0000034,O000013,P0051,1,2,12120.00,15.00,20604.00
OI0000035,O000013,P0014,2,7,14460.00,5.00,96159.00
OI0000036,O000014,P0055,1,8,16840.00,15.00,114512.00
OI0000037,O000014,P0068,2,3,2100.00,0.00,6300.00
OI0000038,O000014,P0021,3,1,17850.00,0.00,17850.00
OI0000039,O000015,P0051,1,1,12120.00,0.00,12120.00
OI0000040,O000015,P0051,2,2,12120.00,0.00,24240.00
OI0000041,O000015,P0025,3,5,13240.00,5.00,62890.00
OI0000042,O000015,P0029,4,8,8380.00,0.00,67040.00
OI0000043,O000015,P0039,5,3,3060.00,5.00,8721.00
OI0000044,O000016,P0028,1,6,9080.00,5.00,51756.00
OI0000045,O000017,P0028,1,8,9080.00,0.00,72640.00
OI0000046,O000017,P0052,2,1,13500.00,15.00,11475.00
OI0000047,O000018,P0052,1,3,13500.00,0.00,40500.00
OI0000048,O000018,P0011,2,4,6240.00,15.00,21216.00
OI0000049,O000019,P0044,1,2,13780.00,5.00,26182.00
OI0000050,O000020,P0054,1,6,10100.00,0.00,60600.00
OI0000051,O000020,P0024,2,1,11180.00,0.00,11180.00
OI0000052,O000020,P0059,3,5,14710.00,0.00,73550.00
OI0000053,O000021,P0027,1,6,4890.00,5.00,27873.00
OI0000054,O000021,P0057,2,8,5170.00,0.00,41360.00
OI0000055,O000021,P0061,3,2,9420.00,0.00,18840.00
OI0000056,O000022,P0017,1,8,3480.00,10.00,25056.00
OI0000057,O000022,P0046,2,3,7120.00,10.00,19224.00
OI0000058,O000023,P0013,1,3,9840.00,5.00,28044.00
OI0000059,O000023,P0012,2,9,6280.00,10.00,50868.00
OI0000060,O000023,P0049,3,4,16150.00,15.00,54910.00
OI0000061,O000024,P0007,1,11,4920.00,0.00,54120.00
OI0000062,O000025,P0073,1,8,1430.00,0.00,11440.00
OI0000063,O000025,P0013,2,4,9840.00,10.00,35424.00
OI0000064,O000025,P0008,3,9,5830.00,0.00,52470.00
OI0000065,O000025,P0025,4,3,13240.00,5.00,37734.00
OI0000066,O000025,P0026,5,12,13420.00,10.00,144936.00
OI0000067,O000026,P0071,1,5,16680.00,10.00,75060.00
OI0000068,O000026,P0029,2,9,8380.00,5.00,71649.00
OI0000069,O000027,P0020,1,3,5780.00,5.00,16473.00
OI0000070,O000027,P0043,2,12,9450.00,0.00,113400.00
OI0000071,O000027,P0041,3,6,12490.00,0.00,74940.00
OI0000072,O000027,P0001,4,2,4300.00,0.00,8600.00
OI0000073,O000028,P0048,1,9,12050.00,0.00,108450.00
OI0000074,O000028,P0068,2,7,2100.00,0.00,14700.00
OI0000075,O000028,P0034,3,4,10570.00,0.00,42280.00
OI0000076,O000029,P0017,1,9,3480.00,10.00,28188.00
OI0000077,O000029,P0056,2,7,10190.00,0.00,71330.00
OI0000078,O000029,P0073,3,5,1430.00,5.00,6792.50
OI0000079,O000030,P0019,1,10,7370.00,15.00,62645.00
OI0000080,O000030,P0017,2,4,3480.00,5.00,13224.00
OI0000081,O000030,P0057,3,11,5170.00,0.00,56870.00
OI0000082,O000031,P0043,1,6,9450.00,0.00,56700.00
OI0000083,O000032,P0031,1,3,3650.00,0.00,10950.00
OI0000084,O000033,P0004,1,12,16440.00,0.00,197280.00
OI0000085,O000033,P0021,2,3,17850.00,5.00,50872.50
OI0000086,O000033,P0055,3,2,16840.00,0.00,33680.00
OI0000087,O000033,P0074,4,5,10020.00,0.00,50100.00
OI0000088,O000033,P0057,5,9,5170.00,0.00,46530.00
OI0000089,O000034,P0049,1,12,16150.00,0.00,193800.00
OI0000090,O000034,P0024,2,9,11180.00,5.00,95589.00
OI0000091,O000035,P0026,1,9,13420.00,15.00,102663.00
OI0000092,O000036,P0054,1,4,10100.00,0.00,40400.00
OI0000093,O000037,P0036,1,3,10120.00,0.00,30360.00
OI0000094,O000037,P0047,2,1,2190.00,10.00,1971.00
OI0000095,O000038,P0033,1,11,800.00,0.00,8800.00
OI0000096,O000038,P0005,2,11,3300.00,0.00,36300.00
OI0000097,O000039,P0078,1,9,7660.00,0.00,68940.00
OI0000098,O000040,P0004,1,10,16440.00,0.00,164400.00
OI0000099,O000041,P0077,1,6,14410.00,15.00,73491.00
OI0000100,O000041,P0043,2,11,9450.00,0.00,103950.00
OI0000101,O000041,P0007,3,4,4920.00,10.00,17712.00
OI0000102,O000042,P0059,1,11,14710.00,5.00,153719.50
OI0000103,O000042,P0037,2,5,6650.00,0.00,33250.00
OI0000104,O000043,P0025,1,4,13240.00,15.00,45016.00
OI0000105,O000043,P0080,2,2,5590.00,0.00,11180.00
OI0000106,O000043,P0012,3,4,6280.00,15.00,21352.00
OI0000107,O000043,P0070,4,12,13990.00,5.00,159486.00
OI0000108,O000043,P0073,5,12,1430.00,0.00,17160.00
OI0000109,O000044,P0042,1,2,2830.00,15.00,4811.00
OI0000110,O000045,P0033,1,11,800.00,0.00,8800.00
OI0000111,O000045,P0003,2,9,14640.00,10.00,118584.00
OI0000112,O000045,P0045,3,1,14880.00,10.00,13392.00
OI0000113,O000045,P0044,4,8,13780.00,10.00,99216.00
OI0000114,O000046,P0026,1,12,13420.00,10.00,144936.00
OI0000115,O000046,P0056,2,8,10190.00,5.00,77444.00
OI0000116,O000046,P0037,3,7,6650.00,0.00,46550.00
OI0000117,O000047,P0008,1,2,5830.00,10.00,10494.00
OI0000118,O000048,P0039,1,5,3060.00,5.00,14535.00
OI0000119,O000048,P0067,2,7,16160.00,10.00,101808.00
OI0000120,O000048,P0015,3,6,8020.00,15.00,40902.00
OI0000121,O000048,P0041,4,11,12490.00,0.00,137390.00
OI0000122,O000048,P0006,5,2,570.00,0.00,1140.00
OI0000123,O000049,P0020,1,7,5780.00,0.00,40460.00
OI0000124,O000049,P0023,2,11,12130.00,0.00,133430.00
OI0000125,O000049,P0059,3,11,14710.00,5.00,153719.50
OI0000126,O000049,P0058,4,8,1830.00,15.00,12444.00
OI0000127,O000049,P0075,5,6,14230.00,0.00,85380.00
OI0000128,O000050,P0079,1,10,15570.00,15.00,132345.00
OI0000129,O000050,P0018,2,1,670.00,15.00,569.50
OI0000130,O000050,P0062,3,12,8730.00,0.00,104760.00
OI0000131,O000050,P0017,4,11,3480.00,0.00,38280.00
OI0000132,O000051,P0062,1,2,8730.00,15.00,14841.00
OI0000133,O000051,P0063,2,3,3720.00,0.00,11160.00
OI0000134,O000052,P0029,1,9,8380.00,0.00,75420.00
OI0000135,O000052,P0061,2,10,9420.00,15.00,80070.00
OI0000136,O000052,P0064,3,8,8250.00,5.00,62700.00
OI0000137,O000052,P0039,4,9,3060.00,0.00,27540.00
OI0000138,O000052,P0051,5,11,12120.00,0.00,133320.00
OI0000139,O000053,P0058,1,11,1830.00,0.00,20130.00
OI0000140,O000054,P0004,1,4,16440.00,5.00,62472.00
OI0000141,O000054,P0066,2,7,11920.00,0.00,83440.00
OI0000142,O000055,P0023,1,12,12130.00,0.00,145560.00
OI0000143,O000055,P0061,2,3,9420.00,0.00,28260.00
OI0000144,O000055,P0060,3,3,8800.00,5.00,25080.00
OI0000145,O000055,P0010,4,5,3500.00,5.00,16625.00
OI0000146,O000055,P0069,5,7,12320.00,5.00,81928.00
OI0000147,O000056,P0028,1,10,9080.00,0.00,90800.00
OI0000148,O000056,P0008,2,7,5830.00,15.00,34688.50
OI0000149,O000057,P0064,1,1,8250.00,15.00,7012.50
OI0000150,O000057,P0077,2,12,14410.00,0.00,172920.00
OI0000151,O000057,P0037,3,6,6650.00,0.00,39900.00
OI0000152,O000058,P0027,1,9,4890.00,0.00,44010.00
OI0000153,O000058,P0024,2,7,11180.00,15.00,66521.00
OI0000154,O000058,P0076,3,11,8140.00,0.00,89540.00
OI0000155,O000058,P0039,4,11,3060.00,15.00,28611.00
OI0000156,O000059,P0069,1,4,12320.00,5.00,46816.00
OI0000157,O000060,P0043,1,4,9450.00,0.00,37800.00
OI0000158,O000060,P0039,2,3,3060.00,15.00,7803.00
OI0000159,O000061,P0031,1,11,3650.00,15.00,34127.50
OI0000160,O000062,P0046,1,12,7120.00,0.00,85440.00
OI0000161,O000062,P0077,2,2,14410.00,0.00,28820.00
OI0000162,O000062,P0017,3,9,3480.00,0.00,31320.00
OI0000163,O000062,P0068,4,7,2100.00,15.00,12495.00
OI0000164,O000063,P0001,1,8,4300.00,0.00,34400.00
OI0000165,O000063,P0006,2,12,570.00,5.00,6498.00
OI0000166,O000063,P0048,3,8,12050.00,0.00,96400.00
OI0000167,O000063,P0071,4,4,16680.00,15.00,56712.00
OI0000168,O000064,P0033,1,8,800.00,0.00,6400.00
OI0000169,O000064,P0038,2,2,11890.00,0.00,23780.00
OI0000170,O000064,P0053,3,3,16730.00,0.00,50190.00
OI0000171,O000065,P0066,1,3,11920.00,0.00,35760.00
OI0000172,O000065,P0056,2,6,10190.00,0.00,61140.00
OI0000173,O000065,P0019,3,1,7370.00,0.00,7370.00
OI0000174,O000065,P0020,4,9,5780.00,0.00,52020.00
OI0000175,O000066,P0069,1,7,12320.00,0.00,86240.00
OI0000176,O000066,P0004,2,1,16440.00,0.00,16440.00
OI0000177,O000066,P0048,3,6,12050.00,10.00,65070.00
OI0000178,O000067,P0080,1,3,5590.00,0.00,16770.00
OI0000179,O000067,P0065,2,12,10680.00,0.00,128160.00
OI0000180,O000068,P0017,1,5,3480.00,0.00,17400.00
OI0000181,O000068,P0079,2,4,15570.00,15.00,52938.00
OI0000182,O000068,P0064,3,11,8250.00,10.00,81675.00
OI0000183,O000069,P0044,1,1,13780.00,15.00,11713.00
OI0000184,O000069,P0022,2,10,8500.00,10.00,76500.00
OI0000185,O000070,P0040,1,5,17530.00,10.00,78885.00
OI0000186,O000070,P0026,2,10,13420.00,5.00,127490.00
OI0000187,O000070,P0025,3,9,13240.00,0.00,119160.00
OI0000188,O000070,P0054,4,4,10100.00,0.00,40400.00
OI0000189,O000070,P0063,5,11,3720.00,15.00,34782.00
OI0000190,O000071,P0038,1,6,11890.00,0.00,71340.00
OI0000191,O000071,P0080,2,3,5590.00,0.00,16770.00
OI0000192,O000072,P0005,1,10,3300.00,5.00,31350.00
OI0000193,O000072,P0026,2,7,13420.00,15.00,79849.00
OI0000194,O000072,P0053,3,1,16730.00,15.00,14220.50
OI0000195,O000072,P0079,4,4,15570.00,0.00,62280.00
OI0000196,O000073,P0016,1,10,8740.00,10.00,78660.00
OI0000197,O000073,P0045,2,4,14880.00,10.00,53568.00
OI0000198,O000073,P0037,3,9,6650.00,0.00,59850.00
OI0000199,O000073,P0048,4,3,12050.00,10.00,32535.00
OI0000200,O000074,P0054,1,1,10100.00,15.00,8585.00
OI0000201,O000075,P0068,1,9,2100.00,0.00,18900.00
OI0000202,O000076,P0073,1,11,1430.00,5.00,14943.50
OI0000203,O000077,P0022,1,3,8500.00,0.00,25500.00
OI0000204,O000077,P0056,2,10,10190.00,5.00,96805.00
OI0000205,O000077,P0066,3,3,11920.00,0.00,35760.00
OI0000206,O000077,P0008,4,2,5830.00,10.00,10494.00
OI0000207,O000078,P0074,1,8,10020.00,5.00,76152.00
OI0000208,O000078,P0016,2,9,8740.00,0.00,78660.00
OI0000209,O000078,P0075,3,4,14230.00,0.00,56920.00
OI0000210,O000078,P0014,4,1,14460.00,0.00,14460.00
OI0000211,O000078,P0025,5,6,13240.00,5.00,75468.00
OI0000212,O000079,P0011,1,3,6240.00,0.00,18720.00
OI0000213,O000079,P0080,2,1,5590.00,15.00,4751.50
OI0000214,O000080,P0031,1,8,3650.00,15.00,24820.00
OI0000215,O000080,P0003,2,4,14640.00,0.00,58560.00
OI0000216,O000081,P0014,1,12,14460.00,0.00,173520.00
OI0000217,O000081,P0005,2,3,3300.00,10.00,8910.00
OI0000218,O000081,P0025,3,7,13240.00,5.00,88046.00
OI0000219,O000082,P0005,1,3,3300.00,5.00,9405.00
OI0000220,O000083,P0076,1,4,8140.00,0.00,32560.00
OI0000221,O000083,P0046,2,12,7120.00,0.00,85440.00
OI0000222,O000083,P0079,3,7,15570.00,10.00,98091.00
OI0000223,O000083,P0001,4,9,4300.00,10.00,34830.00
OI0000224,O000083,P0028,5,7,9080.00,10.00,57204.00
OI0000225,O000084,P0003,1,4,14640.00,5.00,55632.00
OI0000226,O000084,P0069,2,3,12320.00,0.00,36960.00
OI0000227,O000085,P0026,1,8,13420.00,5.00,101992.00
OI0000228,O000085,P0058,2,2,1830.00,10.00,3294.00
OI0000229,O000086,P0049,1,5,16150.00,0.00,80750.00
OI0000230,O000086,P0033,2,5,800.00,15.00,3400.00
OI0000231,O000086,P0056,3,2,10190.00,15.00,17323.00
OI0000232,O000086,P0009,4,6,5290.00,0.00,31740.00
OI0000233,O000087,P0035,1,12,14850.00,0.00,178200.00
OI0000234,O000087,P0005,2,12,3300.00,0.00,39600.00
OI0000235,O000087,P0052,3,1,13500.00,0.00,13500.00
OI0000236,O000087,P0007,4,10,4920.00,0.00,49200.00
OI0000237,O000088,P0006,1,3,570.00,0.00,1710.00
OI0000238,O000088,P0055,2,6,16840.00,0.00,101040.00
OI0000239,O000088,P0073,3,4,1430.00,5.00,5434.00
OI0000240,O000088,P0018,4,8,670.00,5.00,5092.00
OI0000241,O000089,P0079,1,1,15570.00,0.00,15570.00
OI0000242,O000089,P0068,2,3,2100.00,15.00,5355.00
OI0000243,O000089,P0075,3,2,14230.00,15.00,24191.00
OI0000244,O000089,P0015,4,11,8020.00,15.00,74987.00
OI0000245,O000089,P0009,5,5,5290.00,0.00,26450.00
OI0000246,O000090,P0032,1,3,330.00,0.00,990.00
OI0000247,O000090,P0028,2,4,9080.00,0.00,36320.00
OI0000248,O000091,P0061,1,10,9420.00,10.00,84780.00
OI0000249,O000091,P0075,2,10,14230.00,0.00,142300.00
OI0000250,O000092,P0035,1,10,14850.00,10.00,133650.00
OI0000251,O000092,P0004,2,4,16440.00,0.00,65760.00
OI0000252,O000093,P0024,1,6,11180.00,15.00,57018.00
OI0000253,O000093,P0053,2,2,16730.00,10.00,30114.00
OI0000254,O000093,P0009,3,6,5290.00,15.00,26979.00
OI0000255,O000093,P0049,4,8,16150.00,5.00,122740.00
OI0000256,O000093,P0036,5,12,10120.00,0.00,121440.00
OI0000257,O000094,P0024,1,5,11180.00,0.00,55900.00
OI0000258,O000094,P0078,2,10,7660.00,0.00,76600.00
OI0000259,O000095,P0025,1,11,13240.00,15.00,123794.00
OI0000260,O000095,P0023,2,3,12130.00,0.00,36390.00
OI0000261,O000095,P0014,3,5,14460.00,10.00,65070.00
OI0000262,O000095,P0055,4,7,16840.00,10.00,106092.00
OI0000263,O000096,P0001,1,7,4300.00,0.00,30100.00
OI0000264,O000096,P0037,2,4,6650.00,10.00,23940.00
OI0000265,O000096,P0058,3,7,1830.00,0.00,12810.00
OI0000266,O000097,P0072,1,3,6730.00,15.00,17161.50
OI0000267,O000097,P0020,2,9,5780.00,15.00,44217.00
OI0000268,O000097,P0009,3,2,5290.00,0.00,10580.00
OI0000269,O000097,P0053,4,4,16730.00,0.00,66920.00
OI0000270,O000098,P0027,1,11,4890.00,0.00,53790.00
OI0000271,O000098,P0025,2,11,13240.00,10.00,131076.00
OI0000272,O000098,P0025,3,1,13240.00,15.00,11254.00
OI0000273,O000099,P0055,1,12,16840.00,0.00,202080.00
OI0000274,O000099,P0071,2,10,16680.00,0.00,166800.00
OI0000275,O000099,P0037,3,4,6650.00,10.00,23940.00
OI0000276,O000099,P0071,4,8,16680.00,15.00,113424.00
OI0000277,O000099,P0070,5,2,13990.00,15.00,23783.00
OI0000278,O000100,P0065,1,1,10680.00,5.00,10146.00
OI0000279,O000100,P0018,2,8,670.00,0.00,5360.00
OI0000280,O000101,P0010,1,5,3500.00,0.00,17500.00
OI0000281,O000101,P0025,2,12,13240.00,0.00,158880.00
OI0000282,O000102,P0048,1,5,12050.00,0.00,60250.00
OI0000283,O000102,P0068,2,9,2100.00,15.00,16065.00
OI0000284,O000102,P0039,3,10,3060.00,0.00,30600.00
OI0000285,O000102,P0042,4,12,2830.00,0.00,33960.00
OI0000286,O000102,P0058,5,11,1830.00,0.00,20130.00
OI0000287,O000103,P0052,1,6,13500.00,5.00,76950.00
OI0000288,O000104,P0019,1,8,7370.00,0.00,58960.00
OI0000289,O000104,P0058,2,3,1830.00,0.00,5490.00
OI0000290,O000104,P0035,3,4,14850.00,15.00,50490.00
OI0000291,O000105,P0054,1,10,10100.00,15.00,85850.00
OI0000292,O000105,P0036,2,11,10120.00,0.00,111320.00
OI0000293,O000105,P0028,3,3,9080.00,15.00,23154.00
OI0000294,O000105,P0054,4,1,10100.00,0.00,10100.00
OI0000295,O000106,P0079,1,6,15570.00,15.00,79407.00
OI0000296,O000106,P0028,2,10,9080.00,0.00,90800.00
OI0000297,O000107,P0009,1,9,5290.00,10.00,42849.00
OI0000298,O000108,P0015,1,8,8020.00,0.00,64160.00
OI0000299,O000108,P0015,2,6,8020.00,0.00,48120.00
OI0000300,O000108,P0042,3,4,2830.00,0.00,11320.00
OI0000301,O000108,P0050,4,10,14600.00,0.00,146000.00
OI0000302,O000109,P0049,1,5,16150.00,15.00,68637.50
OI0000303,O000109,P0047,2,3,2190.00,5.00,6241.50
OI0000304,O000109,P0013,3,9,9840.00,5.00,84132.00
OI0000305,O000109,P0065,4,2,10680.00,0.00,21360.00
OI0000306,O000109,P0003,5,4,14640.00,10.00,52704.00
OI0000307,O000110,P0048,1,5,12050.00,0.00,60250.00
OI0000308,O000110,P0045,2,7,14880.00,10.00,93744.00
OI0000309,O000110,P0012,3,8,6280.00,0.00,50240.00
OI0000310,O000110,P0035,4,9,14850.00,5.00,126967.50
OI0000311,O000111,P0012,1,3,6280.00,0.00,18840.00
OI0000312,O000112,P0058,1,8,1830.00,10.00,13176.00
OI0000313,O000113,P0030,1,10,340.00,0.00,3400.00
OI0000314,O000113,P0068,2,5,2100.00,15.00,8925.00
OI0000315,O000114,P0036,1,2,10120.00,15.00,17204.00
OI0000316,O000114,P0036,2,8,10120.00,0.00,80960.00
OI0000317,O000115,P0064,1,4,8250.00,0.00,33000.00
OI0000318,O000116,P0061,1,7,9420.00,5.00,62643.00
OI0000319,O000116,P0050,2,11,14600.00,0.00,160600.00
OI0000320,O000116,P0007,3,11,4920.00,0.00,54120.00
OI0000321,O000116,P0077,4,5,14410.00,15.00,61242.50
OI0000322,O000117,P0069,1,12,12320.00,0.00,147840.00
OI0000323,O000117,P0055,2,8,16840.00,10.00,121248.00
OI0000324,O000118,P0051,1,8,12120.00,0.00,96960.00
OI0000325,O000119,P0043,1,2,9450.00,10.00,17010.00
OI0000326,O000120,P0040,1,12,17530.00,0.00,210360.00
OI0000327,O000120,P0055,2,7,16840.00,0.00,117880.00
OI0000328,O000120,P0066,3,5,11920.00,0.00,59600.00
OI0000329,O000120,P0043,4,11,9450.00,5.00,98752.50
OI0000330,O000121,P0062,1,8,8730.00,5.00,66348.00
OI0000331,O000122,P0020,1,4,5780.00,0.00,23120.00
OI0000332,O000122,P0030,2,5,340.00,10.00,1530.00
OI0000333,O000123,P0079,1,3,15570.00,15.00,39703.50
OI0000334,O000123,P0072,2,8,6730.00,10.00,48456.00
OI0000335,O000124,P0014,1,1,14460.00,15.00,12291.00
OI0000336,O000124,P0013,2,11,9840.00,0.00,108240.00
OI0000337,O000124,P0044,3,3,13780.00,0.00,41340.00
OI0000338,O000124,P0008,4,8,5830.00,0.00,46640.00
OI0000339,O000124,P0053,5,8,16730.00,5.00,127148.00
OI0000340,O000125,P0015,1,10,8020.00,15.00,68170.00
OI0000341,O000125,P0080,2,1,5590.00,10.00,5031.00
OI0000342,O000125,P0025,3,12,13240.00,15.00,135048.00
OI0000343,O000126,P0014,1,5,14460.00,0.00,72300.00
OI0000344,O000126,P0051,2,10,12120.00,5.00,115140.00
OI0000345,O000126,P0048,3,10,12050.00,0.00,120500.00
OI0000346,O000126,P0067,4,10,16160.00,15.00,137360.00
OI0000347,O000126,P0054,5,7,10100.00,5.00,67165.00
OI0000348,O000127,P0013,1,5,9840.00,10.00,44280.00
OI0000349,O000127,P0047,2,3,2190.00,15.00,5584.50
OI0000350,O000128,P0053,1,5,16730.00,0.00,83650.00
OI0000351,O000128,P0054,2,8,10100.00,10.00,72720.00
OI0000352,O000129,P0011,1,5,6240.00,0.00,31200.00
OI0000353,O000130,P0050,1,2,14600.00,0.00,29200.00
OI0000354,O000131,P0006,1,8,570.00,0.00,4560.00
OI0000355,O000131,P0076,2,9,8140.00,0.00,73260.00
OI0000356,O000131,P0021,3,12,17850.00,0.00,214200.00
OI0000357,O000132,P0015,1,4,8020.00,0.00,32080.00
OI0000358,O000133,P0018,1,4,670.00,0.00,2680.00
OI0000359,O000133,P0055,2,4,16840.00,10.00,60624.00
OI0000360,O000133,P0004,3,3,16440.00,0.00,49320.00
OI0000361,O000133,P0001,4,10,4300.00,5.00,40850.00
OI0000362,O000134,P0046,1,10,7120.00,5.00,67640.00
OI0000363,O000134,P0056,2,1,10190.00,5.00,9680.50
OI0000364,O000134,P0064,3,12,8250.00,0.00,99000.00
OI0000365,O000134,P0062,4,2,8730.00,0.00,17460.00
OI0000366,O000135,P0054,1,12,10100.00,0.00,121200.00
OI0000367,O000136,P0055,1,9,16840.00,0.00,151560.00
OI0000368,O000136,P0046,2,12,7120.00,10.00,76896.00
OI0000369,O000137,P0077,1,4,14410.00,15.00,48994.00
OI0000370,O000137,P0020,2,4,5780.00,0.00,23120.00
OI0000371,O000137,P0062,3,5,8730.00,0.00,43650.00
OI0000372,O000137,P0014,4,9,14460.00,15.00,110619.00
OI0000373,O000138,P0018,1,1,670.00,0.00,670.00
OI0000374,O000138,P0058,2,3,1830.00,5.00,5215.50
OI0000375,O000138,P0036,3,8,10120.00,0.00,80960.00
OI0000376,O000138,P0034,4,9,10570.00,5.00,90373.50
OI0000377,O000139,P0049,1,3,16150.00,0.00,48450.00
OI0000378,O000139,P0031,2,4,3650.00,10.00,13140.00
OI0000379,O000140,P0049,1,8,16150.00,0.00,129200.00
OI0000380,O000140,P0016,2,2,8740.00,0.00,17480.00
OI0000381,O000140,P0078,3,2,7660.00,5.00,14554.00
OI0000382,O000140,P0073,4,7,1430.00,10.00,9009.00
OI0000383,O000141,P0049,1,12,16150.00,15.00,164730.00
OI0000384,O000141,P0063,2,1,3720.00,10.00,3348.00
OI0000385,O000141,P0027,3,9,4890.00,0.00,44010.00
OI0000386,O000141,P0026,4,11,13420.00,15.00,125477.00
OI0000387,O000142,P0062,1,7,8730.00,15.00,51943.50
OI0000388,O000142,P0002,2,9,12930.00,0.00,116370.00
OI0000389,O000142,P0009,3,9,5290.00,10.00,42849.00
OI0000390,O000142,P0021,4,11,17850.00,15.00,166897.50
OI0000391,O000142,P0067,5,9,16160.00,15.00,123624.00
OI0000392,O000143,P0003,1,4,14640.00,5.00,55632.00
OI0000393,O000143,P0064,2,6,8250.00,0.00,49500.00
OI0000394,O000143,P0051,3,10,12120.00,10.00,109080.00
OI0000395,O000143,P0022,4,12,8500.00,10.00,91800.00
OI0000396,O000143,P0001,5,4,4300.00,0.00,17200.00
OI0000397,O000144,P0047,1,9,2190.00,0.00,19710.00
OI0000398,O000144,P0044,2,6,13780.00,0.00,82680.00
OI0000399,O000144,P0079,3,8,15570.00,0.00,124560.00
OI0000400,O000144,P0044,4,2,13780.00,0.00,27560.00
OI0000401,O000144,P0065,5,10,10680.00,0.00,106800.00
OI0000402,O000145,P0026,1,3,13420.00,0.00,40260.00
OI0000403,O000146,P0020,1,10,5780.00,0.00,57800.00
OI0000404,O000146,P0068,2,2,2100.00,15.00,3570.00
OI0000405,O000146,P0022,3,1,8500.00,5.00,8075.00
OI0000406,O000147,P0030,1,12,340.00,10.00,3672.00
OI0000407,O000148,P0069,1,1,12320.00,5.00,11704.00
OI0000408,O000149,P0075,1,5,14230.00,10.00,64035.00
OI0000409,O000149,P0052,2,8,13500.00,0.00,108000.00
OI0000410,O000149,P0012,3,3,6280.00,10.00,16956.00
OI0000411,O000149,P0061,4,1,9420.00,0.00,9420.00
OI0000412,O000149,P0040,5,3,17530.00,5.00,49960.50
OI0000413,O000150,P0032,1,7,330.00,15.00,1963.50
OI0000414,O000150,P0046,2,2,7120.00,0.00,14240.00
OI0000415,O000151,P0073,1,10,1430.00,0.00,14300.00
OI0000416,O000152,P0052,1,7,13500.00,0.00,94500.00
OI0000417,O000152,P0033,2,9,800.00,0.00,7200.00
OI0000418,O000152,P0052,3,1,13500.00,0.00,13500.00
OI0000419,O000153,P0030,1,11,340.00,5.00,3553.00
OI0000420,O000153,P0046,2,3,7120.00,0.00,21360.00
OI0000421,O000153,P0041,3,12,12490.00,0.00,149880.00
OI0000422,O000153,P0054,4,8,10100.00,5.00,76760.00
OI0000423,O000153,P0003,5,11,14640.00,15.00,136884.00
OI0000424,O000154,P0015,1,1,8020.00,0.00,8020.00
OI0000425,O000155,P0072,1,1,6730.00,15.00,5720.50
OI0000426,O000156,P0080,1,3,5590.00,15.00,14254.50
OI0000427,O000157,P0078,1,11,7660.00,0.00,84260.00
OI0000428,O000157,P0016,2,5,8740.00,5.00,41515.00
OI0000429,O000157,P0013,3,1,9840.00,0.00,9840.00
OI0000430,O000158,P0008,1,3,5830.00,0.00,17490.00
OI0000431,O000158,P0076,2,11,8140.00,5.00,85063.00
OI0000432,O000159,P0007,1,4,4920.00,10.00,17712.00
OI0000433,O000159,P0014,2,10,14460.00,0.00,144600.00
OI0000434,O000159,P0011,3,5,6240.00,10.00,28080.00
OI0000435,O000160,P0061,1,1,9420.00,15.00,8007.00
OI0000436,O000161,P0034,1,6,10570.00,10.00,57078.00
OI0000437,O000162,P0043,1,11,9450.00,15.00,88357.50
OI0000438,O000162,P0034,2,10,10570.00,15.00,89845.00
OI0000439,O000162,P0061,3,3,9420.00,0.00,28260.00
OI0000440,O000163,P0060,1,11,8800.00,5.00,91960.00
OI0000441,O000163,P0072,2,9,6730.00,0.00,60570.00
OI0000442,O000163,P0047,3,7,2190.00,0.00,15330.00
OI0000443,O000164,P0016,1,8,8740.00,10.00,62928.00
OI0000444,O000164,P0062,2,9,8730.00,0.00,78570.00
OI0000445,O000164,P0080,3,8,5590.00,0.00,44720.00
OI0000446,O000165,P0057,1,7,5170.00,0.00,36190.00
OI0000447,O000165,P0060,2,9,8800.00,15.00,67320.00
OI0000448,O000165,P0059,3,2,14710.00,0.00,29420.00
OI0000449,O000165,P0033,4,8,800.00,0.00,6400.00
OI0000450,O000165,P0037,5,6,6650.00,10.00,35910.00
OI0000451,O000166,P0071,1,3,16680.00,0.00,50040.00
OI0000452,O000166,P0006,2,3,570.00,0.00,1710.00
OI0000453,O000166,P0017,3,1,3480.00,15.00,2958.00
OI0000454,O000167,P0016,1,6,8740.00,10.00,47196.00
OI0000455,O000167,P0078,2,3,7660.00,0.00,22980.00
OI0000456,O000167,P0046,3,10,7120.00,5.00,67640.00
OI0000457,O000167,P0038,4,12,11890.00,0.00,142680.00
OI0000458,O000167,P0039,5,5,3060.00,0.00,15300.00
OI0000459,O000168,P0017,1,11,3480.00,0.00,38280.00
OI0000460,O000168,P0054,2,2,10100.00,5.00,19190.00
OI0000461,O000169,P0023,1,10,12130.00,0.00,121300.00
OI0000462,O000169,P0019,2,2,7370.00,10.00,13266.00
OI0000463,O000169,P0024,3,8,11180.00,0.00,89440.00
OI0000464,O000169,P0022,4,12,8500.00,0.00,102000.00
OI0000465,O000169,P0075,5,4,14230.00,10.00,51228.00
OI0000466,O000170,P0044,1,9,13780.00,5.00,117819.00
OI0000467,O000170,P0078,2,7,7660.00,15.00,45577.00
OI0000468,O000170,P0076,3,8,8140.00,5.00,61864.00
OI0000469,O000171,P0037,1,11,6650.00,0.00,73150.00
OI0000470,O000171,P0045,2,4,14880.00,10.00,53568.00
OI0000471,O000171,P0023,3,6,12130.00,15.00,61863.00
OI0000472,O000171,P0026,4,8,13420.00,5.00,101992.00
OI0000473,O000171,P0006,5,10,570.00,0.00,5700.00
OI0000474,O000172,P0021,1,10,17850.00,0.00,178500.00
OI0000475,O000172,P0039,2,10,3060.00,0.00,30600.00
OI0000476,O000172,P0006,3,8,570.00,15.00,3876.00
OI0000477,O000172,P0010,4,10,3500.00,0.00,35000.00
OI0000478,O000173,P0035,1,2,14850.00,0.00,29700.00
OI0000479,O000174,P0026,1,5,13420.00,15.00,57035.00
OI0000480,O000175,P0026,1,7,13420.00,0.00,93940.00
OI0000481,O000175,P0068,2,12,2100.00,0.00,25200.00
OI0000482,O000176,P0077,1,2,14410.00,0.00,28820.00
OI0000483,O000176,P0003,2,3,14640.00,0.00,43920.00
OI0000484,O000177,P0032,1,12,330.00,0.00,3960.00
OI0000485,O000177,P0012,2,7,6280.00,0.00,43960.00
OI0000486,O000177,P0046,3,12,7120.00,0.00,85440.00
OI0000487,O000177,P0035,4,10,14850.00,15.00,126225.00
OI0000488,O000178,P0039,1,2,3060.00,15.00,5202.00
OI0000489,O000178,P0034,2,7,10570.00,0.00,73990.00
OI0000490,O000178,P0010,3,10,3500.00,0.00,35000.00
OI0000491,O000179,P0042,1,11,2830.00,5.00,29573.50
OI0000492,O000179,P0021,2,9,17850.00,15.00,136552.50
OI0000493,O000180,P0047,1,6,2190.00,0.00,13140.00
OI0000494,O000180,P0047,2,9,2190.00,15.00,16753.50
OI0000495,O000180,P0004,3,1,16440.00,15.00,13974.00
OI0000496,O000180,P0020,4,3,5780.00,0.00,17340.00
OI0000497,O000181,P0059,1,6,14710.00,10.00,79434.00
OI0000498,O000182,P0050,1,2,14600.00,10.00,26280.00
OI0000499,O000183,P0003,1,3,14640.00,5.00,41724.00
OI0000500,O000183,P0029,2,9,8380.00,0.00,75420.00
OI0000501,O000183,P0004,3,4,16440.00,5.00,62472.00
OI0000502,O000184,P0077,1,6,14410.00,10.00,77814.00
OI0000503,O000184,P0080,2,9,5590.00,10.00,45279.00
OI0000504,O000185,P0070,1,9,13990.00,5.00,119614.50
OI0000505,O000185,P0015,2,10,8020.00,5.00,76190.00
OI0000506,O000185,P0065,3,1,10680.00,15.00,9078.00
OI0000507,O000185,P0048,4,6,12050.00,0.00,72300.00
OI0000508,O000185,P0049,5,7,16150.00,5.00,107397.50
OI0000509,O000186,P0058,1,6,1830.00,5.00,10431.00
OI0000510,O000186,P0068,2,8,2100.00,0.00,16800.00
OI0000511,O000186,P0036,3,5,10120.00,5.00,48070.00
OI0000512,O000186,P0076,4,8,8140.00,0.00,65120.00
OI0000513,O000186,P0028,5,5,9080.00,0.00,45400.00
OI0000514,O000187,P0023,1,1,12130.00,0.00,12130.00
OI0000515,O000187,P0022,2,3,8500.00,5.00,24225.00
OI0000516,O000187,P0024,3,7,11180.00,5.00,74347.00
OI0000517,O000188,P0071,1,4,16680.00,0.00,66720.00
OI0000518,O000188,P0075,2,2,14230.00,5.00,27037.00
OI0000519,O000188,P0032,3,1,330.00,10.00,297.00
OI0000520,O000188,P0074,4,12,10020.00,15.00,102204.00
OI0000521,O000189,P0039,1,3,3060.00,10.00,8262.00
OI0000522,O000189,P0052,2,10,13500.00,0.00,135000.00
OI0000523,O000189,P0001,3,10,4300.00,0.00,43000.00
OI0000524,O000189,P0065,4,10,10680.00,10.00,96120.00
OI0000525,O000190,P0031,1,8,3650.00,15.00,24820.00
OI0000526,O000190,P0057,2,10,5170.00,0.00,51700.00
OI0000527,O000190,P0070,3,11,13990.00,0.00,153890.00
OI0000528,O000191,P0020,1,2,5780.00,0.00,11560.00
OI0000529,O000192,P0075,1,12,14230.00,15.00,145146.00
OI0000530,O000192,P0034,2,11,10570.00,0.00,116270.00
OI0000531,O000192,P0031,3,8,3650.00,10.00,26280.00
OI0000532,O000193,P0080,1,1,5590.00,5.00,5310.50
OI0000533,O000193,P0077,2,2,14410.00,15.00,24497.00
OI0000534,O000193,P0007,3,3,4920.00,0.00,14760.00
OI0000535,O000194,P0031,1,8,3650.00,15.00,24820.00
OI0000536,O000194,P0076,2,11,8140.00,15.00,76109.00
OI0000537,O000195,P0043,1,12,9450.00,0.00,113400.00
OI0000538,O000195,P0058,2,8,1830.00,0.00,14640.00
OI0000539,O000195,P0019,3,3,7370.00,10.00,19899.00
OI0000540,O000195,P0022,4,7,8500.00,15.00,50575.00
OI0000541,O000195,P0070,5,2,13990.00,0.00,27980.00
OI0000542,O000196,P0050,1,3,14600.00,0.00,43800.00
OI0000543,O000196,P0041,2,6,12490.00,0.00,74940.00
OI0000544,O000196,P0038,3,11,11890.00,0.00,130790.00
OI0000545,O000196,P0015,4,7,8020.00,0.00,56140.00
OI0000546,O000196,P0029,5,1,8380.00,0.00,8380.00
OI0000547,O000197,P0039,1,5,3060.00,0.00,15300.00
OI0000548,O000197,P0013,2,10,9840.00,5.00,93480.00
OI0000549,O000197,P0015,3,6,8020.00,0.00,48120.00
OI0000550,O000198,P0018,1,7,670.00,0.00,4690.00
OI0000551,O000198,P0040,2,7,17530.00,10.00,110439.00
OI0000552,O000198,P0071,3,9,16680.00,0.00,150120.00
OI0000553,O000198,P0077,4,8,14410.00,15.00,97988.00
OI0000554,O000199,P0014,1,8,14460.00,0.00,115680.00
OI0000555,O000199,P0070,2,1,13990.00,0.00,13990.00
OI0000556,O000199,P0071,3,9,16680.00,10.00,135108.00
OI0000557,O000199,P0030,4,10,340.00,0.00,3400.00
OI0000558,O000199,P0068,5,3,2100.00,5.00,5985.00
OI0000559,O000200,P0049,1,7,16150.00,0.00,113050.00
OI0000560,O000200,P0066,2,1,11920.00,0.00,11920.00
OI0000561,O000200,P0071,3,11,16680.00,0.00,183480.00
OI0000562,O000200,P0044,4,2,13780.00,5.00,26182.00
OI0000563,O000200,P0071,5,4,16680.00,0.00,66720.00
OI0000564,O000201,P0014,1,9,14460.00,5.00,123633.00
OI0000565,O000201,P0061,2,8,9420.00,10.00,67824.00
OI0000566,O000201,P0053,3,3,16730.00,0.00,50190.00
OI0000567,O000202,P0033,1,2,800.00,10.00,1440.00
OI0000568,O000202,P0014,2,1,14460.00,0.00,14460.00
OI0000569,O000203,P0023,1,12,12130.00,0.00,145560.00
OI0000570,O000204,P0040,1,9,17530.00,15.00,134104.50
OI0000571,O000204,P0037,2,5,6650.00,0.00,33250.00
OI0000572,O000204,P0072,3,7,6730.00,0.00,47110.00
OI0000573,O000204,P0079,4,4,15570.00,0.00,62280.00
OI0000574,O000205,P0023,1,1,12130.00,15.00,10310.50
OI0000575,O000206,P0007,1,6,4920.00,5.00,28044.00
OI0000576,O000206,P0069,2,6,12320.00,0.00,73920.00
OI0000577,O000206,P0059,3,1,14710.00,0.00,14710.00
OI0000578,O000207,P0066,1,9,11920.00,0.00,107280.00
OI0000579,O000208,P0059,1,1,14710.00,0.00,14710.00
OI0000580,O000209,P0065,1,2,10680.00,0.00,21360.00
OI0000581,O000210,P0023,1,12,12130.00,5.00,138282.00
OI0000582,O000210,P0014,2,11,14460.00,0.00,159060.00
OI0000583,O000210,P0024,3,1,11180.00,5.00,10621.00
OI0000584,O000210,P0026,4,11,13420.00,0.00,147620.00
OI0000585,O000211,P0033,1,8,800.00,0.00,6400.00
OI0000586,O000211,P0078,2,7,7660.00,10.00,48258.00
OI0000587,O000211,P0077,3,4,14410.00,0.00,57640.00
OI0000588,O000211,P0066,4,3,11920.00,0.00,35760.00
OI0000589,O000212,P0007,1,3,4920.00,5.00,14022.00
OI0000590,O000212,P0027,2,5,4890.00,0.00,24450.00
OI0000591,O000212,P0072,3,12,6730.00,5.00,76722.00
OI0000592,O000212,P0001,4,9,4300.00,15.00,32895.00
OI0000593,O000212,P0076,5,10,8140.00,0.00,81400.00
OI0000594,O000213,P0066,1,3,11920.00,0.00,35760.00
OI0000595,O000214,P0056,1,10,10190.00,15.00,86615.00
OI0000596,O000214,P0051,2,3,12120.00,0.00,36360.00
OI0000597,O000214,P0029,3,4,8380.00,0.00,33520.00
OI0000598,O000214,P0056,4,4,10190.00,15.00,34646.00
OI0000599,O000214,P0050,5,8,14600.00,10.00,105120.00
OI0000600,O000215,P0021,1,8,17850.00,0.00,142800.00
OI0000601,O000215,P0025,2,8,13240.00,0.00,105920.00
OI0000602,O000215,P0046,3,5,7120.00,5.00,33820.00
OI0000603,O000215,P0013,4,8,9840.00,5.00,74784.00
OI0000604,O000215,P0011,5,2,6240.00,15.00,10608.00
OI0000605,O000216,P0013,1,4,9840.00,0.00,39360.00
OI0000606,O000216,P0074,2,12,10020.00,0.00,120240.00
OI0000607,O000216,P0025,3,2,13240.00,5.00,25156.00
OI0000608,O000216,P0029,4,6,8380.00,0.00,50280.00
OI0000609,O000216,P0008,5,9,5830.00,15.00,44599.50
OI0000610,O000217,P0073,1,6,1430.00,15.00,7293.00
OI0000611,O000217,P0076,2,9,8140.00,0.00,73260.00
OI0000612,O000217,P0031,3,5,3650.00,0.00,18250.00
OI0000613,O000218,P0012,1,2,6280.00,15.00,10676.00
OI0000614,O000218,P0014,2,5,14460.00,15.00,61455.00
OI0000615,O000218,P0043,3,3,9450.00,0.00,28350.00
OI0000616,O000218,P0074,4,5,10020.00,0.00,50100.00
OI0000617,O000218,P0057,5,4,5170.00,10.00,18612.00
OI0000618,O000219,P0031,1,10,3650.00,5.00,34675.00
OI0000619,O000219,P0056,2,3,10190.00,5.00,29041.50
OI0000620,O000219,P0007,3,5,4920.00,5.00,23370.00
OI0000621,O000219,P0076,4,10,8140.00,0.00,81400.00
OI0000622,O000220,P0037,1,7,6650.00,5.00,44222.50
OI0000623,O000220,P0052,2,11,13500.00,0.00,148500.00
OI0000624,O000220,P0030,3,3,340.00,0.00,1020.00
OI0000625,O000221,P0010,1,12,3500.00,5.00,39900.00
OI0000626,O000222,P0072,1,6,6730.00,0.00,40380.00
OI0000627,O000222,P0029,2,6,8380.00,15.00,42738.00
OI0000628,O000222,P0052,3,3,13500.00,0.00,40500.00
OI0000629,O000222,P0075,4,11,14230.00,15.00,133050.50
OI0000630,O000223,P0063,1,4,3720.00,15.00,12648.00
OI0000631,O000223,P0056,2,12,10190.00,15.00,103938.00
OI0000632,O000224,P0049,1,6,16150.00,5.00,92055.00
OI0000633,O000224,P0059,2,4,14710.00,5.00,55898.00
OI0000634,O000224,P0021,3,5,17850.00,15.00,75862.50
OI0000635,O000224,P0030,4,12,340.00,15.00,3468.00
OI0000636,O000225,P0032,1,2,330.00,0.00,660.00
OI0000637,O000225,P0039,2,12,3060.00,0.00,36720.00
OI0000638,O000225,P0062,3,6,8730.00,0.00,52380.00
OI0000639,O000226,P0039,1,8,3060.00,5.00,23256.00
OI0000640,O000226,P0016,2,12,8740.00,10.00,94392.00
OI0000641,O000226,P0029,3,10,8380.00,5.00,79610.00
OI0000642,O000226,P0001,4,1,4300.00,10.00,3870.00
OI0000643,O000227,P0076,1,10,8140.00,0.00,81400.00
OI0000644,O000227,P0053,2,4,16730.00,0.00,66920.00
OI0000645,O000227,P0049,3,1,16150.00,0.00,16150.00
OI0000646,O000227,P0005,4,6,3300.00,5.00,18810.00
OI0000647,O000227,P0016,5,12,8740.00,0.00,104880.00
OI0000648,O000228,P0066,1,2,11920.00,15.00,20264.00
OI0000649,O000228,P0025,2,4,13240.00,0.00,52960.00
OI0000650,O000228,P0063,3,11,3720.00,0.00,40920.00
OI0000651,O000229,P0026,1,12,13420.00,15.00,136884.00
OI0000652,O000229,P0020,2,7,5780.00,0.00,40460.00
OI0000653,O000229,P0007,3,6,4920.00,0.00,29520.00
OI0000654,O000230,P0070,1,7,13990.00,0.00,97930.00
OI0000655,O000230,P0063,2,6,3720.00,10.00,20088.00
OI0000656,O000230,P0045,3,6,14880.00,10.00,80352.00
OI0000657,O000230,P0063,4,4,3720.00,15.00,12648.00
OI0000658,O000231,P0026,1,8,13420.00,15.00,91256.00
OI0000659,O000231,P0040,2,2,17530.00,0.00,35060.00
OI0000660,O000231,P0043,3,7,9450.00,0.00,66150.00
OI0000661,O000231,P0050,4,8,14600.00,15.00,99280.00
OI0000662,O000231,P0037,5,8,6650.00,0.00,53200.00
OI0000663,O000232,P0049,1,9,16150.00,0.00,145350.00
OI0000664,O000232,P0056,2,6,10190.00,10.00,55026.00
OI0000665,O000232,P0003,3,8,14640.00,15.00,99552.00
OI0000666,O000232,P0011,4,4,6240.00,0.00,24960.00
OI0000667,O000232,P0033,5,12,800.00,0.00,9600.00
OI0000668,O000233,P0068,1,2,2100.00,10.00,3780.00
OI0000669,O000234,P0004,1,12,16440.00,5.00,187416.00
OI0000670,O000234,P0043,2,10,9450.00,0.00,94500.00
OI0000671,O000234,P0056,3,8,10190.00,10.00,73368.00
OI0000672,O000235,P0005,1,10,3300.00,0.00,33000.00
OI0000673,O000235,P0012,2,11,6280.00,0.00,69080.00
OI0000674,O000235,P0059,3,8,14710.00,0.00,117680.00
OI0000675,O000235,P0049,4,9,16150.00,0.00,145350.00
OI0000676,O000235,P0021,5,6,17850.00,15.00,91035.00
OI0000677,O000236,P0006,1,5,570.00,0.00,2850.00
OI0000678,O000236,P0008,2,9,5830.00,5.00,49846.50
OI0000679,O000236,P0013,3,11,9840.00,0.00,108240.00
OI0000680,O000236,P0015,4,8,8020.00,0.00,64160.00
OI0000681,O000236,P0066,5,1,11920.00,10.00,10728.00
OI0000682,O000237,P0051,1,8,12120.00,0.00,96960.00
OI0000683,O000237,P0004,2,9,16440.00,10.00,133164.00
OI0000684,O000237,P0005,3,4,3300.00,10.00,11880.00
OI0000685,O000238,P0007,1,2,4920.00,0.00,9840.00
OI0000686,O000238,P0026,2,1,13420.00,10.00,12078.00
OI0000687,O000238,P0056,3,8,10190.00,15.00,69292.00
OI0000688,O000238,P0065,4,7,10680.00,5.00,71022.00
OI0000689,O000239,P0046,1,3,7120.00,0.00,21360.00
OI0000690,O000239,P0017,2,1,3480.00,10.00,3132.00
OI0000691,O000239,P0002,3,10,12930.00,0.00,129300.00
OI0000692,O000239,P0005,4,10,3300.00,10.00,29700.00
OI0000693,O000239,P0070,5,2,13990.00,10.00,25182.00
OI0000694,O000240,P0074,1,6,10020.00,15.00,51102.00
OI0000695,O000240,P0047,2,1,2190.00,15.00,1861.50
OI0000696,O000240,P0027,3,3,4890.00,0.00,14670.00
OI0000697,O000240,P0051,4,11,12120.00,0.00,133320.00
OI0000698,O000241,P0071,1,3,16680.00,0.00,50040.00
OI0000699,O000241,P0034,2,8,10570.00,10.00,76104.00
OI0000700,O000241,P0017,3,5,3480.00,0.00,17400.00
OI0000701,O000242,P0032,1,4,330.00,5.00,1254.00
OI0000702,O000242,P0005,2,9,3300.00,0.00,29700.00
OI0000703,O000243,P0026,1,6,13420.00,0.00,80520.00
OI0000704,O000243,P0069,2,7,12320.00,0.00,86240.00
OI0000705,O000244,P0079,1,5,15570.00,5.00,73957.50
OI0000706,O000244,P0057,2,4,5170.00,0.00,20680.00
OI0000707,O000244,P0028,3,6,9080.00,0.00,54480.00
OI0000708,O000245,P0069,1,1,12320.00,5.00,11704.00
OI0000709,O000245,P0056,2,7,10190.00,15.00,60630.50
OI0000710,O000246,P0006,1,1,570.00,0.00,570.00
OI0000711,O000246,P0079,2,6,15570.00,0.00,93420.00
OI0000712,O000246,P0057,3,4,5170.00,0.00,20680.00
OI0000713,O000246,P0078,4,6,7660.00,15.00,39066.00
OI0000714,O000247,P0027,1,8,4890.00,15.00,33252.00
OI0000715,O000247,P0034,2,8,10570.00,15.00,71876.00
OI0000716,O000247,P0040,3,5,17530.00,5.00,83267.50
OI0000717,O000247,P0038,4,1,11890.00,0.00,11890.00
OI0000718,O000248,P0056,1,7,10190.00,5.00,67763.50
OI0000719,O000248,P0042,2,2,2830.00,0.00,5660.00
OI0000720,O000248,P0031,3,4,3650.00,0.00,14600.00
OI0000721,O000248,P0013,4,10,9840.00,10.00,88560.00
OI0000722,O000248,P0006,5,8,570.00,0.00,4560.00
OI0000723,O000249,P0064,1,8,8250.00,0.00,66000.00
OI0000724,O000249,P0003,2,3,14640.00,15.00,37332.00
OI0000725,O000249,P0009,3,7,5290.00,15.00,31475.50
OI0000726,O000249,P0066,4,9,11920.00,10.00,96552.00
OI0000727,O000250,P0043,1,11,9450.00,10.00,93555.00
OI0000728,O000250,P0018,2,5,670.00,0.00,3350.00
OI0000729,O000250,P0031,3,10,3650.00,5.00,34675.00
OI0000730,O000250,P0001,4,7,4300.00,0.00,30100.00
OI0000731,O000250,P0075,5,9,14230.00,0.00,128070.00
OI0000732,O000251,P0003,1,2,14640.00,0.00,29280.00
OI0000733,O000251,P0017,2,9,3480.00,0.00,31320.00
OI0000734,O000252,P0070,1,6,13990.00,10.00,75546.00
OI0000735,O000252,P0036,2,5,10120.00,0.00,50600.00
OI0000736,O000252,P0022,3,3,8500.00,10.00,22950.00
OI0000737,O000253,P0025,1,10,13240.00,15.00,112540.00
OI0000738,O000254,P0046,1,7,7120.00,0.00,49840.00
OI0000739,O000254,P0004,2,2,16440.00,5.00,31236.00
OI0000740,O000254,P0022,3,4,8500.00,10.00,30600.00
OI0000741,O000255,P0027,1,3,4890.00,0.00,14670.00
OI0000742,O000255,P0073,2,1,1430.00,10.00,1287.00
OI0000743,O000256,P0080,1,4,5590.00,10.00,20124.00
OI0000744,O000257,P0032,1,11,330.00,0.00,3630.00
OI0000745,O000257,P0044,2,7,13780.00,0.00,96460.00
OI0000746,O000257,P0001,3,11,4300.00,0.00,47300.00
OI0000747,O000257,P0015,4,12,8020.00,0.00,96240.00
OI0000748,O000258,P0022,1,12,8500.00,5.00,96900.00
OI0000749,O000259,P0075,1,8,14230.00,0.00,113840.00
OI0000750,O000259,P0023,2,11,12130.00,0.00,133430.00
OI0000751,O000259,P0047,3,3,2190.00,0.00,6570.00
OI0000752,O000260,P0043,1,3,9450.00,5.00,26932.50
OI0000753,O000260,P0069,2,12,12320.00,5.00,140448.00
OI0000754,O000260,P0019,3,2,7370.00,0.00,14740.00
OI0000755,O000261,P0068,1,7,2100.00,5.00,13965.00
OI0000756,O000261,P0057,2,4,5170.00,0.00,20680.00
OI0000757,O000262,P0075,1,11,14230.00,10.00,140877.00
OI0000758,O000263,P0078,1,3,7660.00,15.00,19533.00
OI0000759,O000263,P0058,2,1,1830.00,10.00,1647.00
OI0000760,O000263,P0064,3,12,8250.00,5.00,94050.00
OI0000761,O000263,P0007,4,5,4920.00,0.00,24600.00
OI0000762,O000263,P0076,5,12,8140.00,5.00,92796.00
OI0000763,O000264,P0022,1,9,8500.00,0.00,76500.00
OI0000764,O000265,P0053,1,11,16730.00,5.00,174828.50
OI0000765,O000265,P0066,2,10,11920.00,15.00,101320.00
OI0000766,O000265,P0035,3,12,14850.00,10.00,160380.00
OI0000767,O000265,P0080,4,12,5590.00,0.00,67080.00
OI0000768,O000266,P0060,1,2,8800.00,5.00,16720.00
OI0000769,O000266,P0045,2,1,14880.00,5.00,14136.00
OI0000770,O000266,P0067,3,3,16160.00,0.00,48480.00
OI0000771,O000266,P0070,4,5,13990.00,0.00,69950.00
OI0000772,O000267,P0012,1,3,6280.00,0.00,18840.00
OI0000773,O000267,P0015,2,7,8020.00,10.00,50526.00
OI0000774,O000268,P0015,1,1,8020.00,10.00,7218.00
OI0000775,O000268,P0010,2,4,3500.00,15.00,11900.00
OI0000776,O000268,P0018,3,11,670.00,5.00,7001.50
OI0000777,O000268,P0002,4,11,12930.00,0.00,142230.00
OI0000778,O000269,P0060,1,8,8800.00,15.00,59840.00
OI0000779,O000269,P0045,2,1,14880.00,0.00,14880.00
OI0000780,O000270,P0004,1,9,16440.00,0.00,147960.00
OI0000781,O000271,P0039,1,5,3060.00,10.00,13770.00
OI0000782,O000271,P0048,2,9,12050.00,0.00,108450.00
OI0000783,O000271,P0044,3,10,13780.00,0.00,137800.00
OI0000784,O000271,P0051,4,7,12120.00,15.00,72114.00
OI0000785,O000272,P0053,1,1,16730.00,10.00,15057.00
OI0000786,O000273,P0059,1,10,14710.00,0.00,147100.00
OI0000787,O000273,P0019,2,12,7370.00,0.00,88440.00
OI0000788,O000273,P0034,3,12,10570.00,10.00,114156.00
OI0000789,O000273,P0036,4,10,10120.00,0.00,101200.00
OI0000790,O000274,P0064,1,4,8250.00,5.00,31350.00
OI0000791,O000274,P0065,2,6,10680.00,5.00,60876.00
OI0000792,O000274,P0033,3,4,800.00,10.00,2880.00
OI0000793,O000274,P0056,4,6,10190.00,0.00,61140.00
OI0000794,O000275,P0054,1,12,10100.00,0.00,121200.00
OI0000795,O000275,P0060,2,1,8800.00,10.00,7920.00
OI0000796,O000276,P0021,1,6,17850.00,0.00,107100.00
OI0000797,O000276,P0012,2,4,6280.00,0.00,25120.00
OI0000798,O000276,P0064,3,7,8250.00,0.00,57750.00
OI0000799,O000276,P0049,4,10,16150.00,0.00,161500.00
OI0000800,O000276,P0005,5,9,3300.00,15.00,25245.00
OI0000801,O000277,P0001,1,10,4300.00,5.00,40850.00
OI0000802,O000277,P0015,2,1,8020.00,0.00,8020.00
OI0000803,O000277,P0007,3,10,4920.00,0.00,49200.00
OI0000804,O000277,P0046,4,7,7120.00,0.00,49840.00
OI0000805,O000277,P0015,5,1,8020.00,5.00,7619.00
OI0000806,O000278,P0071,1,4,16680.00,10.00,60048.00
OI0000807,O000278,P0004,2,1,16440.00,0.00,16440.00
OI0000808,O000278,P0032,3,5,330.00,15.00,1402.50
OI0000809,O000278,P0048,4,2,12050.00,10.00,21690.00
OI0000810,O000278,P0075,5,2,14230.00,0.00,28460.00
OI0000811,O000279,P0050,1,11,14600.00,0.00,160600.00
OI0000812,O000280,P0034,1,1,10570.00,5.00,10041.50
OI0000813,O000280,P0068,2,8,2100.00,10.00,15120.00
OI0000814,O000280,P0065,3,9,10680.00,0.00,96120.00
OI0000815,O000280,P0027,4,5,4890.00,0.00,24450.00
OI0000816,O000280,P0047,5,6,2190.00,0.00,13140.00
OI0000817,O000281,P0028,1,3,9080.00,0.00,27240.00
OI0000818,O000281,P0011,2,12,6240.00,0.00,74880.00
OI0000819,O000281,P0062,3,2,8730.00,5.00,16587.00
OI0000820,O000281,P0010,4,3,3500.00,0.00,10500.00
OI0000821,O000281,P0076,5,7,8140.00,0.00,56980.00
OI0000822,O000282,P0076,1,3,8140.00,0.00,24420.00
OI0000823,O000282,P0009,2,8,5290.00,0.00,42320.00
OI0000824,O000282,P0065,3,2,10680.00,15.00,18156.00
OI0000825,O000283,P0052,1,8,13500.00,0.00,108000.00
OI0000826,O000283,P0005,2,10,3300.00,0.00,33000.00
OI0000827,O000283,P0066,3,1,11920.00,15.00,10132.00
OI0000828,O000284,P0039,1,11,3060.00,5.00,31977.00
OI0000829,O000284,P0069,2,9,12320.00,0.00,110880.00
OI0000830,O000284,P0069,3,10,12320.00,0.00,123200.00
OI0000831,O000284,P0019,4,3,7370.00,10.00,19899.00
OI0000832,O000285,P0038,1,6,11890.00,5.00,67773.00
OI0000833,O000285,P0079,2,11,15570.00,0.00,171270.00
OI0000834,O000285,P0062,3,6,8730.00,0.00,52380.00
OI0000835,O000285,P0027,4,11,4890.00,0.00,53790.00
OI0000836,O000285,P0066,5,10,11920.00,0.00,119200.00
OI0000837,O000286,P0042,1,8,2830.00,5.00,21508.00
OI0000838,O000286,P0024,2,6,11180.00,0.00,67080.00
OI0000839,O000286,P0076,3,9,8140.00,5.00,69597.00
OI0000840,O000286,P0009,4,2,5290.00,0.00,10580.00
OI0000841,O000287,P0005,1,11,3300.00,5.00,34485.00
OI0000842,O000288,P0064,1,3,8250.00,0.00,24750.00
OI0000843,O000289,P0019,1,6,7370.00,0.00,44220.00
OI0000844,O000289,P0066,2,1,11920.00,15.00,10132.00
OI0000845,O000289,P0065,3,7,10680.00,15.00,63546.00
OI0000846,O000289,P0053,4,2,16730.00,0.00,33460.00
OI0000847,O000289,P0055,5,9,16840.00,0.00,151560.00
OI0000848,O000290,P0010,1,7,3500.00,10.00,22050.00
OI0000849,O000290,P0062,2,5,8730.00,5.00,41467.50
OI0000850,O000290,P0006,3,8,570.00,0.00,4560.00
OI0000851,O000290,P0019,4,10,7370.00,15.00,62645.00
OI0000852,O000290,P0074,5,8,10020.00,0.00,80160.00
OI0000853,O000291,P0052,1,1,13500.00,5.00,12825.00
OI0000854,O000291,P0009,2,4,5290.00,5.00,20102.00
OI0000855,O000292,P0056,1,1,10190.00,0.00,10190.00
OI0000856,O000292,P0003,2,3,14640.00,5.00,41724.00
OI0000857,O000292,P0051,3,10,12120.00,15.00,103020.00
OI0000858,O000292,P0019,4,6,7370.00,0.00,44220.00
OI0000859,O000293,P0035,1,8,14850.00,5.00,112860.00
OI0000860,O000294,P0038,1,1,11890.00,0.00,11890.00
OI0000861,O000294,P0028,2,4,9080.00,5.00,34504.00
OI0000862,O000294,P0031,3,4,3650.00,5.00,13870.00
OI0000863,O000294,P0051,4,9,12120.00,0.00,109080.00
OI0000864,O000294,P0072,5,10,6730.00,10.00,60570.00
OI0000865,O000295,P0076,1,12,8140.00,5.00,92796.00
OI0000866,O000296,P0067,1,12,16160.00,15.00,164832.00
OI0000867,O000296,P0005,2,8,3300.00,0.00,26400.00
OI0000868,O000296,P0074,3,8,10020.00,0.00,80160.00
OI0000869,O000297,P0008,1,8,5830.00,0.00,46640.00
OI0000870,O000297,P0026,2,10,13420.00,10.00,120780.00
OI0000871,O000298,P0046,1,1,7120.00,0.00,7120.00
OI0000872,O000298,P0041,2,1,12490.00,0.00,12490.00
OI0000873,O000298,P0057,3,1,5170.00,0.00,5170.00
OI0000874,O000299,P0074,1,4,10020.00,0.00,40080.00
OI0000875,O000299,P0074,2,6,10020.00,10.00,54108.00
OI0000876,O000300,P0061,1,5,9420.00,15.00,40035.00
OI0000877,O000300,P0045,2,7,14880.00,5.00,98952.00
OI0000878,O000300,P0062,3,7,8730.00,0.00,61110.00
OI0000879,O000300,P0019,4,7,7370.00,15.00,43851.50
OI0000880,O000301,P0037,1,1,6650.00,0.00,6650.00
OI0000881,O000301,P0071,2,1,16680.00,10.00,15012.00
OI0000882,O000301,P0047,3,5,2190.00,10.00,9855.00
OI0000883,O000301,P0059,4,7,14710.00,15.00,87524.50
OI0000884,O000301,P0037,5,8,6650.00,0.00,53200.00
OI0000885,O000302,P0039,1,6,3060.00,0.00,18360.00
OI0000886,O000302,P0004,2,6,16440.00,0.00,98640.00
OI0000887,O000302,P0031,3,10,3650.00,5.00,34675.00
OI0000888,O000303,P0064,1,12,8250.00,15.00,84150.00
OI0000889,O000303,P0032,2,8,330.00,0.00,2640.00
OI0000890,O000304,P0078,1,3,7660.00,0.00,22980.00
OI0000891,O000304,P0063,2,4,3720.00,15.00,12648.00
OI0000892,O000304,P0069,3,9,12320.00,0.00,110880.00
OI0000893,O000304,P0013,4,12,9840.00,5.00,112176.00
OI0000894,O000304,P0006,5,12,570.00,0.00,6840.00
OI0000895,O000305,P0032,1,3,330.00,5.00,940.50
OI0000896,O000305,P0021,2,12,17850.00,0.00,214200.00
OI0000897,O000305,P0016,3,9,8740.00,0.00,78660.00
OI0000898,O000306,P0053,1,8,16730.00,0.00,133840.00
OI0000899,O000307,P0012,1,6,6280.00,5.00,35796.00
OI0000900,O000308,P0004,1,10,16440.00,0.00,164400.00
OI0000901,O000308,P0031,2,5,3650.00,5.00,17337.50
OI0000902,O000309,P0064,1,2,8250.00,0.00,16500.00
OI0000903,O000309,P0016,2,4,8740.00,0.00,34960.00
OI0000904,O000309,P0025,3,10,13240.00,0.00,132400.00
OI0000905,O000309,P0044,4,11,13780.00,0.00,151580.00
OI0000906,O000309,P0014,5,7,14460.00,0.00,101220.00
OI0000907,O000310,P0060,1,10,8800.00,5.00,83600.00
OI0000908,O000310,P0047,2,3,2190.00,15.00,5584.50
OI0000909,O000310,P0067,3,5,16160.00,15.00,68680.00
OI0000910,O000310,P0062,4,5,8730.00,15.00,37102.50
OI0000911,O000311,P0035,1,8,14850.00,5.00,112860.00
OI0000912,O000312,P0034,1,9,10570.00,0.00,95130.00
OI0000913,O000312,P0018,2,4,670.00,10.00,2412.00
OI0000914,O000312,P0059,3,6,14710.00,0.00,88260.00
OI0000915,O000312,P0063,4,5,3720.00,10.00,16740.00
OI0000916,O000312,P0040,5,5,17530.00,0.00,87650.00
OI0000917,O000313,P0006,1,7,570.00,0.00,3990.00
OI0000918,O000313,P0034,2,11,10570.00,10.00,104643.00
OI0000919,O000314,P0034,1,12,10570.00,15.00,107814.00
OI0000920,O000314,P0035,2,4,14850.00,5.00,56430.00
OI0000921,O000314,P0025,3,6,13240.00,15.00,67524.00
OI0000922,O000314,P0039,4,3,3060.00,15.00,7803.00
OI0000923,O000315,P0015,1,5,8020.00,0.00,40100.00
OI0000924,O000315,P0054,2,4,10100.00,10.00,36360.00
OI0000925,O000316,P0027,1,1,4890.00,0.00,4890.00
OI0000926,O000317,P0051,1,1,12120.00,10.00,10908.00
OI0000927,O000317,P0048,2,1,12050.00,0.00,12050.00
OI0000928,O000317,P0057,3,2,5170.00,15.00,8789.00
OI0000929,O000317,P0064,4,12,8250.00,0.00,99000.00
OI0000930,O000317,P0053,5,2,16730.00,5.00,31787.00
OI0000931,O000318,P0079,1,6,15570.00,0.00,93420.00
OI0000932,O000318,P0042,2,9,2830.00,0.00,25470.00
OI0000933,O000318,P0021,3,7,17850.00,10.00,112455.00
OI0000934,O000319,P0061,1,10,9420.00,15.00,80070.00
OI0000935,O000319,P0033,2,10,800.00,15.00,6800.00
OI0000936,O000319,P0040,3,10,17530.00,10.00,157770.00
OI0000937,O000319,P0005,4,9,3300.00,15.00,25245.00
OI0000938,O000320,P0019,1,4,7370.00,0.00,29480.00
OI0000939,O000321,P0047,1,7,2190.00,10.00,13797.00
OI0000940,O000321,P0043,2,4,9450.00,5.00,35910.00
OI0000941,O000321,P0080,3,4,5590.00,0.00,22360.00
OI0000942,O000321,P0015,4,5,8020.00,0.00,40100.00
OI0000943,O000322,P0078,1,11,7660.00,10.00,75834.00
OI0000944,O000322,P0005,2,3,3300.00,0.00,9900.00
OI0000945,O000322,P0077,3,12,14410.00,0.00,172920.00
OI0000946,O000322,P0004,4,3,16440.00,10.00,44388.00
OI0000947,O000323,P0076,1,4,8140.00,0.00,32560.00
OI0000948,O000324,P0011,1,11,6240.00,0.00,68640.00
OI0000949,O000324,P0045,2,5,14880.00,0.00,74400.00
OI0000950,O000324,P0013,3,5,9840.00,0.00,49200.00
OI0000951,O000324,P0042,4,3,2830.00,0.00,8490.00
OI0000952,O000324,P0014,5,6,14460.00,0.00,86760.00
OI0000953,O000325,P0065,1,5,10680.00,5.00,50730.00
OI0000954,O000325,P0063,2,4,3720.00,10.00,13392.00
OI0000955,O000325,P0016,3,1,8740.00,0.00,8740.00
OI0000956,O000325,P0048,4,7,12050.00,5.00,80132.50
OI0000957,O000325,P0009,5,1,5290.00,10.00,4761.00
OI0000958,O000326,P0058,1,4,1830.00,5.00,6954.00
OI0000959,O000326,P0039,2,8,3060.00,0.00,24480.00
OI0000960,O000326,P0002,3,5,12930.00,0.00,64650.00
OI0000961,O000327,P0008,1,4,5830.00,0.00,23320.00
OI0000962,O000328,P0041,1,11,12490.00,5.00,130520.50
OI0000963,O000328,P0050,2,4,14600.00,0.00,58400.00
OI0000964,O000329,P0017,1,2,3480.00,10.00,6264.00
OI0000965,O000329,P0071,2,11,16680.00,5.00,174306.00
OI0000966,O000329,P0004,3,3,16440.00,0.00,49320.00
OI0000967,O000329,P0066,4,4,11920.00,0.00,47680.00
OI0000968,O000330,P0070,1,2,13990.00,0.00,27980.00
OI0000969,O000330,P0052,2,2,13500.00,0.00,27000.00
OI0000970,O000331,P0012,1,4,6280.00,5.00,23864.00
OI0000971,O000331,P0075,2,9,14230.00,0.00,128070.00
OI0000972,O000332,P0047,1,8,2190.00,15.00,14892.00
OI0000973,O000332,P0071,2,7,16680.00,15.00,99246.00
OI0000974,O000332,P0034,3,7,10570.00,0.00,73990.00
OI0000975,O000332,P0064,4,4,8250.00,0.00,33000.00
OI0000976,O000333,P0069,1,11,12320.00,5.00,128744.00
OI0000977,O000333,P0018,2,5,670.00,5.00,3182.50
OI0000978,O000333,P0040,3,11,17530.00,0.00,192830.00
OI0000979,O000334,P0023,1,7,12130.00,0.00,84910.00
OI0000980,O000334,P0015,2,6,8020.00,10.00,43308.00
OI0000981,O000334,P0036,3,3,10120.00,5.00,28842.00
OI0000982,O000334,P0080,4,10,5590.00,0.00,55900.00
OI0000983,O000334,P0038,5,8,11890.00,10.00,85608.00
OI0000984,O000335,P0013,1,12,9840.00,5.00,112176.00
OI0000985,O000336,P0025,1,7,13240.00,0.00,92680.00
OI0000986,O000337,P0076,1,2,8140.00,5.00,15466.00
OI0000987,O000337,P0005,2,7,3300.00,5.00,21945.00
OI0000988,O000337,P0037,3,12,6650.00,15.00,67830.00
OI0000989,O000338,P0052,1,3,13500.00,0.00,40500.00
OI0000990,O000338,P0072,2,2,6730.00,5.00,12787.00
OI0000991,O000339,P0067,1,2,16160.00,0.00,32320.00
OI0000992,O000340,P0026,1,6,13420.00,10.00,72468.00
OI0000993,O000340,P0059,2,1,14710.00,0.00,14710.00
OI0000994,O000340,P0057,3,12,5170.00,10.00,55836.00
OI0000995,O000340,P0066,4,2,11920.00,5.00,22648.00
OI0000996,O000340,P0037,5,6,6650.00,0.00,39900.00
OI0000997,O000341,P0031,1,12,3650.00,0.00,43800.00
OI0000998,O000341,P0010,2,3,3500.00,15.00,8925.00
OI0000999,O000341,P0024,3,5,11180.00,15.00,47515.00
OI0001000,O000342,P0010,1,6,3500.00,15.00,17850.00
OI0001001,O000342,P0025,2,7,13240.00,0.00,92680.00
OI0001002,O000342,P0045,3,2,14880.00,10.00,26784.00
OI0001003,O000342,P0080,4,5,5590.00,0.00,27950.00
OI0001004,O000343,P0030,1,1,340.00,15.00,289.00
OI0001005,O000343,P0072,2,7,6730.00,15.00,40043.50
OI0001006,O000343,P0048,3,9,12050.00,0.00,108450.00
OI0001007,O000343,P0032,4,10,330.00,0.00,3300.00
OI0001008,O000344,P0071,1,9,16680.00,0.00,150120.00
OI0001009,O000344,P0047,2,6,2190.00,5.00,12483.00
OI0001010,O000344,P0032,3,7,330.00,15.00,1963.50
OI0001011,O000344,P0009,4,5,5290.00,5.00,25127.50
OI0001012,O000344,P0022,5,4,8500.00,5.00,32300.00
OI0001013,O000345,P0029,1,5,8380.00,0.00,41900.00
OI0001014,O000345,P0021,2,6,17850.00,10.00,96390.00
OI0001015,O000345,P0015,3,8,8020.00,0.00,64160.00
OI0001016,O000346,P0038,1,12,11890.00,0.00,142680.00
OI0001017,O000346,P0031,2,9,3650.00,10.00,29565.00
OI0001018,O000346,P0079,3,7,15570.00,10.00,98091.00
OI0001019,O000347,P0055,1,10,16840.00,0.00,168400.00
OI0001020,O000347,P0016,2,3,8740.00,0.00,26220.00
OI0001021,O000348,P0014,1,9,14460.00,0.00,130140.00
OI0001022,O000348,P0080,2,4,5590.00,5.00,21242.00
OI0001023,O000348,P0004,3,4,16440.00,0.00,65760.00
OI0001024,O000348,P0013,4,12,9840.00,0.00,118080.00
OI0001025,O000348,P0031,5,9,3650.00,5.00,31207.50
OI0001026,O000349,P0069,1,11,12320.00,10.00,121968.00
OI0001027,O000350,P0038,1,7,11890.00,15.00,70745.50
OI0001028,O000350,P0027,2,10,4890.00,5.00,46455.00
OI0001029,O000350,P0077,3,2,14410.00,0.00,28820.00
OI0001030,O000350,P0007,4,3,4920.00,5.00,14022.00
OI0001031,O000350,P0021,5,10,17850.00,10.00,160650.00
OI0001032,O000351,P0026,1,11,13420.00,0.00,147620.00
OI0001033,O000351,P0012,2,5,6280.00,0.00,31400.00
OI0001034,O000351,P0077,3,3,14410.00,5.00,41068.50
OI0001035,O000351,P0051,4,4,12120.00,15.00,41208.00
OI0001036,O000352,P0070,1,11,13990.00,10.00,138501.00
OI0001037,O000352,P0054,2,7,10100.00,0.00,70700.00
OI0001038,O000352,P0026,3,4,13420.00,0.00,53680.00
OI0001039,O000353,P0069,1,7,12320.00,0.00,86240.00
OI0001040,O000353,P0038,2,12,11890.00,0.00,142680.00
OI0001041,O000353,P0023,3,6,12130.00,0.00,72780.00
OI0001042,O000353,P0071,4,4,16680.00,0.00,66720.00
OI0001043,O000354,P0080,1,11,5590.00,0.00,61490.00
OI0001044,O000354,P0001,2,2,4300.00,10.00,7740.00
OI0001045,O000354,P0049,3,5,16150.00,0.00,80750.00
OI0001046,O000354,P0030,4,3,340.00,0.00,1020.00
OI0001047,O000355,P0067,1,11,16160.00,0.00,177760.00
OI0001048,O000355,P0029,2,1,8380.00,0.00,8380.00
OI0001049,O000355,P0029,3,8,8380.00,10.00,60336.00
OI0001050,O000355,P0072,4,6,6730.00,15.00,34323.00
OI0001051,O000355,P0044,5,10,13780.00,0.00,137800.00
OI0001052,O000356,P0023,1,4,12130.00,0.00,48520.00
OI0001053,O000356,P0079,2,9,15570.00,0.00,140130.00
OI0001054,O000356,P0017,3,2,3480.00,0.00,6960.00
OI0001055,O000356,P0080,4,12,5590.00,5.00,63726.00
OI0001056,O000357,P0029,1,2,8380.00,0.00,16760.00
OI0001057,O000357,P0038,2,5,11890.00,10.00,53505.00
OI0001058,O000357,P0005,3,4,3300.00,10.00,11880.00
OI0001059,O000358,P0041,1,9,12490.00,0.00,112410.00
OI0001060,O000358,P0004,2,1,16440.00,0.00,16440.00
OI0001061,O000358,P0024,3,6,11180.00,0.00,67080.00
OI0001062,O000358,P0002,4,8,12930.00,5.00,98268.00
OI0001063,O000359,P0009,1,6,5290.00,5.00,30153.00
OI0001064,O000359,P0058,2,5,1830.00,0.00,9150.00
OI0001065,O000359,P0004,3,5,16440.00,10.00,73980.00
OI0001066,O000359,P0080,4,4,5590.00,10.00,20124.00
OI0001067,O000359,P0021,5,11,17850.00,10.00,176715.00
OI0001068,O000360,P0017,1,5,3480.00,10.00,15660.00
OI0001069,O000360,P0069,2,3,12320.00,0.00,36960.00
OI0001070,O000361,P0002,1,7,12930.00,0.00,90510.00
OI0001071,O000361,P0044,2,10,13780.00,0.00,137800.00
OI0001072,O000361,P0008,3,11,5830.00,0.00,64130.00
OI0001073,O000361,P0055,4,8,16840.00,0.00,134720.00
OI0001074,O000362,P0077,1,9,14410.00,0.00,129690.00
OI0001075,O000362,P0033,2,11,800.00,15.00,7480.00
OI0001076,O000362,P0049,3,1,16150.00,15.00,13727.50
OI0001077,O000362,P0047,4,11,2190.00,0.00,24090.00
OI0001078,O000362,P0069,5,10,12320.00,15.00,104720.00
OI0001079,O000363,P0002,1,12,12930.00,0.00,155160.00
OI0001080,O000364,P0028,1,12,9080.00,5.00,103512.00
OI0001081,O000365,P0066,1,2,11920.00,0.00,23840.00
OI0001082,O000365,P0016,2,5,8740.00,5.00,41515.00
OI0001083,O000365,P0075,3,5,14230.00,0.00,71150.00
OI0001084,O000365,P0039,4,1,3060.00,10.00,2754.00
OI0001085,O000365,P0046,5,12,7120.00,5.00,81168.00
OI0001086,O000366,P0061,1,4,9420.00,0.00,37680.00
OI0001087,O000366,P0007,2,5,4920.00,5.00,23370.00
OI0001088,O000367,P0016,1,10,8740.00,10.00,78660.00
OI0001089,O000368,P0030,1,1,340.00,5.00,323.00
OI0001090,O000368,P0066,2,2,11920.00,0.00,23840.00
OI0001091,O000369,P0045,1,8,14880.00,15.00,101184.00
OI0001092,O000369,P0035,2,4,14850.00,0.00,59400.00
OI0001093,O000369,P0074,3,12,10020.00,0.00,120240.00
OI0001094,O000369,P0034,4,3,10570.00,5.00,30124.50
OI0001095,O000369,P0034,5,3,10570.00,15.00,26953.50
OI0001096,O000370,P0069,1,7,12320.00,10.00,77616.00
OI0001097,O000370,P0033,2,5,800.00,5.00,3800.00
OI0001098,O000370,P0032,3,4,330.00,0.00,1320.00
OI0001099,O000370,P0056,4,11,10190.00,0.00,112090.00
OI0001100,O000371,P0063,1,6,3720.00,0.00,22320.00
OI0001101,O000371,P0002,2,6,12930.00,0.00,77580.00
OI0001102,O000372,P0053,1,5,16730.00,5.00,79467.50
OI0001103,O000372,P0027,2,12,4890.00,0.00,58680.00
OI0001104,O000372,P0073,3,1,1430.00,0.00,1430.00
OI0001105,O000372,P0013,4,4,9840.00,10.00,35424.00
OI0001106,O000373,P0012,1,11,6280.00,5.00,65626.00
OI0001107,O000373,P0054,2,4,10100.00,0.00,40400.00
OI0001108,O000374,P0079,1,1,15570.00,0.00,15570.00
OI0001109,O000374,P0011,2,9,6240.00,0.00,56160.00
OI0001110,O000374,P0004,3,7,16440.00,0.00,115080.00
OI0001111,O000374,P0025,4,1,13240.00,10.00,11916.00
OI0001112,O000374,P0002,5,5,12930.00,5.00,61417.50
OI0001113,O000375,P0058,1,10,1830.00,5.00,17385.00
OI0001114,O000375,P0061,2,10,9420.00,15.00,80070.00
OI0001115,O000376,P0004,1,9,16440.00,0.00,147960.00
OI0001116,O000376,P0057,2,11,5170.00,0.00,56870.00
OI0001117,O000376,P0022,3,7,8500.00,0.00,59500.00
OI0001118,O000377,P0020,1,9,5780.00,5.00,49419.00
OI0001119,O000377,P0054,2,5,10100.00,10.00,45450.00
OI0001120,O000378,P0062,1,3,8730.00,10.00,23571.00
OI0001121,O000379,P0019,1,9,7370.00,0.00,66330.00
OI0001122,O000380,P0075,1,10,14230.00,15.00,120955.00
OI0001123,O000380,P0054,2,1,10100.00,0.00,10100.00
OI0001124,O000380,P0065,3,3,10680.00,10.00,28836.00
OI0001125,O000381,P0031,1,9,3650.00,0.00,32850.00
OI0001126,O000382,P0025,1,4,13240.00,0.00,52960.00
OI0001127,O000382,P0048,2,2,12050.00,0.00,24100.00
OI0001128,O000382,P0072,3,6,6730.00,0.00,40380.00
OI0001129,O000382,P0027,4,5,4890.00,15.00,20782.50
OI0001130,O000382,P0004,5,4,16440.00,5.00,62472.00
OI0001131,O000383,P0027,1,11,4890.00,0.00,53790.00
OI0001132,O000384,P0036,1,9,10120.00,0.00,91080.00
OI0001133,O000384,P0047,2,8,2190.00,0.00,17520.00
OI0001134,O000385,P0021,1,9,17850.00,0.00,160650.00
OI0001135,O000386,P0037,1,11,6650.00,0.00,73150.00
OI0001136,O000386,P0036,2,7,10120.00,15.00,60214.00
OI0001137,O000386,P0021,3,11,17850.00,10.00,176715.00
OI0001138,O000386,P0020,4,2,5780.00,10.00,10404.00
OI0001139,O000387,P0077,1,6,14410.00,5.00,82137.00
OI0001140,O000387,P0010,2,9,3500.00,0.00,31500.00
OI0001141,O000388,P0022,1,1,8500.00,5.00,8075.00
OI0001142,O000388,P0013,2,10,9840.00,0.00,98400.00
OI0001143,O000388,P0031,3,7,3650.00,15.00,21717.50
OI0001144,O000389,P0052,1,11,13500.00,15.00,126225.00
OI0001145,O000389,P0078,2,5,7660.00,5.00,36385.00
OI0001146,O000389,P0017,3,7,3480.00,0.00,24360.00
OI0001147,O000390,P0003,1,4,14640.00,0.00,58560.00
OI0001148,O000390,P0031,2,6,3650.00,5.00,20805.00
OI0001149,O000390,P0044,3,12,13780.00,15.00,140556.00
OI0001150,O000390,P0075,4,1,14230.00,5.00,13518.50
OI0001151,O000391,P0005,1,7,3300.00,10.00,20790.00
OI0001152,O000391,P0058,2,8,1830.00,0.00,14640.00
OI0001153,O000392,P0017,1,4,3480.00,5.00,13224.00
OI0001154,O000393,P0053,1,3,16730.00,0.00,50190.00
OI0001155,O000393,P0011,2,6,6240.00,15.00,31824.00
OI0001156,O000394,P0020,1,5,5780.00,0.00,28900.00
OI0001157,O000394,P0045,2,6,14880.00,10.00,80352.00
OI0001158,O000394,P0019,3,9,7370.00,5.00,63013.50
OI0001159,O000395,P0032,1,11,330.00,0.00,3630.00
OI0001160,O000395,P0044,2,8,13780.00,0.00,110240.00
OI0001161,O000396,P0047,1,4,2190.00,0.00,8760.00
OI0001162,O000396,P0042,2,9,2830.00,10.00,22923.00
OI0001163,O000396,P0054,3,1,10100.00,0.00,10100.00
OI0001164,O000397,P0033,1,9,800.00,0.00,7200.00
OI0001165,O000397,P0014,2,6,14460.00,0.00,86760.00
OI0001166,O000397,P0006,3,1,570.00,15.00,484.50
OI0001167,O000398,P0075,1,6,14230.00,15.00,72573.00
OI0001168,O000398,P0029,2,7,8380.00,0.00,58660.00
OI0001169,O000398,P0046,3,6,7120.00,0.00,42720.00
OI0001170,O000399,P0052,1,8,13500.00,5.00,102600.00
OI0001171,O000400,P0013,1,12,9840.00,0.00,118080.00
OI0001172,O000400,P0022,2,8,8500.00,0.00,68000.00
OI0001173,O000400,P0001,3,10,4300.00,0.00,43000.00
OI0001174,O000400,P0021,4,4,17850.00,0.00,71400.00
OI0001175,O000400,P0002,5,7,12930.00,10.00,81459.00
OI0001176,O000401,P0009,1,5,5290.00,0.00,26450.00
OI0001177,O000401,P0052,2,4,13500.00,0.00,54000.00
OI0001178,O000401,P0035,3,8,14850.00,0.00,118800.00
OI0001179,O000402,P0005,1,2,3300.00,10.00,5940.00
OI0001180,O000402,P0010,2,1,3500.00,15.00,2975.00
OI0001181,O000402,P0079,3,9,15570.00,5.00,133123.50
OI0001182,O000402,P0080,4,8,5590.00,5.00,42484.00
OI0001183,O000402,P0061,5,11,9420.00,10.00,93258.00
OI0001184,O000403,P0040,1,11,17530.00,10.00,173547.00
OI0001185,O000403,P0058,2,9,1830.00,0.00,16470.00
OI0001186,O000403,P0003,3,10,14640.00,5.00,139080.00
OI0001187,O000404,P0079,1,5,15570.00,5.00,73957.50
OI0001188,O000404,P0040,2,9,17530.00,10.00,141993.00
OI0001189,O000405,P0003,1,2,14640.00,5.00,27816.00
OI0001190,O000405,P0065,2,10,10680.00,0.00,106800.00
OI0001191,O000405,P0055,3,6,16840.00,5.00,95988.00
OI0001192,O000406,P0070,1,1,13990.00,10.00,12591.00
OI0001193,O000406,P0048,2,6,12050.00,5.00,68685.00
OI0001194,O000406,P0039,3,12,3060.00,0.00,36720.00
OI0001195,O000407,P0002,1,5,12930.00,0.00,64650.00
OI0001196,O000407,P0005,2,4,3300.00,0.00,13200.00
OI0001197,O000408,P0037,1,6,6650.00,15.00,33915.00
OI0001198,O000408,P0035,2,12,14850.00,0.00,178200.00
OI0001199,O000408,P0033,3,3,800.00,10.00,2160.00
OI0001200,O000408,P0003,4,8,14640.00,10.00,105408.00
OI0001201,O000409,P0071,1,5,16680.00,15.00,70890.00
OI0001202,O000409,P0071,2,1,16680.00,0.00,16680.00
OI0001203,O000409,P0073,3,5,1430.00,5.00,6792.50
OI0001204,O000409,P0042,4,6,2830.00,5.00,16131.00
OI0001205,O000409,P0017,5,7,3480.00,0.00,24360.00
OI0001206,O000410,P0021,1,11,17850.00,0.00,196350.00
OI0001207,O000410,P0017,2,8,3480.00,5.00,26448.00
OI0001208,O000410,P0040,3,6,17530.00,0.00,105180.00
OI0001209,O000410,P0021,4,9,17850.00,0.00,160650.00
OI0001210,O000410,P0079,5,1,15570.00,0.00,15570.00
OI0001211,O000411,P0023,1,11,12130.00,10.00,120087.00
OI0001212,O000411,P0043,2,3,9450.00,0.00,28350.00
OI0001213,O000411,P0024,3,1,11180.00,5.00,10621.00
OI0001214,O000411,P0037,4,7,6650.00,10.00,41895.00
OI0001215,O000411,P0033,5,11,800.00,5.00,8360.00
OI0001216,O000412,P0078,1,12,7660.00,0.00,91920.00
OI0001217,O000412,P0040,2,1,17530.00,0.00,17530.00
OI0001218,O000412,P0049,3,11,16150.00,0.00,177650.00
OI0001219,O000412,P0003,4,7,14640.00,0.00,102480.00
OI0001220,O000412,P0027,5,11,4890.00,10.00,48411.00
OI0001221,O000413,P0045,1,6,14880.00,0.00,89280.00
OI0001222,O000414,P0012,1,2,6280.00,15.00,10676.00
OI0001223,O000414,P0077,2,5,14410.00,0.00,72050.00
OI0001224,O000414,P0009,3,6,5290.00,0.00,31740.00
OI0001225,O000415,P0024,1,5,11180.00,0.00,55900.00
OI0001226,O000416,P0013,1,9,9840.00,15.00,75276.00
OI0001227,O000416,P0024,2,12,11180.00,10.00,120744.00
OI0001228,O000416,P0028,3,3,9080.00,10.00,24516.00
OI0001229,O000417,P0070,1,12,13990.00,0.00,167880.00
OI0001230,O000417,P0018,2,4,670.00,10.00,2412.00
OI0001231,O000417,P0020,3,2,5780.00,5.00,10982.00
OI0001232,O000417,P0032,4,5,330.00,15.00,1402.50
OI0001233,O000417,P0072,5,2,6730.00,0.00,13460.00
OI0001234,O000418,P0066,1,1,11920.00,15.00,10132.00
OI0001235,O000418,P0002,2,5,12930.00,0.00,64650.00
OI0001236,O000418,P0041,3,8,12490.00,5.00,94924.00
OI0001237,O000419,P0046,1,12,7120.00,0.00,85440.00
OI0001238,O000419,P0026,2,4,13420.00,15.00,45628.00
OI0001239,O000419,P0014,3,8,14460.00,0.00,115680.00
OI0001240,O000419,P0061,4,6,9420.00,0.00,56520.00
OI0001241,O000420,P0006,1,1,570.00,0.00,570.00
OI0001242,O000421,P0030,1,2,340.00,15.00,578.00
OI0001243,O000421,P0065,2,1,10680.00,10.00,9612.00
OI0001244,O000421,P0047,3,4,2190.00,0.00,8760.00
OI0001245,O000422,P0061,1,8,9420.00,5.00,71592.00
OI0001246,O000422,P0057,2,12,5170.00,0.00,62040.00
OI0001247,O000422,P0054,3,11,10100.00,0.00,111100.00
OI0001248,O000423,P0038,1,10,11890.00,0.00,118900.00
OI0001249,O000423,P0056,2,5,10190.00,0.00,50950.00
OI0001250,O000424,P0025,1,3,13240.00,0.00,39720.00
OI0001251,O000424,P0012,2,6,6280.00,0.00,37680.00
OI0001252,O000424,P0049,3,10,16150.00,15.00,137275.00
OI0001253,O000425,P0015,1,2,8020.00,0.00,16040.00
OI0001254,O000425,P0064,2,6,8250.00,10.00,44550.00
OI0001255,O000426,P0012,1,6,6280.00,0.00,37680.00
OI0001256,O000426,P0075,2,8,14230.00,0.00,113840.00
OI0001257,O000426,P0023,3,4,12130.00,5.00,46094.00
OI0001258,O000426,P0056,4,3,10190.00,0.00,30570.00
OI0001259,O000426,P0028,5,7,9080.00,0.00,63560.00
OI0001260,O000427,P0060,1,9,8800.00,0.00,79200.00
OI0001261,O000427,P0040,2,2,17530.00,10.00,31554.00
OI0001262,O000427,P0073,3,4,1430.00,0.00,5720.00
OI0001263,O000427,P0038,4,4,11890.00,15.00,40426.00
OI0001264,O000428,P0063,1,10,3720.00,10.00,33480.00
OI0001265,O000428,P0064,2,9,8250.00,10.00,66825.00
OI0001266,O000428,P0054,3,1,10100.00,0.00,10100.00
OI0001267,O000428,P0067,4,1,16160.00,10.00,14544.00
OI0001268,O000428,P0001,5,12,4300.00,10.00,46440.00
OI0001269,O000429,P0009,1,12,5290.00,10.00,57132.00
OI0001270,O000430,P0028,1,7,9080.00,10.00,57204.00
OI0001271,O000430,P0016,2,7,8740.00,0.00,61180.00
OI0001272,O000430,P0038,3,1,11890.00,5.00,11295.50
OI0001273,O000430,P0028,4,1,9080.00,15.00,7718.00
OI0001274,O000431,P0037,1,9,6650.00,15.00,50872.50
OI0001275,O000431,P0009,2,3,5290.00,0.00,15870.00
OI0001276,O000431,P0058,3,3,1830.00,0.00,5490.00
OI0001277,O000431,P0001,4,7,4300.00,0.00,30100.00
OI0001278,O000431,P0031,5,12,3650.00,0.00,43800.00
OI0001279,O000432,P0061,1,11,9420.00,5.00,98439.00
OI0001280,O000432,P0064,2,7,8250.00,0.00,57750.00
OI0001281,O000433,P0080,1,7,5590.00,0.00,39130.00
OI0001282,O000433,P0013,2,10,9840.00,10.00,88560.00
OI0001283,O000434,P0052,1,8,13500.00,10.00,97200.00
OI0001284,O000434,P0056,2,7,10190.00,0.00,71330.00
OI0001285,O000434,P0064,3,11,8250.00,5.00,86212.50
OI0001286,O000434,P0057,4,1,5170.00,0.00,5170.00
OI0001287,O000434,P0043,5,10,9450.00,0.00,94500.00
OI0001288,O000435,P0060,1,5,8800.00,10.00,39600.00
OI0001289,O000435,P0022,2,10,8500.00,15.00,72250.00
OI0001290,O000435,P0037,3,2,6650.00,0.00,13300.00
OI0001291,O000435,P0050,4,9,14600.00,5.00,124830.00
OI0001292,O000435,P0050,5,9,14600.00,5.00,124830.00
OI0001293,O000436,P0046,1,8,7120.00,10.00,51264.00
OI0001294,O000436,P0072,2,12,6730.00,0.00,80760.00
OI0001295,O000437,P0028,1,2,9080.00,10.00,16344.00
OI0001296,O000437,P0075,2,11,14230.00,0.00,156530.00
OI0001297,O000437,P0052,3,11,13500.00,15.00,126225.00
OI0001298,O000437,P0014,4,9,14460.00,15.00,110619.00
OI0001299,O000437,P0006,5,3,570.00,15.00,1453.50
OI0001300,O000438,P0051,1,10,12120.00,5.00,115140.00
OI0001301,O000438,P0029,2,1,8380.00,15.00,7123.00
OI0001302,O000438,P0038,3,9,11890.00,5.00,101659.50
OI0001303,O000439,P0030,1,1,340.00,10.00,306.00
OI0001304,O000439,P0062,2,1,8730.00,0.00,8730.00
OI0001305,O000439,P0032,3,2,330.00,0.00,660.00
OI0001306,O000440,P0004,1,12,16440.00,0.00,197280.00
OI0001307,O000440,P0051,2,2,12120.00,0.00,24240.00
OI0001308,O000440,P0049,3,5,16150.00,0.00,80750.00
OI0001309,O000440,P0028,4,9,9080.00,0.00,81720.00
OI0001310,O000440,P0001,5,4,4300.00,15.00,14620.00
OI0001311,O000441,P0002,1,8,12930.00,0.00,103440.00
OI0001312,O000441,P0026,2,1,13420.00,5.00,12749.00
OI0001313,O000441,P0068,3,1,2100.00,5.00,1995.00
OI0001314,O000442,P0016,1,3,8740.00,0.00,26220.00
OI0001315,O000442,P0073,2,5,1430.00,5.00,6792.50
OI0001316,O000442,P0002,3,6,12930.00,10.00,69822.00
OI0001317,O000442,P0004,4,1,16440.00,0.00,16440.00
OI0001318,O000443,P0021,1,4,17850.00,0.00,71400.00
OI0001319,O000443,P0020,2,1,5780.00,5.00,5491.00
OI0001320,O000444,P0023,1,5,12130.00,0.00,60650.00
OI0001321,O000444,P0075,2,12,14230.00,10.00,153684.00
OI0001322,O000444,P0005,3,3,3300.00,10.00,8910.00
OI0001323,O000444,P0058,4,5,1830.00,10.00,8235.00
OI0001324,O000444,P0065,5,10,10680.00,0.00,106800.00
OI0001325,O000445,P0023,1,6,12130.00,10.00,65502.00
OI0001326,O000446,P0075,1,3,14230.00,15.00,36286.50
OI0001327,O000446,P0043,2,8,9450.00,0.00,75600.00
OI0001328,O000446,P0022,3,7,8500.00,0.00,59500.00
OI0001329,O000447,P0068,1,2,2100.00,5.00,3990.00
OI0001330,O000447,P0024,2,2,11180.00,15.00,19006.00
OI0001331,O000447,P0039,3,9,3060.00,0.00,27540.00
OI0001332,O000448,P0073,1,11,1430.00,0.00,15730.00
OI0001333,O000448,P0017,2,3,3480.00,10.00,9396.00
OI0001334,O000448,P0009,3,2,5290.00,5.00,10051.00
OI0001335,O000448,P0052,4,2,13500.00,0.00,27000.00
OI0001336,O000449,P0056,1,7,10190.00,0.00,71330.00
OI0001337,O000449,P0067,2,10,16160.00,5.00,153520.00
OI0001338,O000449,P0026,3,4,13420.00,0.00,53680.00
OI0001339,O000450,P0035,1,4,14850.00,5.00,56430.00
OI0001340,O000450,P0041,2,12,12490.00,5.00,142386.00
OI0001341,O000450,P0055,3,3,16840.00,15.00,42942.00
OI0001342,O000450,P0032,4,12,330.00,0.00,3960.00
OI0001343,O000450,P0036,5,9,10120.00,0.00,91080.00
OI0001344,O000451,P0015,1,3,8020.00,0.00,24060.00
OI0001345,O000451,P0041,2,8,12490.00,0.00,99920.00
OI0001346,O000452,P0078,1,2,7660.00,15.00,13022.00
OI0001347,O000453,P0071,1,7,16680.00,10.00,105084.00
OI0001348,O000453,P0007,2,5,4920.00,10.00,22140.00
OI0001349,O000454,P0003,1,1,14640.00,5.00,13908.00
OI0001350,O000455,P0064,1,10,8250.00,15.00,70125.00
OI0001351,O000455,P0014,2,8,14460.00,10.00,104112.00
OI0001352,O000455,P0017,3,9,3480.00,0.00,31320.00
OI0001353,O000455,P0059,4,10,14710.00,0.00,147100.00
OI0001354,O000456,P0018,1,11,670.00,5.00,7001.50
OI0001355,O000457,P0001,1,4,4300.00,15.00,14620.00
OI0001356,O000457,P0047,2,5,2190.00,15.00,9307.50
OI0001357,O000457,P0050,3,3,14600.00,5.00,41610.00
OI0001358,O000458,P0038,1,9,11890.00,0.00,107010.00
OI0001359,O000458,P0034,2,10,10570.00,0.00,105700.00
OI0001360,O000459,P0059,1,1,14710.00,15.00,12503.50
OI0001361,O000459,P0045,2,12,14880.00,5.00,169632.00
OI0001362,O000459,P0026,3,11,13420.00,0.00,147620.00
OI0001363,O000459,P0048,4,4,12050.00,5.00,45790.00
OI0001364,O000459,P0048,5,9,12050.00,0.00,108450.00
OI0001365,O000460,P0006,1,12,570.00,0.00,6840.00
OI0001366,O000460,P0004,2,12,16440.00,15.00,167688.00
OI0001367,O000461,P0022,1,2,8500.00,15.00,14450.00
OI0001368,O000461,P0045,2,2,14880.00,0.00,29760.00
OI0001369,O000461,P0019,3,2,7370.00,0.00,14740.00
OI0001370,O000462,P0003,1,12,14640.00,0.00,175680.00
OI0001371,O000463,P0057,1,4,5170.00,15.00,17578.00
OI0001372,O000464,P0077,1,7,14410.00,0.00,100870.00
OI0001373,O000464,P0050,2,1,14600.00,0.00,14600.00
OI0001374,O000464,P0024,3,9,11180.00,5.00,95589.00
OI0001375,O000465,P0004,1,4,16440.00,15.00,55896.00
OI0001376,O000465,P0042,2,6,2830.00,0.00,16980.00
OI0001377,O000466,P0078,1,4,7660.00,10.00,27576.00
OI0001378,O000466,P0069,2,3,12320.00,0.00,36960.00
OI0001379,O000466,P0010,3,12,3500.00,15.00,35700.00
OI0001380,O000466,P0038,4,3,11890.00,10.00,32103.00
OI0001381,O000467,P0025,1,5,13240.00,0.00,66200.00
OI0001382,O000467,P0045,2,3,14880.00,0.00,44640.00
OI0001383,O000467,P0042,3,1,2830.00,0.00,2830.00
OI0001384,O000467,P0033,4,12,800.00,15.00,8160.00
OI0001385,O000468,P0050,1,12,14600.00,0.00,175200.00
OI0001386,O000468,P0011,2,4,6240.00,0.00,24960.00
OI0001387,O000469,P0018,1,8,670.00,0.00,5360.00
OI0001388,O000469,P0039,2,12,3060.00,10.00,33048.00
OI0001389,O000469,P0069,3,9,12320.00,0.00,110880.00
OI0001390,O000470,P0074,1,8,10020.00,0.00,80160.00
OI0001391,O000470,P0058,2,3,1830.00,5.00,5215.50
OI0001392,O000470,P0024,3,8,11180.00,0.00,89440.00
OI0001393,O000471,P0073,1,8,1430.00,10.00,10296.00
OI0001394,O000471,P0049,2,10,16150.00,15.00,137275.00
OI0001395,O000471,P0026,3,8,13420.00,0.00,107360.00
OI0001396,O000471,P0061,4,4,9420.00,5.00,35796.00
OI0001397,O000471,P0003,5,7,14640.00,5.00,97356.00
OI0001398,O000472,P0016,1,2,8740.00,0.00,17480.00
OI0001399,O000473,P0002,1,4,12930.00,0.00,51720.00
OI0001400,O000473,P0006,2,9,570.00,0.00,5130.00
OI0001401,O000473,P0035,3,3,14850.00,15.00,37867.50
OI0001402,O000473,P0058,4,8,1830.00,0.00,14640.00
OI0001403,O000474,P0037,1,8,6650.00,15.00,45220.00
OI0001404,O000474,P0074,2,10,10020.00,0.00,100200.00
OI0001405,O000475,P0059,1,11,14710.00,0.00,161810.00
OI0001406,O000475,P0061,2,8,9420.00,5.00,71592.00
OI0001407,O000475,P0020,3,2,5780.00,5.00,10982.00
OI0001408,O000475,P0080,4,4,5590.00,0.00,22360.00
OI0001409,O000476,P0026,1,9,13420.00,15.00,102663.00
OI0001410,O000476,P0025,2,1,13240.00,10.00,11916.00
OI0001411,O000477,P0060,1,3,8800.00,0.00,26400.00
OI0001412,O000477,P0016,2,11,8740.00,0.00,96140.00
OI0001413,O000478,P0040,1,2,17530.00,0.00,35060.00
OI0001414,O000479,P0031,1,5,3650.00,0.00,18250.00
OI0001415,O000479,P0011,2,10,6240.00,10.00,56160.00
OI0001416,O000479,P0018,3,4,670.00,0.00,2680.00
OI0001417,O000479,P0057,4,2,5170.00,0.00,10340.00
OI0001418,O000480,P0001,1,6,4300.00,0.00,25800.00
OI0001419,O000480,P0055,2,7,16840.00,0.00,117880.00
OI0001420,O000480,P0026,3,5,13420.00,5.00,63745.00
OI0001421,O000481,P0031,1,12,3650.00,15.00,37230.00
OI0001422,O000482,P0031,1,12,3650.00,15.00,37230.00
OI0001423,O000483,P0050,1,9,14600.00,10.00,118260.00
OI0001424,O000483,P0058,2,10,1830.00,15.00,15555.00
OI0001425,O000484,P0036,1,7,10120.00,5.00,67298.00
OI0001426,O000484,P0053,2,3,16730.00,0.00,50190.00
OI0001427,O000484,P0072,3,2,6730.00,10.00,12114.00
OI0001428,O000484,P0003,4,6,14640.00,0.00,87840.00
OI0001429,O000484,P0032,5,9,330.00,5.00,2821.50
OI0001430,O000485,P0060,1,5,8800.00,0.00,44000.00
OI0001431,O000485,P0048,2,10,12050.00,0.00,120500.00
OI0001432,O000485,P0066,3,2,11920.00,0.00,23840.00
OI0001433,O000486,P0064,1,2,8250.00,15.00,14025.00
OI0001434,O000486,P0050,2,8,14600.00,0.00,116800.00
OI0001435,O000486,P0077,3,2,14410.00,15.00,24497.00
OI0001436,O000486,P0073,4,1,1430.00,0.00,1430.00
OI0001437,O000487,P0080,1,10,5590.00,0.00,55900.00
OI0001438,O000488,P0009,1,5,5290.00,0.00,26450.00
OI0001439,O000488,P0039,2,10,3060.00,5.00,29070.00
OI0001440,O000488,P0018,3,8,670.00,0.00,5360.00
OI0001441,O000488,P0038,4,6,11890.00,0.00,71340.00
OI0001442,O000489,P0009,1,6,5290.00,0.00,31740.00
OI0001443,O000489,P0065,2,11,10680.00,0.00,117480.00
OI0001444,O000489,P0041,3,5,12490.00,5.00,59327.50
OI0001445,O000490,P0044,1,3,13780.00,10.00,37206.00
OI0001446,O000490,P0078,2,3,7660.00,15.00,19533.00
OI0001447,O000490,P0020,3,11,5780.00,15.00,54043.00
OI0001448,O000490,P0066,4,5,11920.00,0.00,59600.00
OI0001449,O000490,P0045,5,7,14880.00,5.00,98952.00
OI0001450,O000491,P0066,1,7,11920.00,0.00,83440.00
OI0001451,O000491,P0015,2,9,8020.00,5.00,68571.00
OI0001452,O000491,P0075,3,4,14230.00,0.00,56920.00
OI0001453,O000492,P0007,1,6,4920.00,0.00,29520.00
OI0001454,O000493,P0060,1,3,8800.00,15.00,22440.00
OI0001455,O000493,P0018,2,3,670.00,0.00,2010.00
OI0001456,O000494,P0041,1,11,12490.00,15.00,116781.50
OI0001457,O000494,P0067,2,9,16160.00,15.00,123624.00
OI0001458,O000494,P0001,3,1,4300.00,0.00,4300.00
OI0001459,O000495,P0008,1,3,5830.00,10.00,15741.00
OI0001460,O000495,P0016,2,6,8740.00,0.00,52440.00
OI0001461,O000496,P0021,1,2,17850.00,5.00,33915.00
OI0001462,O000496,P0060,2,3,8800.00,15.00,22440.00
OI0001463,O000497,P0041,1,2,12490.00,0.00,24980.00
OI0001464,O000498,P0044,1,3,13780.00,5.00,39273.00
OI0001465,O000498,P0063,2,7,3720.00,0.00,26040.00
OI0001466,O000498,P0076,3,9,8140.00,0.00,73260.00
OI0001467,O000499,P0074,1,3,10020.00,0.00,30060.00
OI0001468,O000499,P0077,2,3,14410.00,15.00,36745.50
OI0001469,O000499,P0054,3,10,10100.00,0.00,101000.00
OI0001470,O000500,P0009,1,2,5290.00,0.00,10580.00
OI0001471,O000500,P0019,2,7,7370.00,0.00,51590.00
OI0001472,O000500,P0006,3,12,570.00,10.00,6156.00
OI0001473,O000501,P0006,1,10,570.00,0.00,5700.00
OI0001474,O000502,P0017,1,11,3480.00,15.00,32538.00
OI0001475,O000502,P0040,2,1,17530.00,0.00,17530.00
OI0001476,O000503,P0062,1,5,8730.00,10.00,39285.00
OI0001477,O000504,P0025,1,7,13240.00,0.00,92680.00
OI0001478,O000504,P0053,2,12,16730.00,5.00,190722.00
OI0001479,O000504,P0012,3,9,6280.00,0.00,56520.00
OI0001480,O000504,P0033,4,10,800.00,5.00,7600.00
OI0001481,O000505,P0030,1,11,340.00,0.00,3740.00
OI0001482,O000505,P0048,2,12,12050.00,5.00,137370.00
OI0001483,O000505,P0069,3,1,12320.00,0.00,12320.00
OI0001484,O000505,P0029,4,11,8380.00,0.00,92180.00
OI0001485,O000505,P0053,5,8,16730.00,0.00,133840.00
OI0001486,O000506,P0015,1,7,8020.00,15.00,47719.00
OI0001487,O000506,P0023,2,10,12130.00,5.00,115235.00
OI0001488,O000506,P0068,3,5,2100.00,10.00,9450.00
OI0001489,O000506,P0063,4,7,3720.00,15.00,22134.00
OI0001490,O000507,P0034,1,5,10570.00,5.00,50207.50
OI0001491,O000507,P0018,2,3,670.00,5.00,1909.50
OI0001492,O000507,P0047,3,5,2190.00,5.00,10402.50
OI0001493,O000507,P0071,4,1,16680.00,5.00,15846.00
OI0001494,O000507,P0079,5,2,15570.00,0.00,31140.00
OI0001495,O000508,P0079,1,11,15570.00,10.00,154143.00
OI0001496,O000508,P0073,2,6,1430.00,15.00,7293.00
OI0001497,O000508,P0024,3,9,11180.00,0.00,100620.00
OI0001498,O000509,P0079,1,8,15570.00,0.00,124560.00
OI0001499,O000509,P0007,2,7,4920.00,10.00,30996.00
OI0001500,O000509,P0044,3,5,13780.00,10.00,62010.00
OI0001501,O000510,P0002,1,11,12930.00,0.00,142230.00
OI0001502,O000511,P0013,1,6,9840.00,0.00,59040.00
OI0001503,O000511,P0009,2,8,5290.00,0.00,42320.00
OI0001504,O000511,P0030,3,1,340.00,10.00,306.00
OI0001505,O000512,P0043,1,12,9450.00,0.00,113400.00
OI0001506,O000512,P0077,2,6,14410.00,0.00,86460.00
OI0001507,O000512,P0072,3,9,6730.00,10.00,54513.00
OI0001508,O000513,P0001,1,5,4300.00,0.00,21500.00
OI0001509,O000513,P0018,2,1,670.00,10.00,603.00
OI0001510,O000514,P0012,1,9,6280.00,0.00,56520.00
OI0001511,O000514,P0030,2,2,340.00,0.00,680.00
OI0001512,O000515,P0012,1,9,6280.00,5.00,53694.00
OI0001513,O000515,P0054,2,12,10100.00,0.00,121200.00
OI0001514,O000516,P0079,1,3,15570.00,0.00,46710.00
OI0001515,O000516,P0058,2,12,1830.00,0.00,21960.00
OI0001516,O000516,P0056,3,2,10190.00,5.00,19361.00
OI0001517,O000516,P0017,4,6,3480.00,10.00,18792.00
OI0001518,O000516,P0006,5,3,570.00,0.00,1710.00
OI0001519,O000517,P0049,1,3,16150.00,0.00,48450.00
OI0001520,O000517,P0063,2,5,3720.00,0.00,18600.00
OI0001521,O000518,P0007,1,5,4920.00,5.00,23370.00
OI0001522,O000518,P0042,2,3,2830.00,0.00,8490.00
OI0001523,O000519,P0012,1,10,6280.00,0.00,62800.00
OI0001524,O000519,P0055,2,2,16840.00,0.00,33680.00
OI0001525,O000520,P0059,1,2,14710.00,0.00,29420.00
OI0001526,O000520,P0051,2,10,12120.00,15.00,103020.00
OI0001527,O000520,P0032,3,5,330.00,10.00,1485.00
OI0001528,O000521,P0072,1,4,6730.00,15.00,22882.00
OI0001529,O000522,P0045,1,2,14880.00,0.00,29760.00
OI0001530,O000522,P0020,2,1,5780.00,15.00,4913.00
OI0001531,O000522,P0035,3,8,14850.00,10.00,106920.00
OI0001532,O000522,P0041,4,6,12490.00,15.00,63699.00
OI0001533,O000522,P0006,5,11,570.00,0.00,6270.00
OI0001534,O000523,P0004,1,12,16440.00,0.00,197280.00
OI0001535,O000523,P0019,2,11,7370.00,10.00,72963.00
OI0001536,O000523,P0013,3,5,9840.00,0.00,49200.00
OI0001537,O000523,P0061,4,10,9420.00,15.00,80070.00
OI0001538,O000523,P0029,5,1,8380.00,5.00,7961.00
OI0001539,O000524,P0019,1,5,7370.00,5.00,35007.50
OI0001540,O000525,P0041,1,1,12490.00,5.00,11865.50
OI0001541,O000525,P0052,2,3,13500.00,10.00,36450.00
OI0001542,O000525,P0070,3,3,13990.00,0.00,41970.00
OI0001543,O000525,P0052,4,5,13500.00,5.00,64125.00
OI0001544,O000526,P0075,1,2,14230.00,0.00,28460.00
OI0001545,O000526,P0080,2,12,5590.00,0.00,67080.00
OI0001546,O000527,P0034,1,3,10570.00,0.00,31710.00
OI0001547,O000527,P0013,2,5,9840.00,10.00,44280.00
OI0001548,O000528,P0066,1,9,11920.00,0.00,107280.00
OI0001549,O000529,P0055,1,9,16840.00,0.00,151560.00
OI0001550,O000529,P0015,2,9,8020.00,0.00,72180.00
OI0001551,O000529,P0071,3,5,16680.00,15.00,70890.00
OI0001552,O000529,P0030,4,8,340.00,10.00,2448.00
OI0001553,O000529,P0013,5,2,9840.00,10.00,17712.00
OI0001554,O000530,P0046,1,6,7120.00,0.00,42720.00
OI0001555,O000530,P0004,2,11,16440.00,15.00,153714.00
OI0001556,O000531,P0015,1,2,8020.00,0.00,16040.00
OI0001557,O000531,P0038,2,5,11890.00,0.00,59450.00
OI0001558,O000531,P0006,3,11,570.00,0.00,6270.00
OI0001559,O000531,P0029,4,2,8380.00,0.00,16760.00
OI0001560,O000531,P0076,5,3,8140.00,15.00,20757.00
OI0001561,O000532,P0061,1,11,9420.00,0.00,103620.00
OI0001562,O000532,P0059,2,9,14710.00,0.00,132390.00
OI0001563,O000532,P0005,3,1,3300.00,15.00,2805.00
OI0001564,O000533,P0064,1,12,8250.00,0.00,99000.00
OI0001565,O000534,P0004,1,7,16440.00,0.00,115080.00
OI0001566,O000535,P0020,1,6,5780.00,5.00,32946.00
OI0001567,O000535,P0059,2,10,14710.00,0.00,147100.00
OI0001568,O000536,P0068,1,2,2100.00,0.00,4200.00
OI0001569,O000536,P0047,2,8,2190.00,5.00,16644.00
OI0001570,O000536,P0024,3,1,11180.00,0.00,11180.00
OI0001571,O000537,P0049,1,3,16150.00,0.00,48450.00
OI0001572,O000537,P0074,2,4,10020.00,0.00,40080.00
OI0001573,O000537,P0064,3,6,8250.00,5.00,47025.00
OI0001574,O000538,P0043,1,9,9450.00,5.00,80797.50
OI0001575,O000538,P0061,2,7,9420.00,5.00,62643.00
OI0001576,O000539,P0054,1,11,10100.00,0.00,111100.00
OI0001577,O000539,P0028,2,3,9080.00,15.00,23154.00
OI0001578,O000539,P0010,3,4,3500.00,0.00,14000.00
OI0001579,O000539,P0036,4,6,10120.00,0.00,60720.00
OI0001580,O000540,P0018,1,1,670.00,0.00,670.00
OI0001581,O000541,P0031,1,6,3650.00,10.00,19710.00
OI0001582,O000541,P0032,2,11,330.00,0.00,3630.00
OI0001583,O000541,P0069,3,2,12320.00,0.00,24640.00
OI0001584,O000542,P0078,1,5,7660.00,0.00,38300.00
OI0001585,O000542,P0072,2,12,6730.00,15.00,68646.00
OI0001586,O000543,P0067,1,1,16160.00,0.00,16160.00
OI0001587,O000543,P0025,2,2,13240.00,0.00,26480.00
OI0001588,O000543,P0039,3,7,3060.00,5.00,20349.00
OI0001589,O000544,P0018,1,11,670.00,15.00,6264.50
OI0001590,O000545,P0070,1,4,13990.00,0.00,55960.00
OI0001591,O000545,P0071,2,6,16680.00,0.00,100080.00
OI0001592,O000545,P0043,3,8,9450.00,5.00,71820.00
OI0001593,O000546,P0022,1,3,8500.00,15.00,21675.00
OI0001594,O000546,P0059,2,12,14710.00,0.00,176520.00
OI0001595,O000546,P0053,3,11,16730.00,0.00,184030.00
OI0001596,O000547,P0033,1,1,800.00,10.00,720.00
OI0001597,O000547,P0059,2,7,14710.00,0.00,102970.00
OI0001598,O000547,P0017,3,5,3480.00,0.00,17400.00
OI0001599,O000547,P0009,4,11,5290.00,0.00,58190.00
OI0001600,O000548,P0067,1,11,16160.00,5.00,168872.00
OI0001601,O000548,P0040,2,5,17530.00,5.00,83267.50
OI0001602,O000549,P0043,1,2,9450.00,15.00,16065.00
OI0001603,O000550,P0052,1,11,13500.00,5.00,141075.00
OI0001604,O000550,P0019,2,11,7370.00,0.00,81070.00
OI0001605,O000550,P0028,3,3,9080.00,15.00,23154.00
OI0001606,O000550,P0045,4,3,14880.00,0.00,44640.00
OI0001607,O000550,P0014,5,12,14460.00,10.00,156168.00
OI0001608,O000551,P0015,1,12,8020.00,0.00,96240.00
OI0001609,O000551,P0050,2,6,14600.00,5.00,83220.00
OI0001610,O000551,P0029,3,6,8380.00,5.00,47766.00
OI0001611,O000551,P0032,4,8,330.00,0.00,2640.00
OI0001612,O000552,P0044,1,2,13780.00,15.00,23426.00
OI0001613,O000553,P0036,1,4,10120.00,15.00,34408.00
OI0001614,O000553,P0041,2,7,12490.00,5.00,83058.50
OI0001615,O000553,P0049,3,4,16150.00,5.00,61370.00
OI0001616,O000554,P0009,1,3,5290.00,0.00,15870.00
OI0001617,O000554,P0025,2,6,13240.00,0.00,79440.00
OI0001618,O000554,P0063,3,7,3720.00,0.00,26040.00
OI0001619,O000554,P0011,4,12,6240.00,5.00,71136.00
OI0001620,O000555,P0064,1,7,8250.00,0.00,57750.00
OI0001621,O000555,P0039,2,9,3060.00,15.00,23409.00
OI0001622,O000555,P0066,3,6,11920.00,0.00,71520.00
OI0001623,O000556,P0017,1,12,3480.00,15.00,35496.00
OI0001624,O000556,P0031,2,6,3650.00,15.00,18615.00
OI0001625,O000556,P0009,3,10,5290.00,15.00,44965.00
OI0001626,O000557,P0078,1,4,7660.00,0.00,30640.00
OI0001627,O000557,P0071,2,3,16680.00,5.00,47538.00
OI0001628,O000558,P0028,1,11,9080.00,0.00,99880.00
OI0001629,O000559,P0032,1,3,330.00,0.00,990.00
OI0001630,O000560,P0039,1,4,3060.00,0.00,12240.00
OI0001631,O000560,P0063,2,11,3720.00,0.00,40920.00
OI0001632,O000560,P0071,3,1,16680.00,0.00,16680.00
OI0001633,O000560,P0030,4,7,340.00,15.00,2023.00
OI0001634,O000561,P0021,1,1,17850.00,0.00,17850.00
OI0001635,O000561,P0040,2,8,17530.00,15.00,119204.00
OI0001636,O000562,P0024,1,6,11180.00,5.00,63726.00
OI0001637,O000562,P0058,2,5,1830.00,5.00,8692.50
OI0001638,O000562,P0016,3,9,8740.00,0.00,78660.00
OI0001639,O000562,P0061,4,6,9420.00,15.00,48042.00
OI0001640,O000563,P0078,1,3,7660.00,0.00,22980.00
OI0001641,O000564,P0038,1,9,11890.00,0.00,107010.00
OI0001642,O000564,P0005,2,3,3300.00,10.00,8910.00
OI0001643,O000565,P0010,1,2,3500.00,0.00,7000.00
OI0001644,O000565,P0080,2,11,5590.00,5.00,58415.50
OI0001645,O000566,P0045,1,12,14880.00,10.00,160704.00
OI0001646,O000566,P0028,2,9,9080.00,10.00,73548.00
OI0001647,O000566,P0062,3,1,8730.00,15.00,7420.50
OI0001648,O000566,P0029,4,8,8380.00,0.00,67040.00
OI0001649,O000567,P0018,1,6,670.00,5.00,3819.00
OI0001650,O000568,P0062,1,6,8730.00,5.00,49761.00
OI0001651,O000568,P0069,2,11,12320.00,5.00,128744.00
OI0001652,O000568,P0008,3,11,5830.00,0.00,64130.00
OI0001653,O000568,P0031,4,11,3650.00,10.00,36135.00
OI0001654,O000569,P0035,1,3,14850.00,10.00,40095.00
OI0001655,O000569,P0073,2,12,1430.00,5.00,16302.00
OI0001656,O000569,P0080,3,7,5590.00,10.00,35217.00
OI0001657,O000569,P0001,4,1,4300.00,0.00,4300.00
OI0001658,O000569,P0035,5,9,14850.00,0.00,133650.00
OI0001659,O000570,P0029,1,7,8380.00,0.00,58660.00
OI0001660,O000570,P0048,2,12,12050.00,15.00,122910.00
OI0001661,O000570,P0001,3,4,4300.00,0.00,17200.00
OI0001662,O000571,P0001,1,2,4300.00,15.00,7310.00
OI0001663,O000572,P0011,1,5,6240.00,0.00,31200.00
OI0001664,O000572,P0048,2,9,12050.00,0.00,108450.00
OI0001665,O000572,P0054,3,7,10100.00,0.00,70700.00
OI0001666,O000572,P0046,4,2,7120.00,15.00,12104.00
OI0001667,O000572,P0016,5,2,8740.00,10.00,15732.00
OI0001668,O000573,P0004,1,6,16440.00,0.00,98640.00
OI0001669,O000574,P0019,1,6,7370.00,0.00,44220.00
OI0001670,O000575,P0034,1,10,10570.00,15.00,89845.00
OI0001671,O000575,P0047,2,4,2190.00,15.00,7446.00
OI0001672,O000575,P0027,3,3,4890.00,0.00,14670.00
OI0001673,O000576,P0066,1,12,11920.00,0.00,143040.00
OI0001674,O000576,P0027,2,5,4890.00,0.00,24450.00
OI0001675,O000576,P0037,3,11,6650.00,0.00,73150.00
OI0001676,O000577,P0044,1,2,13780.00,0.00,27560.00
OI0001677,O000578,P0005,1,11,3300.00,0.00,36300.00
OI0001678,O000578,P0022,2,11,8500.00,0.00,93500.00
OI0001679,O000578,P0017,3,6,3480.00,0.00,20880.00
OI0001680,O000578,P0061,4,2,9420.00,10.00,16956.00
OI0001681,O000578,P0078,5,1,7660.00,5.00,7277.00
OI0001682,O000579,P0038,1,7,11890.00,0.00,83230.00
OI0001683,O000579,P0027,2,12,4890.00,0.00,58680.00
OI0001684,O000579,P0064,3,3,8250.00,10.00,22275.00
OI0001685,O000579,P0019,4,12,7370.00,0.00,88440.00
OI0001686,O000580,P0016,1,6,8740.00,0.00,52440.00
OI0001687,O000581,P0028,1,9,9080.00,15.00,69462.00
OI0001688,O000581,P0024,2,9,11180.00,5.00,95589.00
OI0001689,O000581,P0052,3,7,13500.00,5.00,89775.00
OI0001690,O000581,P0057,4,11,5170.00,5.00,54026.50
OI0001691,O000581,P0027,5,12,4890.00,0.00,58680.00
OI0001692,O000582,P0050,1,4,14600.00,5.00,55480.00
OI0001693,O000582,P0054,2,10,10100.00,5.00,95950.00
OI0001694,O000583,P0037,1,6,6650.00,15.00,33915.00
OI0001695,O000584,P0053,1,5,16730.00,0.00,83650.00
OI0001696,O000584,P0059,2,4,14710.00,0.00,58840.00
OI0001697,O000585,P0006,1,3,570.00,0.00,1710.00
OI0001698,O000585,P0007,2,11,4920.00,0.00,54120.00
OI0001699,O000585,P0021,3,4,17850.00,5.00,67830.00
OI0001700,O000585,P0063,4,2,3720.00,0.00,7440.00
OI0001701,O000585,P0034,5,7,10570.00,0.00,73990.00
OI0001702,O000586,P0047,1,1,2190.00,5.00,2080.50
OI0001703,O000586,P0024,2,12,11180.00,15.00,114036.00
OI0001704,O000587,P0070,1,7,13990.00,0.00,97930.00
OI0001705,O000587,P0025,2,12,13240.00,10.00,142992.00
OI0001706,O000587,P0021,3,5,17850.00,0.00,89250.00
OI0001707,O000587,P0020,4,6,5780.00,5.00,32946.00
OI0001708,O000588,P0070,1,8,13990.00,15.00,95132.00
OI0001709,O000588,P0021,2,2,17850.00,15.00,30345.00
OI0001710,O000588,P0076,3,4,8140.00,5.00,30932.00
OI0001711,O000588,P0072,4,7,6730.00,10.00,42399.00
OI0001712,O000589,P0073,1,6,1430.00,0.00,8580.00
OI0001713,O000589,P0048,2,11,12050.00,10.00,119295.00
OI0001714,O000589,P0023,3,7,12130.00,0.00,84910.00
OI0001715,O000589,P0028,4,8,9080.00,0.00,72640.00
OI0001716,O000590,P0057,1,6,5170.00,5.00,29469.00
OI0001717,O000590,P0019,2,10,7370.00,5.00,70015.00
OI0001718,O000591,P0079,1,6,15570.00,10.00,84078.00
OI0001719,O000591,P0034,2,6,10570.00,0.00,63420.00
OI0001720,O000591,P0071,3,9,16680.00,0.00,150120.00
OI0001721,O000592,P0012,1,5,6280.00,0.00,31400.00
OI0001722,O000592,P0038,2,5,11890.00,0.00,59450.00
OI0001723,O000592,P0045,3,12,14880.00,0.00,178560.00
OI0001724,O000592,P0055,4,8,16840.00,5.00,127984.00
OI0001725,O000592,P0035,5,2,14850.00,0.00,29700.00
OI0001726,O000593,P0011,1,2,6240.00,15.00,10608.00
OI0001727,O000593,P0001,2,3,4300.00,5.00,12255.00
OI0001728,O000593,P0020,3,7,5780.00,0.00,40460.00
OI0001729,O000593,P0019,4,5,7370.00,5.00,35007.50
OI0001730,O000593,P0045,5,7,14880.00,15.00,88536.00
OI0001731,O000594,P0010,1,1,3500.00,0.00,3500.00
OI0001732,O000595,P0055,1,4,16840.00,0.00,67360.00
OI0001733,O000595,P0070,2,9,13990.00,10.00,113319.00
OI0001734,O000595,P0074,3,12,10020.00,0.00,120240.00
OI0001735,O000595,P0023,4,9,12130.00,0.00,109170.00
OI0001736,O000595,P0008,5,6,5830.00,15.00,29733.00
OI0001737,O000596,P0047,1,9,2190.00,5.00,18724.50
OI0001738,O000597,P0018,1,8,670.00,0.00,5360.00
OI0001739,O000597,P0037,2,12,6650.00,0.00,79800.00
OI0001740,O000597,P0072,3,5,6730.00,0.00,33650.00
OI0001741,O000598,P0015,1,3,8020.00,10.00,21654.00
OI0001742,O000598,P0045,2,5,14880.00,0.00,74400.00
OI0001743,O000599,P0027,1,6,4890.00,0.00,29340.00
OI0001744,O000599,P0022,2,10,8500.00,0.00,85000.00
OI0001745,O000599,P0058,3,12,1830.00,10.00,19764.00
OI0001746,O000599,P0076,4,6,8140.00,0.00,48840.00
OI0001747,O000600,P0066,1,9,11920.00,0.00,107280.00
OI0001748,O000601,P0032,1,12,330.00,0.00,3960.00
OI0001749,O000602,P0046,1,3,7120.00,0.00,21360.00
OI0001750,O000602,P0017,2,7,3480.00,0.00,24360.00
OI0001751,O000603,P0012,1,2,6280.00,0.00,12560.00
OI0001752,O000604,P0031,1,10,3650.00,0.00,36500.00
OI0001753,O000605,P0049,1,7,16150.00,5.00,107397.50
OI0001754,O000605,P0055,2,8,16840.00,0.00,134720.00
OI0001755,O000605,P0069,3,4,12320.00,5.00,46816.00
OI0001756,O000605,P0020,4,5,5780.00,5.00,27455.00
OI0001757,O000605,P0072,5,6,6730.00,15.00,34323.00
OI0001758,O000606,P0040,1,11,17530.00,0.00,192830.00
OI0001759,O000606,P0057,2,8,5170.00,0.00,41360.00
OI0001760,O000606,P0015,3,5,8020.00,0.00,40100.00
OI0001761,O000606,P0003,4,5,14640.00,0.00,73200.00
OI0001762,O000606,P0080,5,5,5590.00,0.00,27950.00
OI0001763,O000607,P0076,1,4,8140.00,5.00,30932.00
OI0001764,O000607,P0075,2,4,14230.00,10.00,51228.00
OI0001765,O000607,P0072,3,1,6730.00,0.00,6730.00
OI0001766,O000607,P0047,4,1,2190.00,0.00,2190.00
OI0001767,O000608,P0009,1,5,5290.00,0.00,26450.00
OI0001768,O000608,P0057,2,12,5170.00,15.00,52734.00
OI0001769,O000608,P0005,3,5,3300.00,0.00,16500.00
OI0001770,O000608,P0070,4,1,13990.00,0.00,13990.00
OI0001771,O000608,P0057,5,5,5170.00,15.00,21972.50
OI0001772,O000609,P0042,1,1,2830.00,0.00,2830.00
OI0001773,O000609,P0062,2,2,8730.00,5.00,16587.00
OI0001774,O000610,P0078,1,2,7660.00,5.00,14554.00
OI0001775,O000611,P0075,1,9,14230.00,10.00,115263.00
OI0001776,O000611,P0033,2,5,800.00,10.00,3600.00
OI0001777,O000611,P0066,3,5,11920.00,15.00,50660.00
OI0001778,O000611,P0025,4,9,13240.00,0.00,119160.00
OI0001779,O000612,P0027,1,4,4890.00,10.00,17604.00
OI0001780,O000612,P0044,2,8,13780.00,15.00,93704.00
OI0001781,O000613,P0053,1,9,16730.00,0.00,150570.00
OI0001782,O000613,P0028,2,7,9080.00,0.00,63560.00
OI0001783,O000613,P0053,3,4,16730.00,0.00,66920.00
OI0001784,O000613,P0057,4,1,5170.00,0.00,5170.00
OI0001785,O000614,P0068,1,11,2100.00,0.00,23100.00
OI0001786,O000614,P0054,2,1,10100.00,0.00,10100.00
OI0001787,O000614,P0009,3,4,5290.00,0.00,21160.00
OI0001788,O000614,P0059,4,10,14710.00,0.00,147100.00
OI0001789,O000615,P0034,1,8,10570.00,0.00,84560.00
OI0001790,O000615,P0054,2,6,10100.00,0.00,60600.00
OI0001791,O000616,P0026,1,11,13420.00,0.00,147620.00
OI0001792,O000616,P0020,2,5,5780.00,10.00,26010.00
OI0001793,O000616,P0062,3,3,8730.00,10.00,23571.00
OI0001794,O000616,P0030,4,6,340.00,0.00,2040.00
OI0001795,O000617,P0032,1,11,330.00,10.00,3267.00
OI0001796,O000617,P0051,2,11,12120.00,15.00,113322.00
OI0001797,O000617,P0037,3,8,6650.00,0.00,53200.00
OI0001798,O000617,P0061,4,4,9420.00,0.00,37680.00
OI0001799,O000618,P0033,1,4,800.00,5.00,3040.00
OI0001800,O000618,P0058,2,4,1830.00,5.00,6954.00
OI0001801,O000618,P0024,3,9,11180.00,15.00,85527.00
OI0001802,O000618,P0071,4,3,16680.00,5.00,47538.00
OI0001803,O000618,P0001,5,2,4300.00,0.00,8600.00
OI0001804,O000619,P0010,1,8,3500.00,15.00,23800.00
OI0001805,O000619,P0024,2,9,11180.00,15.00,85527.00
OI0001806,O000619,P0013,3,11,9840.00,5.00,102828.00
OI0001807,O000620,P0059,1,6,14710.00,15.00,75021.00
OI0001808,O000620,P0021,2,4,17850.00,0.00,71400.00
OI0001809,O000620,P0025,3,10,13240.00,0.00,132400.00
OI0001810,O000620,P0007,4,12,4920.00,10.00,53136.00
OI0001811,O000620,P0053,5,5,16730.00,5.00,79467.50
OI0001812,O000621,P0011,1,5,6240.00,0.00,31200.00
OI0001813,O000622,P0003,1,11,14640.00,10.00,144936.00
OI0001814,O000623,P0009,1,6,5290.00,15.00,26979.00
OI0001815,O000623,P0048,2,11,12050.00,0.00,132550.00
OI0001816,O000624,P0069,1,11,12320.00,5.00,128744.00
OI0001817,O000625,P0001,1,4,4300.00,0.00,17200.00
OI0001818,O000625,P0060,2,8,8800.00,15.00,59840.00
OI0001819,O000625,P0058,3,5,1830.00,0.00,9150.00
OI0001820,O000625,P0011,4,2,6240.00,0.00,12480.00
OI0001821,O000625,P0018,5,4,670.00,15.00,2278.00
OI0001822,O000626,P0054,1,11,10100.00,0.00,111100.00
OI0001823,O000626,P0028,2,4,9080.00,5.00,34504.00
OI0001824,O000626,P0033,3,12,800.00,0.00,9600.00
OI0001825,O000627,P0007,1,1,4920.00,5.00,4674.00
OI0001826,O000627,P0017,2,6,3480.00,15.00,17748.00
OI0001827,O000627,P0069,3,1,12320.00,0.00,12320.00
OI0001828,O000627,P0052,4,8,13500.00,0.00,108000.00
OI0001829,O000627,P0011,5,6,6240.00,0.00,37440.00
OI0001830,O000628,P0075,1,8,14230.00,0.00,113840.00
OI0001831,O000628,P0020,2,9,5780.00,15.00,44217.00
OI0001832,O000628,P0070,3,10,13990.00,0.00,139900.00
OI0001833,O000628,P0005,4,8,3300.00,15.00,22440.00
OI0001834,O000629,P0045,1,5,14880.00,15.00,63240.00
OI0001835,O000629,P0024,2,11,11180.00,0.00,122980.00
OI0001836,O000629,P0004,3,6,16440.00,0.00,98640.00
OI0001837,O000630,P0059,1,2,14710.00,0.00,29420.00
OI0001838,O000630,P0062,2,6,8730.00,0.00,52380.00
OI0001839,O000630,P0031,3,11,3650.00,0.00,40150.00
OI0001840,O000631,P0072,1,2,6730.00,0.00,13460.00
OI0001841,O000631,P0007,2,10,4920.00,10.00,44280.00
OI0001842,O000631,P0055,3,7,16840.00,10.00,106092.00
OI0001843,O000631,P0045,4,11,14880.00,0.00,163680.00
OI0001844,O000631,P0005,5,7,3300.00,10.00,20790.00
OI0001845,O000632,P0050,1,7,14600.00,0.00,102200.00
OI0001846,O000632,P0070,2,9,13990.00,15.00,107023.50
OI0001847,O000632,P0060,3,7,8800.00,5.00,58520.00
OI0001848,O000633,P0053,1,6,16730.00,10.00,90342.00
OI0001849,O000634,P0069,1,1,12320.00,0.00,12320.00
OI0001850,O000634,P0072,2,10,6730.00,0.00,67300.00
OI0001851,O000634,P0049,3,11,16150.00,0.00,177650.00
OI0001852,O000634,P0066,4,3,11920.00,0.00,35760.00
OI0001853,O000635,P0011,1,5,6240.00,0.00,31200.00
OI0001854,O000635,P0023,2,2,12130.00,10.00,21834.00
OI0001855,O000635,P0035,3,5,14850.00,0.00,74250.00
OI0001856,O000635,P0028,4,10,9080.00,10.00,81720.00
OI0001857,O000636,P0026,1,11,13420.00,0.00,147620.00
OI0001858,O000636,P0064,2,12,8250.00,15.00,84150.00
OI0001859,O000636,P0064,3,7,8250.00,10.00,51975.00
OI0001860,O000636,P0011,4,1,6240.00,5.00,5928.00
OI0001861,O000636,P0066,5,3,11920.00,0.00,35760.00
OI0001862,O000637,P0002,1,8,12930.00,15.00,87924.00
OI0001863,O000637,P0066,2,3,11920.00,0.00,35760.00
OI0001864,O000637,P0049,3,6,16150.00,0.00,96900.00
OI0001865,O000637,P0068,4,3,2100.00,10.00,5670.00
OI0001866,O000638,P0011,1,7,6240.00,0.00,43680.00
OI0001867,O000638,P0049,2,11,16150.00,0.00,177650.00
OI0001868,O000638,P0023,3,9,12130.00,0.00,109170.00
OI0001869,O000639,P0062,1,7,8730.00,0.00,61110.00
OI0001870,O000639,P0009,2,9,5290.00,5.00,45229.50
OI0001871,O000639,P0029,3,10,8380.00,15.00,71230.00
OI0001872,O000640,P0047,1,6,2190.00,0.00,13140.00
OI0001873,O000641,P0054,1,2,10100.00,0.00,20200.00
OI0001874,O000641,P0006,2,11,570.00,0.00,6270.00
OI0001875,O000641,P0024,3,7,11180.00,0.00,78260.00
OI0001876,O000641,P0040,4,2,17530.00,0.00,35060.00
OI0001877,O000641,P0009,5,10,5290.00,0.00,52900.00
OI0001878,O000642,P0003,1,4,14640.00,0.00,58560.00
OI0001879,O000642,P0057,2,8,5170.00,5.00,39292.00
OI0001880,O000643,P0006,1,1,570.00,0.00,570.00
OI0001881,O000643,P0044,2,8,13780.00,5.00,104728.00
OI0001882,O000643,P0037,3,8,6650.00,10.00,47880.00
OI0001883,O000643,P0005,4,12,3300.00,0.00,39600.00
OI0001884,O000643,P0062,5,9,8730.00,15.00,66784.50
OI0001885,O000644,P0013,1,5,9840.00,15.00,41820.00
OI0001886,O000645,P0038,1,1,11890.00,5.00,11295.50
OI0001887,O000645,P0015,2,6,8020.00,5.00,45714.00
OI0001888,O000645,P0078,3,10,7660.00,5.00,72770.00
OI0001889,O000646,P0017,1,11,3480.00,15.00,32538.00
OI0001890,O000646,P0033,2,11,800.00,10.00,7920.00
OI0001891,O000646,P0063,3,1,3720.00,0.00,3720.00
OI0001892,O000646,P0008,4,12,5830.00,0.00,69960.00
OI0001893,O000647,P0023,1,1,12130.00,15.00,10310.50
OI0001894,O000647,P0064,2,3,8250.00,0.00,24750.00
OI0001895,O000647,P0005,3,10,3300.00,0.00,33000.00
OI0001896,O000648,P0020,1,10,5780.00,5.00,54910.00
OI0001897,O000649,P0028,1,3,9080.00,10.00,24516.00
OI0001898,O000649,P0073,2,3,1430.00,0.00,4290.00
OI0001899,O000649,P0027,3,3,4890.00,10.00,13203.00
OI0001900,O000650,P0072,1,11,6730.00,15.00,62925.50
OI0001901,O000650,P0018,2,3,670.00,0.00,2010.00
OI0001902,O000650,P0008,3,10,5830.00,15.00,49555.00
OI0001903,O000651,P0011,1,4,6240.00,0.00,24960.00
OI0001904,O000652,P0006,1,3,570.00,5.00,1624.50
OI0001905,O000652,P0043,2,11,9450.00,15.00,88357.50
OI0001906,O000652,P0022,3,9,8500.00,15.00,65025.00
OI0001907,O000653,P0072,1,12,6730.00,10.00,72684.00
OI0001908,O000653,P0022,2,10,8500.00,0.00,85000.00
OI0001909,O000653,P0076,3,11,8140.00,0.00,89540.00
OI0001910,O000653,P0022,4,3,8500.00,0.00,25500.00
OI0001911,O000654,P0023,1,7,12130.00,0.00,84910.00
OI0001912,O000654,P0016,2,5,8740.00,15.00,37145.00
OI0001913,O000654,P0076,3,1,8140.00,0.00,8140.00
OI0001914,O000654,P0068,4,6,2100.00,0.00,12600.00
OI0001915,O000654,P0010,5,3,3500.00,0.00,10500.00
OI0001916,O000655,P0023,1,2,12130.00,0.00,24260.00
OI0001917,O000656,P0041,1,11,12490.00,15.00,116781.50
OI0001918,O000656,P0076,2,8,8140.00,0.00,65120.00
OI0001919,O000656,P0001,3,2,4300.00,15.00,7310.00
OI0001920,O000656,P0076,4,10,8140.00,5.00,77330.00
OI0001921,O000657,P0021,1,11,17850.00,10.00,176715.00
OI0001922,O000657,P0041,2,6,12490.00,0.00,74940.00
OI0001923,O000657,P0037,3,12,6650.00,0.00,79800.00
OI0001924,O000657,P0046,4,7,7120.00,5.00,47348.00
OI0001925,O000657,P0028,5,5,9080.00,0.00,45400.00
OI0001926,O000658,P0059,1,3,14710.00,0.00,44130.00
OI0001927,O000658,P0035,2,11,14850.00,15.00,138847.50
OI0001928,O000658,P0017,3,6,3480.00,5.00,19836.00
OI0001929,O000658,P0047,4,12,2190.00,15.00,22338.00
OI0001930,O000658,P0024,5,11,11180.00,5.00,116831.00
OI0001931,O000659,P0077,1,3,14410.00,10.00,38907.00
OI0001932,O000659,P0030,2,7,340.00,0.00,2380.00
OI0001933,O000659,P0080,3,3,5590.00,0.00,16770.00
OI0001934,O000659,P0031,4,11,3650.00,0.00,40150.00
OI0001935,O000660,P0070,1,7,13990.00,0.00,97930.00
OI0001936,O000660,P0022,2,5,8500.00,0.00,42500.00
OI0001937,O000660,P0039,3,12,3060.00,0.00,36720.00
OI0001938,O000660,P0065,4,3,10680.00,0.00,32040.00
OI0001939,O000660,P0027,5,9,4890.00,10.00,39609.00
OI0001940,O000661,P0001,1,1,4300.00,15.00,3655.00
OI0001941,O000661,P0027,2,1,4890.00,0.00,4890.00
OI0001942,O000661,P0050,3,8,14600.00,0.00,116800.00
OI0001943,O000661,P0067,4,6,16160.00,0.00,96960.00
OI0001944,O000662,P0046,1,8,7120.00,10.00,51264.00
OI0001945,O000662,P0012,2,12,6280.00,10.00,67824.00
OI0001946,O000662,P0032,3,3,330.00,0.00,990.00
OI0001947,O000662,P0067,4,11,16160.00,5.00,168872.00
OI0001948,O000662,P0004,5,12,16440.00,0.00,197280.00
OI0001949,O000663,P0062,1,7,8730.00,15.00,51943.50
OI0001950,O000663,P0077,2,11,14410.00,0.00,158510.00
OI0001951,O000664,P0010,1,8,3500.00,0.00,28000.00
OI0001952,O000664,P0076,2,4,8140.00,10.00,29304.00
OI0001953,O000664,P0029,3,4,8380.00,10.00,30168.00
OI0001954,O000665,P0006,1,10,570.00,0.00,5700.00
OI0001955,O000666,P0038,1,9,11890.00,0.00,107010.00
OI0001956,O000666,P0011,2,1,6240.00,0.00,6240.00
OI0001957,O000666,P0052,3,6,13500.00,15.00,68850.00
OI0001958,O000666,P0055,4,2,16840.00,0.00,33680.00
OI0001959,O000667,P0028,1,2,9080.00,15.00,15436.00
OI0001960,O000668,P0015,1,1,8020.00,5.00,7619.00
OI0001961,O000668,P0056,2,7,10190.00,10.00,64197.00
OI0001962,O000669,P0056,1,12,10190.00,0.00,122280.00
OI0001963,O000669,P0043,2,6,9450.00,0.00,56700.00
OI0001964,O000670,P0053,1,5,16730.00,15.00,71102.50
OI0001965,O000670,P0063,2,11,3720.00,0.00,40920.00
OI0001966,O000670,P0064,3,4,8250.00,5.00,31350.00
OI0001967,O000670,P0030,4,7,340.00,0.00,2380.00
OI0001968,O000671,P0039,1,10,3060.00,10.00,27540.00
OI0001969,O000671,P0041,2,5,12490.00,0.00,62450.00
OI0001970,O000671,P0025,3,4,13240.00,15.00,45016.00
OI0001971,O000671,P0072,4,5,6730.00,5.00,31967.50
OI0001972,O000671,P0002,5,11,12930.00,10.00,128007.00
OI0001973,O000672,P0065,1,11,10680.00,0.00,117480.00
OI0001974,O000672,P0006,2,2,570.00,15.00,969.00
OI0001975,O000672,P0077,3,1,14410.00,5.00,13689.50
OI0001976,O000672,P0033,4,10,800.00,5.00,7600.00
OI0001977,O000672,P0058,5,3,1830.00,0.00,5490.00
OI0001978,O000673,P0060,1,5,8800.00,0.00,44000.00
OI0001979,O000673,P0022,2,5,8500.00,15.00,36125.00
OI0001980,O000673,P0027,3,5,4890.00,10.00,22005.00
OI0001981,O000674,P0014,1,1,14460.00,10.00,13014.00
OI0001982,O000675,P0004,1,7,16440.00,15.00,97818.00
OI0001983,O000675,P0018,2,5,670.00,5.00,3182.50
OI0001984,O000675,P0040,3,5,17530.00,0.00,87650.00
OI0001985,O000675,P0078,4,12,7660.00,15.00,78132.00
OI0001986,O000675,P0058,5,3,1830.00,0.00,5490.00
OI0001987,O000676,P0035,1,10,14850.00,5.00,141075.00
OI0001988,O000676,P0062,2,9,8730.00,0.00,78570.00
OI0001989,O000676,P0020,3,2,5780.00,0.00,11560.00
OI0001990,O000676,P0080,4,9,5590.00,0.00,50310.00
OI0001991,O000677,P0038,1,1,11890.00,15.00,10106.50
OI0001992,O000677,P0011,2,5,6240.00,0.00,31200.00
OI0001993,O000678,P0007,1,3,4920.00,15.00,12546.00
OI0001994,O000678,P0047,2,1,2190.00,5.00,2080.50
OI0001995,O000679,P0009,1,1,5290.00,0.00,5290.00
OI0001996,O000679,P0068,2,8,2100.00,0.00,16800.00
OI0001997,O000679,P0051,3,1,12120.00,0.00,12120.00
OI0001998,O000680,P0057,1,4,5170.00,0.00,20680.00
OI0001999,O000680,P0050,2,10,14600.00,0.00,146000.00
OI0002000,O000680,P0075,3,7,14230.00,15.00,84668.50
OI0002001,O000680,P0049,4,1,16150.00,0.00,16150.00
OI0002002,O000681,P0051,1,3,12120.00,15.00,30906.00
OI0002003,O000682,P0061,1,8,9420.00,15.00,64056.00
OI0002004,O000682,P0061,2,12,9420.00,0.00,113040.00
OI0002005,O000683,P0076,1,1,8140.00,5.00,7733.00
OI0002006,O000683,P0073,2,12,1430.00,0.00,17160.00
OI0002007,O000684,P0076,1,1,8140.00,15.00,6919.00
OI0002008,O000684,P0066,2,11,11920.00,10.00,118008.00
OI0002009,O000684,P0071,3,1,16680.00,0.00,16680.00
OI0002010,O000685,P0052,1,7,13500.00,15.00,80325.00
OI0002011,O000686,P0072,1,2,6730.00,15.00,11441.00
OI0002012,O000686,P0063,2,8,3720.00,10.00,26784.00
OI0002013,O000686,P0011,3,8,6240.00,0.00,49920.00
OI0002014,O000687,P0001,1,1,4300.00,15.00,3655.00
OI0002015,O000688,P0054,1,8,10100.00,0.00,80800.00
OI0002016,O000688,P0019,2,8,7370.00,0.00,58960.00
OI0002017,O000688,P0074,3,8,10020.00,5.00,76152.00
OI0002018,O000688,P0043,4,6,9450.00,0.00,56700.00
OI0002019,O000689,P0044,1,2,13780.00,0.00,27560.00
OI0002020,O000689,P0014,2,2,14460.00,5.00,27474.00
OI0002021,O000689,P0019,3,11,7370.00,10.00,72963.00
OI0002022,O000689,P0048,4,3,12050.00,10.00,32535.00
OI0002023,O000690,P0077,1,12,14410.00,15.00,146982.00
OI0002024,O000690,P0035,2,3,14850.00,0.00,44550.00
OI0002025,O000690,P0080,3,11,5590.00,0.00,61490.00
OI0002026,O000690,P0046,4,12,7120.00,0.00,85440.00
OI0002027,O000691,P0072,1,5,6730.00,5.00,31967.50
OI0002028,O000692,P0057,1,12,5170.00,15.00,52734.00
OI0002029,O000692,P0079,2,7,15570.00,10.00,98091.00
OI0002030,O000693,P0044,1,4,13780.00,0.00,55120.00
OI0002031,O000693,P0047,2,12,2190.00,0.00,26280.00
OI0002032,O000693,P0052,3,6,13500.00,5.00,76950.00
OI0002033,O000693,P0072,4,5,6730.00,10.00,30285.00
OI0002034,O000694,P0080,1,4,5590.00,10.00,20124.00
OI0002035,O000694,P0079,2,1,15570.00,5.00,14791.50
OI0002036,O000694,P0024,3,3,11180.00,15.00,28509.00
OI0002037,O000695,P0012,1,9,6280.00,0.00,56520.00
OI0002038,O000695,P0035,2,6,14850.00,15.00,75735.00
OI0002039,O000695,P0064,3,5,8250.00,10.00,37125.00
OI0002040,O000695,P0015,4,9,8020.00,10.00,64962.00
OI0002041,O000695,P0008,5,2,5830.00,5.00,11077.00
OI0002042,O000696,P0044,1,5,13780.00,0.00,68900.00
OI0002043,O000696,P0006,2,8,570.00,0.00,4560.00
OI0002044,O000696,P0019,3,7,7370.00,15.00,43851.50
OI0002045,O000696,P0002,4,11,12930.00,15.00,120895.50
OI0002046,O000697,P0026,1,3,13420.00,0.00,40260.00
OI0002047,O000698,P0080,1,6,5590.00,10.00,30186.00
OI0002048,O000698,P0025,2,1,13240.00,0.00,13240.00
OI0002049,O000698,P0067,3,12,16160.00,0.00,193920.00
OI0002050,O000698,P0006,4,9,570.00,15.00,4360.50
OI0002051,O000698,P0056,5,7,10190.00,5.00,67763.50
OI0002052,O000699,P0065,1,7,10680.00,0.00,74760.00
OI0002053,O000699,P0003,2,6,14640.00,0.00,87840.00
OI0002054,O000699,P0035,3,1,14850.00,0.00,14850.00
OI0002055,O000699,P0011,4,3,6240.00,10.00,16848.00
OI0002056,O000700,P0055,1,4,16840.00,0.00,67360.00
OI0002057,O000700,P0080,2,7,5590.00,15.00,33260.50
OI0002058,O000700,P0033,3,9,800.00,0.00,7200.00
OI0002059,O000700,P0015,4,8,8020.00,0.00,64160.00
OI0002060,O000700,P0055,5,11,16840.00,5.00,175978.00
OI0002061,O000701,P0064,1,1,8250.00,0.00,8250.00
OI0002062,O000701,P0080,2,3,5590.00,10.00,15093.00
OI0002063,O000701,P0050,3,4,14600.00,10.00,52560.00
OI0002064,O000701,P0063,4,10,3720.00,15.00,31620.00
OI0002065,O000702,P0069,1,11,12320.00,0.00,135520.00
OI0002066,O000703,P0036,1,2,10120.00,0.00,20240.00
OI0002067,O000704,P0017,1,1,3480.00,0.00,3480.00
OI0002068,O000704,P0027,2,11,4890.00,0.00,53790.00
OI0002069,O000704,P0053,3,11,16730.00,5.00,174828.50
OI0002070,O000704,P0029,4,12,8380.00,15.00,85476.00
OI0002071,O000704,P0022,5,6,8500.00,0.00,51000.00
OI0002072,O000705,P0002,1,9,12930.00,0.00,116370.00
OI0002073,O000705,P0032,2,11,330.00,10.00,3267.00
OI0002074,O000706,P0060,1,5,8800.00,5.00,41800.00
OI0002075,O000706,P0056,2,11,10190.00,10.00,100881.00
OI0002076,O000707,P0020,1,1,5780.00,5.00,5491.00
OI0002077,O000708,P0043,1,12,9450.00,5.00,107730.00
OI0002078,O000709,P0022,1,9,8500.00,0.00,76500.00
OI0002079,O000709,P0025,2,4,13240.00,5.00,50312.00
OI0002080,O000709,P0053,3,5,16730.00,5.00,79467.50
OI0002081,O000709,P0075,4,5,14230.00,5.00,67592.50
OI0002082,O000710,P0028,1,4,9080.00,0.00,36320.00
OI0002083,O000710,P0048,2,12,12050.00,10.00,130140.00
OI0002084,O000710,P0035,3,5,14850.00,0.00,74250.00
OI0002085,O000711,P0037,1,9,6650.00,0.00,59850.00
OI0002086,O000712,P0020,1,6,5780.00,0.00,34680.00
OI0002087,O000712,P0038,2,8,11890.00,0.00,95120.00
OI0002088,O000712,P0064,3,2,8250.00,5.00,15675.00
OI0002089,O000713,P0054,1,5,10100.00,15.00,42925.00
OI0002090,O000713,P0026,2,1,13420.00,0.00,13420.00
OI0002091,O000713,P0055,3,2,16840.00,0.00,33680.00
OI0002092,O000714,P0003,1,10,14640.00,15.00,124440.00
OI0002093,O000714,P0058,2,4,1830.00,0.00,7320.00
OI0002094,O000714,P0073,3,3,1430.00,15.00,3646.50
OI0002095,O000714,P0032,4,7,330.00,0.00,2310.00
OI0002096,O000714,P0069,5,1,12320.00,0.00,12320.00
OI0002097,O000715,P0014,1,5,14460.00,0.00,72300.00
OI0002098,O000716,P0003,1,10,14640.00,15.00,124440.00
OI0002099,O000716,P0015,2,4,8020.00,15.00,27268.00
OI0002100,O000716,P0023,3,6,12130.00,15.00,61863.00
OI0002101,O000716,P0021,4,9,17850.00,0.00,160650.00
OI0002102,O000716,P0001,5,11,4300.00,0.00,47300.00
OI0002103,O000717,P0003,1,11,14640.00,0.00,161040.00
OI0002104,O000718,P0061,1,11,9420.00,0.00,103620.00
OI0002105,O000718,P0063,2,5,3720.00,0.00,18600.00
OI0002106,O000718,P0028,3,4,9080.00,0.00,36320.00
OI0002107,O000718,P0072,4,2,6730.00,0.00,13460.00
OI0002108,O000719,P0020,1,3,5780.00,15.00,14739.00
OI0002109,O000719,P0027,2,9,4890.00,5.00,41809.50
OI0002110,O000719,P0015,3,12,8020.00,10.00,86616.00
OI0002111,O000719,P0010,4,8,3500.00,15.00,23800.00
OI0002112,O000719,P0027,5,10,4890.00,5.00,46455.00
OI0002113,O000720,P0014,1,5,14460.00,15.00,61455.00
OI0002114,O000720,P0044,2,8,13780.00,15.00,93704.00
OI0002115,O000720,P0003,3,2,14640.00,0.00,29280.00
OI0002116,O000720,P0044,4,7,13780.00,0.00,96460.00
OI0002117,O000721,P0023,1,3,12130.00,0.00,36390.00
OI0002118,O000721,P0002,2,3,12930.00,10.00,34911.00
OI0002119,O000721,P0042,3,5,2830.00,15.00,12027.50
OI0002120,O000722,P0065,1,12,10680.00,0.00,128160.00
OI0002121,O000722,P0069,2,7,12320.00,5.00,81928.00
OI0002122,O000722,P0017,3,10,3480.00,0.00,34800.00
OI0002123,O000722,P0018,4,5,670.00,10.00,3015.00
OI0002124,O000723,P0003,1,5,14640.00,0.00,73200.00
OI0002125,O000724,P0060,1,5,8800.00,5.00,41800.00
OI0002126,O000724,P0033,2,12,800.00,10.00,8640.00
OI0002127,O000725,P0069,1,2,12320.00,10.00,22176.00
OI0002128,O000726,P0019,1,6,7370.00,15.00,37587.00
OI0002129,O000726,P0043,2,1,9450.00,15.00,8032.50
OI0002130,O000726,P0020,3,1,5780.00,0.00,5780.00
OI0002131,O000726,P0015,4,5,8020.00,5.00,38095.00
OI0002132,O000726,P0040,5,1,17530.00,0.00,17530.00
OI0002133,O000727,P0027,1,9,4890.00,15.00,37408.50
OI0002134,O000727,P0060,2,5,8800.00,0.00,44000.00
OI0002135,O000728,P0041,1,4,12490.00,0.00,49960.00
OI0002136,O000728,P0039,2,8,3060.00,15.00,20808.00
OI0002137,O000728,P0031,3,11,3650.00,10.00,36135.00
OI0002138,O000728,P0064,4,1,8250.00,0.00,8250.00
OI0002139,O000728,P0036,5,11,10120.00,10.00,100188.00
OI0002140,O000729,P0032,1,6,330.00,5.00,1881.00
OI0002141,O000729,P0001,2,6,4300.00,5.00,24510.00
OI0002142,O000729,P0008,3,7,5830.00,15.00,34688.50
OI0002143,O000729,P0007,4,10,4920.00,5.00,46740.00
OI0002144,O000730,P0064,1,3,8250.00,5.00,23512.50
OI0002145,O000731,P0037,1,7,6650.00,0.00,46550.00
OI0002146,O000731,P0050,2,1,14600.00,10.00,13140.00
OI0002147,O000731,P0080,3,11,5590.00,0.00,61490.00
OI0002148,O000731,P0059,4,3,14710.00,0.00,44130.00
OI0002149,O000731,P0044,5,3,13780.00,5.00,39273.00
OI0002150,O000732,P0039,1,9,3060.00,10.00,24786.00
OI0002151,O000732,P0052,2,7,13500.00,15.00,80325.00
OI0002152,O000732,P0068,3,6,2100.00,0.00,12600.00
OI0002153,O000732,P0039,4,11,3060.00,0.00,33660.00
OI0002154,O000732,P0062,5,9,8730.00,0.00,78570.00
OI0002155,O000733,P0048,1,5,12050.00,0.00,60250.00
OI0002156,O000734,P0026,1,2,13420.00,5.00,25498.00
OI0002157,O000734,P0057,2,4,5170.00,0.00,20680.00
OI0002158,O000734,P0026,3,1,13420.00,0.00,13420.00
OI0002159,O000734,P0009,4,7,5290.00,0.00,37030.00
OI0002160,O000735,P0012,1,1,6280.00,0.00,6280.00
OI0002161,O000735,P0030,2,7,340.00,15.00,2023.00
OI0002162,O000735,P0032,3,9,330.00,0.00,2970.00
OI0002163,O000735,P0008,4,7,5830.00,15.00,34688.50
OI0002164,O000735,P0008,5,8,5830.00,5.00,44308.00
OI0002165,O000736,P0064,1,12,8250.00,0.00,99000.00
OI0002166,O000736,P0032,2,10,330.00,0.00,3300.00
OI0002167,O000736,P0002,3,3,12930.00,0.00,38790.00
OI0002168,O000736,P0012,4,11,6280.00,5.00,65626.00
OI0002169,O000737,P0026,1,8,13420.00,0.00,107360.00
OI0002170,O000737,P0006,2,5,570.00,10.00,2565.00
OI0002171,O000737,P0068,3,8,2100.00,0.00,16800.00
OI0002172,O000737,P0049,4,9,16150.00,10.00,130815.00
OI0002173,O000737,P0012,5,12,6280.00,5.00,71592.00
OI0002174,O000738,P0058,1,3,1830.00,0.00,5490.00
OI0002175,O000739,P0051,1,5,12120.00,0.00,60600.00
OI0002176,O000739,P0031,2,12,3650.00,0.00,43800.00
OI0002177,O000739,P0079,3,7,15570.00,10.00,98091.00
OI0002178,O000739,P0068,4,6,2100.00,15.00,10710.00
OI0002179,O000740,P0065,1,7,10680.00,0.00,74760.00
OI0002180,O000740,P0013,2,4,9840.00,15.00,33456.00
OI0002181,O000741,P0034,1,3,10570.00,15.00,26953.50
OI0002182,O000741,P0041,2,2,12490.00,0.00,24980.00
OI0002183,O000741,P0020,3,9,5780.00,0.00,52020.00
OI0002184,O000741,P0020,4,8,5780.00,0.00,46240.00
OI0002185,O000741,P0047,5,6,2190.00,5.00,12483.00
OI0002186,O000742,P0069,1,10,12320.00,0.00,123200.00
OI0002187,O000742,P0002,2,11,12930.00,15.00,120895.50
OI0002188,O000742,P0002,3,7,12930.00,0.00,90510.00
OI0002189,O000743,P0074,1,9,10020.00,15.00,76653.00
OI0002190,O000744,P0048,1,6,12050.00,15.00,61455.00
OI0002191,O000744,P0050,2,7,14600.00,15.00,86870.00
OI0002192,O000745,P0038,1,2,11890.00,0.00,23780.00
OI0002193,O000746,P0027,1,3,4890.00,5.00,13936.50
OI0002194,O000747,P0025,1,9,13240.00,10.00,107244.00
OI0002195,O000747,P0001,2,8,4300.00,5.00,32680.00
OI0002196,O000748,P0027,1,10,4890.00,15.00,41565.00
OI0002197,O000748,P0042,2,2,2830.00,0.00,5660.00
OI0002198,O000748,P0020,3,5,5780.00,10.00,26010.00
OI0002199,O000748,P0076,4,10,8140.00,10.00,73260.00
OI0002200,O000748,P0018,5,1,670.00,0.00,670.00
OI0002201,O000749,P0080,1,2,5590.00,0.00,11180.00
OI0002202,O000750,P0080,1,7,5590.00,15.00,33260.50
OI0002203,O000750,P0018,2,12,670.00,0.00,8040.00
OI0002204,O000750,P0009,3,1,5290.00,10.00,4761.00
OI0002205,O000750,P0074,4,8,10020.00,15.00,68136.00
OI0002206,O000750,P0002,5,6,12930.00,0.00,77580.00
OI0002207,O000751,P0033,1,7,800.00,5.00,5320.00
OI0002208,O000751,P0032,2,1,330.00,15.00,280.50
OI0002209,O000751,P0038,3,4,11890.00,0.00,47560.00
OI0002210,O000751,P0055,4,2,16840.00,0.00,33680.00
OI0002211,O000752,P0009,1,2,5290.00,10.00,9522.00
OI0002212,O000753,P0051,1,7,12120.00,5.00,80598.00
OI0002213,O000753,P0067,2,10,16160.00,0.00,161600.00
OI0002214,O000753,P0071,3,6,16680.00,10.00,90072.00
OI0002215,O000753,P0068,4,6,2100.00,10.00,11340.00
OI0002216,O000754,P0066,1,9,11920.00,0.00,107280.00
OI0002217,O000754,P0076,2,4,8140.00,15.00,27676.00
OI0002218,O000755,P0044,1,5,13780.00,0.00,68900.00
OI0002219,O000755,P0001,2,4,4300.00,10.00,15480.00
OI0002220,O000755,P0072,3,2,6730.00,0.00,13460.00
OI0002221,O000755,P0021,4,7,17850.00,0.00,124950.00
OI0002222,O000755,P0075,5,10,14230.00,10.00,128070.00
OI0002223,O000756,P0072,1,12,6730.00,15.00,68646.00
OI0002224,O000757,P0008,1,5,5830.00,0.00,29150.00
OI0002225,O000757,P0034,2,3,10570.00,15.00,26953.50
OI0002226,O000757,P0028,3,4,9080.00,5.00,34504.00
OI0002227,O000757,P0002,4,8,12930.00,15.00,87924.00
OI0002228,O000758,P0065,1,12,10680.00,0.00,128160.00
OI0002229,O000758,P0012,2,1,6280.00,0.00,6280.00
OI0002230,O000758,P0059,3,7,14710.00,10.00,92673.00
OI0002231,O000758,P0062,4,1,8730.00,10.00,7857.00
OI0002232,O000758,P0071,5,10,16680.00,10.00,150120.00
OI0002233,O000759,P0026,1,1,13420.00,10.00,12078.00
OI0002234,O000759,P0031,2,5,3650.00,15.00,15512.50
OI0002235,O000759,P0037,3,8,6650.00,10.00,47880.00
OI0002236,O000759,P0013,4,8,9840.00,0.00,78720.00
OI0002237,O000759,P0054,5,8,10100.00,5.00,76760.00
OI0002238,O000760,P0033,1,10,800.00,0.00,8000.00
OI0002239,O000760,P0011,2,2,6240.00,0.00,12480.00
OI0002240,O000761,P0006,1,6,570.00,0.00,3420.00
OI0002241,O000761,P0041,2,5,12490.00,10.00,56205.00
OI0002242,O000761,P0058,3,4,1830.00,5.00,6954.00
OI0002243,O000762,P0065,1,4,10680.00,0.00,42720.00
OI0002244,O000762,P0080,2,8,5590.00,0.00,44720.00
OI0002245,O000762,P0038,3,3,11890.00,0.00,35670.00
OI0002246,O000762,P0014,4,11,14460.00,5.00,151107.00
OI0002247,O000763,P0059,1,5,14710.00,5.00,69872.50
OI0002248,O000763,P0033,2,10,800.00,15.00,6800.00
OI0002249,O000764,P0074,1,6,10020.00,10.00,54108.00
OI0002250,O000764,P0022,2,10,8500.00,15.00,72250.00
OI0002251,O000764,P0043,3,7,9450.00,5.00,62842.50
OI0002252,O000765,P0044,1,9,13780.00,5.00,117819.00
OI0002253,O000765,P0051,2,8,12120.00,15.00,82416.00
OI0002254,O000765,P0040,3,3,17530.00,5.00,49960.50
OI0002255,O000765,P0073,4,9,1430.00,0.00,12870.00
OI0002256,O000765,P0017,5,4,3480.00,5.00,13224.00
OI0002257,O000766,P0002,1,5,12930.00,0.00,64650.00
OI0002258,O000766,P0004,2,11,16440.00,0.00,180840.00
OI0002259,O000767,P0028,1,8,9080.00,5.00,69008.00
OI0002260,O000767,P0060,2,12,8800.00,0.00,105600.00
OI0002261,O000768,P0077,1,6,14410.00,0.00,86460.00
OI0002262,O000768,P0036,2,11,10120.00,5.00,105754.00
OI0002263,O000769,P0006,1,2,570.00,0.00,1140.00
OI0002264,O000769,P0037,2,8,6650.00,0.00,53200.00
OI0002265,O000770,P0019,1,2,7370.00,15.00,12529.00
OI0002266,O000770,P0036,2,7,10120.00,5.00,67298.00
OI0002267,O000770,P0013,3,7,9840.00,0.00,68880.00
OI0002268,O000770,P0012,4,4,6280.00,5.00,23864.00
OI0002269,O000771,P0034,1,9,10570.00,0.00,95130.00
OI0002270,O000772,P0039,1,8,3060.00,0.00,24480.00
OI0002271,O000772,P0062,2,12,8730.00,0.00,104760.00
OI0002272,O000772,P0023,3,2,12130.00,15.00,20621.00
OI0002273,O000772,P0018,4,8,670.00,10.00,4824.00
OI0002274,O000773,P0048,1,10,12050.00,5.00,114475.00
OI0002275,O000773,P0077,2,11,14410.00,10.00,142659.00
OI0002276,O000773,P0066,3,1,11920.00,15.00,10132.00
OI0002277,O000773,P0020,4,7,5780.00,10.00,36414.00
OI0002278,O000773,P0024,5,1,11180.00,0.00,11180.00
OI0002279,O000774,P0072,1,11,6730.00,5.00,70328.50
OI0002280,O000774,P0020,2,2,5780.00,0.00,11560.00
OI0002281,O000775,P0032,1,7,330.00,0.00,2310.00
OI0002282,O000775,P0027,2,11,4890.00,15.00,45721.50
OI0002283,O000775,P0067,3,12,16160.00,0.00,193920.00
OI0002284,O000776,P0019,1,7,7370.00,5.00,49010.50
OI0002285,O000776,P0016,2,7,8740.00,0.00,61180.00
OI0002286,O000777,P0075,1,3,14230.00,0.00,42690.00
OI0002287,O000777,P0066,2,1,11920.00,5.00,11324.00
OI0002288,O000778,P0053,1,8,16730.00,15.00,113764.00
OI0002289,O000778,P0032,2,4,330.00,5.00,1254.00
OI0002290,O000778,P0065,3,5,10680.00,0.00,53400.00
OI0002291,O000778,P0054,4,1,10100.00,0.00,10100.00
OI0002292,O000778,P0073,5,1,1430.00,15.00,1215.50
OI0002293,O000779,P0079,1,7,15570.00,0.00,108990.00
OI0002294,O000780,P0024,1,1,11180.00,5.00,10621.00
OI0002295,O000780,P0063,2,5,3720.00,0.00,18600.00
OI0002296,O000780,P0011,3,1,6240.00,0.00,6240.00
OI0002297,O000780,P0057,4,4,5170.00,0.00,20680.00
OI0002298,O000780,P0008,5,8,5830.00,0.00,46640.00
OI0002299,O000781,P0041,1,4,12490.00,0.00,49960.00
OI0002300,O000781,P0042,2,9,2830.00,0.00,25470.00
OI0002301,O000781,P0053,3,11,16730.00,0.00,184030.00
OI0002302,O000781,P0018,4,1,670.00,0.00,670.00
OI0002303,O000782,P0049,1,6,16150.00,0.00,96900.00
OI0002304,O000783,P0007,1,1,4920.00,5.00,4674.00
OI0002305,O000783,P0054,2,3,10100.00,15.00,25755.00
OI0002306,O000783,P0035,3,1,14850.00,5.00,14107.50
OI0002307,O000783,P0003,4,3,14640.00,5.00,41724.00
OI0002308,O000784,P0006,1,6,570.00,15.00,2907.00
OI0002309,O000785,P0061,1,5,9420.00,0.00,47100.00
OI0002310,O000785,P0030,2,2,340.00,0.00,680.00
OI0002311,O000785,P0076,3,7,8140.00,0.00,56980.00
OI0002312,O000785,P0054,4,5,10100.00,0.00,50500.00
OI0002313,O000785,P0053,5,3,16730.00,0.00,50190.00
OI0002314,O000786,P0058,1,6,1830.00,5.00,10431.00
OI0002315,O000786,P0065,2,6,10680.00,5.00,60876.00
OI0002316,O000787,P0068,1,2,2100.00,5.00,3990.00
OI0002317,O000788,P0022,1,9,8500.00,15.00,65025.00
OI0002318,O000788,P0036,2,12,10120.00,10.00,109296.00
OI0002319,O000788,P0001,3,5,4300.00,15.00,18275.00
OI0002320,O000788,P0007,4,2,4920.00,0.00,9840.00
OI0002321,O000788,P0071,5,7,16680.00,15.00,99246.00
OI0002322,O000789,P0033,1,6,800.00,10.00,4320.00
OI0002323,O000789,P0008,2,12,5830.00,15.00,59466.00
OI0002324,O000789,P0018,3,5,670.00,0.00,3350.00
OI0002325,O000789,P0003,4,10,14640.00,5.00,139080.00
OI0002326,O000790,P0067,1,12,16160.00,5.00,184224.00
OI0002327,O000790,P0033,2,11,800.00,15.00,7480.00
OI0002328,O000790,P0014,3,4,14460.00,0.00,57840.00
OI0002329,O000790,P0072,4,9,6730.00,0.00,60570.00
OI0002330,O000791,P0069,1,12,12320.00,10.00,133056.00
OI0002331,O000791,P0002,2,5,12930.00,5.00,61417.50
OI0002332,O000791,P0069,3,10,12320.00,5.00,117040.00
OI0002333,O000792,P0072,1,6,6730.00,0.00,40380.00
OI0002334,O000792,P0045,2,7,14880.00,0.00,104160.00
OI0002335,O000792,P0030,3,7,340.00,5.00,2261.00
OI0002336,O000792,P0066,4,5,11920.00,0.00,59600.00
OI0002337,O000793,P0061,1,1,9420.00,10.00,8478.00
OI0002338,O000793,P0030,2,5,340.00,0.00,1700.00
OI0002339,O000794,P0072,1,7,6730.00,5.00,44754.50
OI0002340,O000794,P0016,2,6,8740.00,0.00,52440.00
OI0002341,O000794,P0013,3,8,9840.00,0.00,78720.00
OI0002342,O000794,P0034,4,3,10570.00,0.00,31710.00
OI0002343,O000794,P0036,5,4,10120.00,0.00,40480.00
OI0002344,O000795,P0012,1,7,6280.00,10.00,39564.00
OI0002345,O000795,P0065,2,11,10680.00,5.00,111606.00
OI0002346,O000795,P0065,3,6,10680.00,10.00,57672.00
OI0002347,O000796,P0067,1,11,16160.00,10.00,159984.00
OI0002348,O000796,P0008,2,11,5830.00,0.00,64130.00
OI0002349,O000796,P0070,3,4,13990.00,0.00,55960.00
OI0002350,O000796,P0007,4,8,4920.00,15.00,33456.00
OI0002351,O000796,P0072,5,6,6730.00,0.00,40380.00
OI0002352,O000797,P0044,1,10,13780.00,10.00,124020.00
OI0002353,O000797,P0027,2,8,4890.00,10.00,35208.00
OI0002354,O000797,P0060,3,4,8800.00,0.00,35200.00
OI0002355,O000797,P0058,4,8,1830.00,0.00,14640.00
OI0002356,O000797,P0017,5,8,3480.00,0.00,27840.00
OI0002357,O000798,P0079,1,11,15570.00,10.00,154143.00
OI0002358,O000798,P0038,2,1,11890.00,0.00,11890.00
OI0002359,O000798,P0032,3,1,330.00,0.00,330.00
OI0002360,O000798,P0079,4,3,15570.00,0.00,46710.00
OI0002361,O000798,P0079,5,6,15570.00,0.00,93420.00
OI0002362,O000799,P0035,1,3,14850.00,15.00,37867.50
OI0002363,O000799,P0029,2,3,8380.00,10.00,22626.00
OI0002364,O000799,P0016,3,2,8740.00,15.00,14858.00
OI0002365,O000800,P0049,1,2,16150.00,0.00,32300.00
OI0002366,O000800,P0035,2,6,14850.00,0.00,89100.00
OI0002367,O000801,P0076,1,8,8140.00,0.00,65120.00
OI0002368,O000801,P0021,2,12,17850.00,5.00,203490.00
OI0002369,O000801,P0051,3,9,12120.00,0.00,109080.00
OI0002370,O000802,P0014,1,2,14460.00,0.00,28920.00
OI0002371,O000802,P0050,2,6,14600.00,0.00,87600.00
OI0002372,O000802,P0007,3,12,4920.00,5.00,56088.00
OI0002373,O000803,P0006,1,12,570.00,10.00,6156.00
OI0002374,O000803,P0017,2,2,3480.00,15.00,5916.00
OI0002375,O000803,P0067,3,12,16160.00,0.00,193920.00
OI0002376,O000803,P0026,4,8,13420.00,0.00,107360.00
OI0002377,O000803,P0014,5,9,14460.00,0.00,130140.00
OI0002378,O000804,P0028,1,11,9080.00,5.00,94886.00
OI0002379,O000804,P0069,2,7,12320.00,0.00,86240.00
OI0002380,O000804,P0037,3,7,6650.00,0.00,46550.00
OI0002381,O000804,P0009,4,7,5290.00,0.00,37030.00
OI0002382,O000804,P0014,5,2,14460.00,0.00,28920.00
OI0002383,O000805,P0080,1,6,5590.00,0.00,33540.00
OI0002384,O000805,P0061,2,1,9420.00,10.00,8478.00
OI0002385,O000805,P0049,3,6,16150.00,10.00,87210.00
OI0002386,O000805,P0068,4,1,2100.00,15.00,1785.00
OI0002387,O000806,P0017,1,6,3480.00,15.00,17748.00
OI0002388,O000806,P0003,2,6,14640.00,0.00,87840.00
OI0002389,O000806,P0048,3,1,12050.00,15.00,10242.50
OI0002390,O000807,P0044,1,3,13780.00,0.00,41340.00
OI0002391,O000807,P0050,2,9,14600.00,0.00,131400.00
OI0002392,O000807,P0023,3,9,12130.00,15.00,92794.50
OI0002393,O000808,P0052,1,8,13500.00,10.00,97200.00
OI0002394,O000808,P0046,2,4,7120.00,0.00,28480.00
OI0002395,O000808,P0071,3,5,16680.00,15.00,70890.00
OI0002396,O000808,P0016,4,7,8740.00,0.00,61180.00
OI0002397,O000809,P0026,1,5,13420.00,5.00,63745.00
OI0002398,O000809,P0033,2,3,800.00,15.00,2040.00
OI0002399,O000810,P0005,1,1,3300.00,5.00,3135.00
OI0002400,O000811,P0069,1,7,12320.00,0.00,86240.00
OI0002401,O000811,P0074,2,8,10020.00,5.00,76152.00
OI0002402,O000812,P0011,1,11,6240.00,0.00,68640.00
OI0002403,O000812,P0060,2,3,8800.00,0.00,26400.00
OI0002404,O000813,P0032,1,6,330.00,0.00,1980.00
OI0002405,O000813,P0023,2,12,12130.00,5.00,138282.00
OI0002406,O000813,P0069,3,8,12320.00,0.00,98560.00
OI0002407,O000814,P0030,1,2,340.00,0.00,680.00
OI0002408,O000815,P0068,1,11,2100.00,10.00,20790.00
OI0002409,O000815,P0009,2,10,5290.00,10.00,47610.00
OI0002410,O000816,P0026,1,9,13420.00,0.00,120780.00
OI0002411,O000816,P0069,2,4,12320.00,0.00,49280.00
OI0002412,O000816,P0064,3,10,8250.00,0.00,82500.00
OI0002413,O000816,P0026,4,10,13420.00,0.00,134200.00
OI0002414,O000816,P0031,5,9,3650.00,0.00,32850.00
OI0002415,O000817,P0078,1,7,7660.00,10.00,48258.00
OI0002416,O000818,P0026,1,7,13420.00,0.00,93940.00
OI0002417,O000819,P0019,1,8,7370.00,10.00,53064.00
OI0002418,O000819,P0059,2,6,14710.00,10.00,79434.00
OI0002419,O000819,P0008,3,11,5830.00,0.00,64130.00
OI0002420,O000819,P0028,4,5,9080.00,0.00,45400.00
OI0002421,O000820,P0055,1,10,16840.00,0.00,168400.00
OI0002422,O000820,P0074,2,3,10020.00,15.00,25551.00
OI0002423,O000820,P0079,3,7,15570.00,0.00,108990.00
OI0002424,O000821,P0076,1,5,8140.00,15.00,34595.00
OI0002425,O000822,P0037,1,3,6650.00,5.00,18952.50
OI0002426,O000822,P0034,2,8,10570.00,0.00,84560.00
OI0002427,O000822,P0004,3,12,16440.00,10.00,177552.00
OI0002428,O000822,P0030,4,2,340.00,0.00,680.00
OI0002429,O000822,P0053,5,10,16730.00,10.00,150570.00
OI0002430,O000823,P0063,1,7,3720.00,10.00,23436.00
OI0002431,O000823,P0053,2,6,16730.00,0.00,100380.00
OI0002432,O000823,P0060,3,5,8800.00,5.00,41800.00
OI0002433,O000823,P0075,4,12,14230.00,0.00,170760.00
OI0002434,O000823,P0033,5,8,800.00,0.00,6400.00
OI0002435,O000824,P0076,1,10,8140.00,15.00,69190.00
OI0002436,O000824,P0027,2,10,4890.00,5.00,46455.00
OI0002437,O000824,P0006,3,8,570.00,0.00,4560.00
OI0002438,O000824,P0075,4,6,14230.00,10.00,76842.00
OI0002439,O000824,P0035,5,10,14850.00,10.00,133650.00
OI0002440,O000825,P0010,1,4,3500.00,15.00,11900.00
OI0002441,O000825,P0029,2,7,8380.00,0.00,58660.00
OI0002442,O000825,P0046,3,5,7120.00,0.00,35600.00
OI0002443,O000825,P0025,4,11,13240.00,0.00,145640.00
OI0002444,O000825,P0050,5,4,14600.00,0.00,58400.00
OI0002445,O000826,P0059,1,6,14710.00,0.00,88260.00
OI0002446,O000826,P0010,2,9,3500.00,0.00,31500.00
OI0002447,O000826,P0059,3,11,14710.00,0.00,161810.00
OI0002448,O000826,P0010,4,5,3500.00,5.00,16625.00
OI0002449,O000826,P0006,5,10,570.00,5.00,5415.00
OI0002450,O000827,P0071,1,7,16680.00,0.00,116760.00
OI0002451,O000827,P0017,2,9,3480.00,10.00,28188.00
OI0002452,O000827,P0045,3,4,14880.00,10.00,53568.00
OI0002453,O000828,P0049,1,5,16150.00,5.00,76712.50
OI0002454,O000828,P0066,2,2,11920.00,5.00,22648.00
OI0002455,O000828,P0001,3,10,4300.00,10.00,38700.00
OI0002456,O000829,P0077,1,2,14410.00,0.00,28820.00
OI0002457,O000829,P0074,2,8,10020.00,15.00,68136.00
OI0002458,O000830,P0007,1,2,4920.00,0.00,9840.00
OI0002459,O000831,P0064,1,6,8250.00,0.00,49500.00
OI0002460,O000831,P0075,2,4,14230.00,10.00,51228.00
OI0002461,O000831,P0026,3,12,13420.00,0.00,161040.00
OI0002462,O000831,P0024,4,12,11180.00,0.00,134160.00
OI0002463,O000831,P0068,5,11,2100.00,0.00,23100.00
OI0002464,O000832,P0004,1,9,16440.00,0.00,147960.00
OI0002465,O000832,P0055,2,3,16840.00,0.00,50520.00
OI0002466,O000833,P0026,1,6,13420.00,0.00,80520.00
OI0002467,O000834,P0026,1,12,13420.00,0.00,161040.00
OI0002468,O000834,P0050,2,5,14600.00,15.00,62050.00
OI0002469,O000834,P0024,3,8,11180.00,0.00,89440.00
OI0002470,O000835,P0068,1,5,2100.00,0.00,10500.00
OI0002471,O000835,P0059,2,7,14710.00,0.00,102970.00
OI0002472,O000835,P0069,3,9,12320.00,10.00,99792.00
OI0002473,O000835,P0059,4,6,14710.00,15.00,75021.00
OI0002474,O000835,P0021,5,9,17850.00,0.00,160650.00
OI0002475,O000836,P0076,1,4,8140.00,0.00,32560.00
OI0002476,O000836,P0005,2,10,3300.00,15.00,28050.00
OI0002477,O000836,P0006,3,9,570.00,0.00,5130.00
OI0002478,O000837,P0078,1,7,7660.00,0.00,53620.00
OI0002479,O000837,P0069,2,1,12320.00,0.00,12320.00
OI0002480,O000837,P0015,3,6,8020.00,5.00,45714.00
OI0002481,O000838,P0007,1,1,4920.00,0.00,4920.00
OI0002482,O000839,P0064,1,5,8250.00,0.00,41250.00
OI0002483,O000839,P0014,2,4,14460.00,10.00,52056.00
OI0002484,O000840,P0057,1,7,5170.00,0.00,36190.00
OI0002485,O000840,P0042,2,12,2830.00,10.00,30564.00
OI0002486,O000841,P0036,1,8,10120.00,0.00,80960.00
OI0002487,O000842,P0057,1,11,5170.00,0.00,56870.00
OI0002488,O000842,P0006,2,8,570.00,0.00,4560.00
OI0002489,O000842,P0078,3,8,7660.00,0.00,61280.00
OI0002490,O000842,P0074,4,9,10020.00,0.00,90180.00
OI0002491,O000843,P0016,1,9,8740.00,0.00,78660.00
OI0002492,O000844,P0070,1,2,13990.00,15.00,23783.00
OI0002493,O000844,P0061,2,1,9420.00,5.00,8949.00
OI0002494,O000844,P0046,3,7,7120.00,0.00,49840.00
OI0002495,O000845,P0046,1,10,7120.00,5.00,67640.00
OI0002496,O000846,P0023,1,2,12130.00,5.00,23047.00
OI0002497,O000846,P0042,2,6,2830.00,15.00,14433.00
OI0002498,O000846,P0050,3,1,14600.00,10.00,13140.00
OI0002499,O000847,P0027,1,11,4890.00,0.00,53790.00
OI0002500,O000848,P0066,1,9,11920.00,0.00,107280.00
OI0002501,O000848,P0033,2,5,800.00,15.00,3400.00
OI0002502,O000848,P0072,3,9,6730.00,0.00,60570.00
OI0002503,O000848,P0008,4,7,5830.00,10.00,36729.00
OI0002504,O000849,P0044,1,10,13780.00,15.00,117130.00
OI0002505,O000850,P0058,1,9,1830.00,0.00,16470.00
OI0002506,O000850,P0069,2,3,12320.00,10.00,33264.00
OI0002507,O000851,P0027,1,8,4890.00,5.00,37164.00
OI0002508,O000851,P0046,2,4,7120.00,5.00,27056.00
OI0002509,O000851,P0066,3,3,11920.00,5.00,33972.00
OI0002510,O000852,P0029,1,3,8380.00,0.00,25140.00
OI0002511,O000852,P0074,2,12,10020.00,10.00,108216.00
OI0002512,O000852,P0070,3,3,13990.00,10.00,37773.00
OI0002513,O000852,P0041,4,6,12490.00,0.00,74940.00
OI0002514,O000852,P0057,5,5,5170.00,0.00,25850.00
OI0002515,O000853,P0076,1,8,8140.00,5.00,61864.00
OI0002516,O000853,P0042,2,4,2830.00,15.00,9622.00
OI0002517,O000853,P0026,3,12,13420.00,0.00,161040.00
OI0002518,O000853,P0056,4,6,10190.00,0.00,61140.00
OI0002519,O000853,P0001,5,8,4300.00,0.00,34400.00
OI0002520,O000854,P0066,1,7,11920.00,10.00,75096.00
OI0002521,O000854,P0017,2,5,3480.00,15.00,14790.00
OI0002522,O000855,P0027,1,9,4890.00,0.00,44010.00
OI0002523,O000855,P0013,2,10,9840.00,0.00,98400.00
OI0002524,O000855,P0027,3,12,4890.00,15.00,49878.00
OI0002525,O000855,P0006,4,1,570.00,0.00,570.00
OI0002526,O000856,P0007,1,8,4920.00,0.00,39360.00
OI0002527,O000857,P0036,1,6,10120.00,0.00,60720.00
OI0002528,O000857,P0026,2,1,13420.00,5.00,12749.00
OI0002529,O000857,P0019,3,11,7370.00,0.00,81070.00
OI0002530,O000857,P0067,4,9,16160.00,5.00,138168.00
OI0002531,O000857,P0074,5,6,10020.00,15.00,51102.00
OI0002532,O000858,P0051,1,12,12120.00,5.00,138168.00
OI0002533,O000858,P0068,2,5,2100.00,0.00,10500.00
OI0002534,O000859,P0007,1,8,4920.00,0.00,39360.00
OI0002535,O000860,P0017,1,2,3480.00,0.00,6960.00
OI0002536,O000861,P0015,1,5,8020.00,0.00,40100.00
OI0002537,O000861,P0043,2,8,9450.00,10.00,68040.00
OI0002538,O000862,P0008,1,7,5830.00,0.00,40810.00
OI0002539,O000862,P0043,2,12,9450.00,0.00,113400.00
OI0002540,O000862,P0004,3,5,16440.00,15.00,69870.00
OI0002541,O000862,P0065,4,8,10680.00,0.00,85440.00
OI0002542,O000863,P0034,1,4,10570.00,0.00,42280.00
OI0002543,O000863,P0035,2,4,14850.00,10.00,53460.00
OI0002544,O000863,P0033,3,9,800.00,0.00,7200.00
OI0002545,O000864,P0046,1,3,7120.00,0.00,21360.00
OI0002546,O000864,P0049,2,8,16150.00,0.00,129200.00
OI0002547,O000864,P0057,3,5,5170.00,5.00,24557.50
OI0002548,O000865,P0013,1,1,9840.00,0.00,9840.00
OI0002549,O000865,P0063,2,1,3720.00,0.00,3720.00
OI0002550,O000866,P0022,1,3,8500.00,0.00,25500.00
OI0002551,O000866,P0016,2,2,8740.00,10.00,15732.00
OI0002552,O000867,P0006,1,1,570.00,5.00,541.50
OI0002553,O000867,P0015,2,6,8020.00,15.00,40902.00
OI0002554,O000868,P0008,1,10,5830.00,0.00,58300.00
OI0002555,O000868,P0013,2,9,9840.00,0.00,88560.00
OI0002556,O000868,P0053,3,10,16730.00,15.00,142205.00
OI0002557,O000868,P0022,4,5,8500.00,15.00,36125.00
OI0002558,O000868,P0070,5,3,13990.00,10.00,37773.00
OI0002559,O000869,P0004,1,11,16440.00,10.00,162756.00
OI0002560,O000870,P0019,1,7,7370.00,10.00,46431.00
OI0002561,O000870,P0017,2,3,3480.00,10.00,9396.00
OI0002562,O000870,P0041,3,12,12490.00,15.00,127398.00
OI0002563,O000871,P0025,1,3,13240.00,0.00,39720.00
OI0002564,O000871,P0023,2,2,12130.00,5.00,23047.00
OI0002565,O000872,P0075,1,10,14230.00,10.00,128070.00
OI0002566,O000872,P0053,2,11,16730.00,10.00,165627.00
OI0002567,O000872,P0054,3,8,10100.00,5.00,76760.00
OI0002568,O000873,P0030,1,11,340.00,5.00,3553.00
OI0002569,O000873,P0059,2,3,14710.00,10.00,39717.00
OI0002570,O000873,P0055,3,7,16840.00,5.00,111986.00
OI0002571,O000873,P0027,4,12,4890.00,0.00,58680.00
OI0002572,O000873,P0010,5,7,3500.00,0.00,24500.00
OI0002573,O000874,P0058,1,2,1830.00,0.00,3660.00
OI0002574,O000874,P0030,2,8,340.00,5.00,2584.00
OI0002575,O000874,P0023,3,6,12130.00,0.00,72780.00
OI0002576,O000874,P0003,4,1,14640.00,15.00,12444.00
OI0002577,O000875,P0076,1,6,8140.00,15.00,41514.00
OI0002578,O000876,P0005,1,10,3300.00,0.00,33000.00
OI0002579,O000876,P0026,2,6,13420.00,0.00,80520.00
OI0002580,O000876,P0069,3,4,12320.00,0.00,49280.00
OI0002581,O000876,P0049,4,10,16150.00,0.00,161500.00
OI0002582,O000876,P0041,5,6,12490.00,0.00,74940.00
OI0002583,O000877,P0077,1,5,14410.00,15.00,61242.50
OI0002584,O000877,P0002,2,4,12930.00,0.00,51720.00
OI0002585,O000877,P0051,3,1,12120.00,0.00,12120.00
OI0002586,O000877,P0037,4,10,6650.00,0.00,66500.00
OI0002587,O000877,P0021,5,11,17850.00,0.00,196350.00
OI0002588,O000878,P0031,1,6,3650.00,5.00,20805.00
OI0002589,O000878,P0058,2,11,1830.00,15.00,17110.50
OI0002590,O000878,P0037,3,7,6650.00,0.00,46550.00
OI0002591,O000878,P0061,4,7,9420.00,0.00,65940.00
OI0002592,O000878,P0022,5,6,8500.00,15.00,43350.00
OI0002593,O000879,P0040,1,5,17530.00,15.00,74502.50
OI0002594,O000879,P0023,2,11,12130.00,10.00,120087.00
OI0002595,O000879,P0051,3,9,12120.00,0.00,109080.00
OI0002596,O000879,P0044,4,9,13780.00,0.00,124020.00
OI0002597,O000879,P0008,5,3,5830.00,0.00,17490.00
OI0002598,O000880,P0048,1,12,12050.00,0.00,144600.00
OI0002599,O000880,P0006,2,9,570.00,0.00,5130.00
OI0002600,O000880,P0069,3,4,12320.00,0.00,49280.00
OI0002601,O000880,P0048,4,4,12050.00,0.00,48200.00
OI0002602,O000881,P0025,1,2,13240.00,0.00,26480.00
OI0002603,O000881,P0009,2,5,5290.00,15.00,22482.50
OI0002604,O000881,P0078,3,8,7660.00,15.00,52088.00
OI0002605,O000882,P0016,1,11,8740.00,5.00,91333.00
OI0002606,O000882,P0080,2,9,5590.00,0.00,50310.00
OI0002607,O000882,P0054,3,7,10100.00,0.00,70700.00
OI0002608,O000883,P0016,1,6,8740.00,0.00,52440.00
OI0002609,O000884,P0037,1,9,6650.00,0.00,59850.00
OI0002610,O000885,P0006,1,2,570.00,10.00,1026.00
OI0002611,O000885,P0073,2,5,1430.00,5.00,6792.50
OI0002612,O000885,P0076,3,4,8140.00,0.00,32560.00
OI0002613,O000886,P0016,1,9,8740.00,15.00,66861.00
OI0002614,O000887,P0014,1,9,14460.00,15.00,110619.00
OI0002615,O000887,P0065,2,3,10680.00,0.00,32040.00
OI0002616,O000887,P0065,3,2,10680.00,15.00,18156.00
OI0002617,O000887,P0028,4,1,9080.00,0.00,9080.00
OI0002618,O000887,P0068,5,1,2100.00,0.00,2100.00
OI0002619,O000888,P0052,1,7,13500.00,10.00,85050.00
OI0002620,O000888,P0066,2,12,11920.00,10.00,128736.00
OI0002621,O000888,P0018,3,2,670.00,15.00,1139.00
OI0002622,O000888,P0020,4,1,5780.00,0.00,5780.00
OI0002623,O000889,P0052,1,1,13500.00,0.00,13500.00
OI0002624,O000889,P0064,2,8,8250.00,15.00,56100.00
OI0002625,O000889,P0015,3,1,8020.00,10.00,7218.00
OI0002626,O000890,P0045,1,2,14880.00,5.00,28272.00
OI0002627,O000890,P0033,2,1,800.00,0.00,800.00
OI0002628,O000891,P0039,1,2,3060.00,10.00,5508.00
OI0002629,O000892,P0077,1,8,14410.00,0.00,115280.00
OI0002630,O000892,P0032,2,8,330.00,5.00,2508.00
OI0002631,O000892,P0047,3,5,2190.00,0.00,10950.00
OI0002632,O000892,P0023,4,3,12130.00,15.00,30931.50
OI0002633,O000892,P0053,5,6,16730.00,10.00,90342.00
OI0002634,O000893,P0018,1,8,670.00,15.00,4556.00
OI0002635,O000893,P0051,2,9,12120.00,15.00,92718.00
OI0002636,O000894,P0050,1,9,14600.00,10.00,118260.00
OI0002637,O000894,P0037,2,4,6650.00,0.00,26600.00
OI0002638,O000894,P0011,3,8,6240.00,0.00,49920.00
OI0002639,O000894,P0027,4,11,4890.00,10.00,48411.00
OI0002640,O000895,P0018,1,9,670.00,0.00,6030.00
OI0002641,O000895,P0068,2,3,2100.00,10.00,5670.00
OI0002642,O000895,P0067,3,5,16160.00,10.00,72720.00
OI0002643,O000895,P0037,4,12,6650.00,10.00,71820.00
OI0002644,O000896,P0057,1,12,5170.00,0.00,62040.00
OI0002645,O000896,P0005,2,5,3300.00,15.00,14025.00
OI0002646,O000897,P0049,1,9,16150.00,15.00,123547.50
OI0002647,O000898,P0065,1,11,10680.00,10.00,105732.00
OI0002648,O000898,P0065,2,8,10680.00,10.00,76896.00
OI0002649,O000898,P0064,3,6,8250.00,0.00,49500.00
OI0002650,O000899,P0071,1,4,16680.00,0.00,66720.00
OI0002651,O000899,P0041,2,3,12490.00,0.00,37470.00
OI0002652,O000899,P0050,3,8,14600.00,0.00,116800.00
OI0002653,O000899,P0032,4,11,330.00,10.00,3267.00
OI0002654,O000899,P0017,5,8,3480.00,0.00,27840.00
OI0002655,O000900,P0007,1,8,4920.00,10.00,35424.00
OI0002656,O000900,P0044,2,11,13780.00,0.00,151580.00
OI0002657,O000900,P0065,3,4,10680.00,0.00,42720.00
OI0002658,O000900,P0021,4,10,17850.00,15.00,151725.00
OI0002659,O000901,P0047,1,9,2190.00,0.00,19710.00
OI0002660,O000901,P0049,2,12,16150.00,0.00,193800.00
OI0002661,O000901,P0008,3,10,5830.00,15.00,49555.00
OI0002662,O000901,P0028,4,12,9080.00,15.00,92616.00
OI0002663,O000902,P0054,1,9,10100.00,0.00,90900.00
OI0002664,O000903,P0059,1,10,14710.00,10.00,132390.00
OI0002665,O000903,P0017,2,9,3480.00,0.00,31320.00
OI0002666,O000903,P0007,3,1,4920.00,10.00,4428.00
OI0002667,O000904,P0080,1,12,5590.00,0.00,67080.00
OI0002668,O000904,P0078,2,11,7660.00,0.00,84260.00
OI0002669,O000905,P0054,1,4,10100.00,10.00,36360.00
OI0002670,O000905,P0074,2,7,10020.00,10.00,63126.00
OI0002671,O000906,P0078,1,1,7660.00,10.00,6894.00
OI0002672,O000906,P0002,2,11,12930.00,0.00,142230.00
OI0002673,O000906,P0062,3,10,8730.00,5.00,82935.00
OI0002674,O000906,P0058,4,2,1830.00,0.00,3660.00
OI0002675,O000906,P0046,5,9,7120.00,5.00,60876.00
OI0002676,O000907,P0063,1,5,3720.00,0.00,18600.00
OI0002677,O000907,P0037,2,3,6650.00,10.00,17955.00
OI0002678,O000907,P0070,3,9,13990.00,0.00,125910.00
OI0002679,O000908,P0016,1,7,8740.00,0.00,61180.00
OI0002680,O000909,P0024,1,4,11180.00,5.00,42484.00
OI0002681,O000909,P0065,2,4,10680.00,15.00,36312.00
OI0002682,O000910,P0044,1,9,13780.00,0.00,124020.00
OI0002683,O000910,P0061,2,8,9420.00,0.00,75360.00
OI0002684,O000911,P0017,1,2,3480.00,15.00,5916.00
OI0002685,O000911,P0035,2,8,14850.00,0.00,118800.00
OI0002686,O000911,P0012,3,1,6280.00,0.00,6280.00
OI0002687,O000911,P0024,4,9,11180.00,15.00,85527.00
OI0002688,O000912,P0012,1,4,6280.00,5.00,23864.00
OI0002689,O000912,P0074,2,3,10020.00,0.00,30060.00
OI0002690,O000912,P0029,3,12,8380.00,0.00,100560.00
OI0002691,O000912,P0020,4,10,5780.00,5.00,54910.00
OI0002692,O000913,P0029,1,1,8380.00,15.00,7123.00
OI0002693,O000914,P0038,1,5,11890.00,15.00,50532.50
OI0002694,O000915,P0072,1,6,6730.00,0.00,40380.00
OI0002695,O000915,P0051,2,5,12120.00,5.00,57570.00
OI0002696,O000915,P0004,3,2,16440.00,0.00,32880.00
OI0002697,O000915,P0064,4,8,8250.00,0.00,66000.00
OI0002698,O000915,P0002,5,2,12930.00,0.00,25860.00
OI0002699,O000916,P0031,1,11,3650.00,0.00,40150.00
OI0002700,O000916,P0071,2,7,16680.00,0.00,116760.00
OI0002701,O000916,P0003,3,3,14640.00,5.00,41724.00
OI0002702,O000916,P0046,4,9,7120.00,0.00,64080.00
OI0002703,O000916,P0066,5,1,11920.00,5.00,11324.00
OI0002704,O000917,P0079,1,5,15570.00,15.00,66172.50
OI0002705,O000917,P0049,2,9,16150.00,0.00,145350.00
OI0002706,O000918,P0078,1,1,7660.00,5.00,7277.00
OI0002707,O000919,P0040,1,6,17530.00,0.00,105180.00
OI0002708,O000919,P0065,2,5,10680.00,0.00,53400.00
OI0002709,O000920,P0039,1,6,3060.00,10.00,16524.00
OI0002710,O000920,P0005,2,1,3300.00,0.00,3300.00
OI0002711,O000920,P0078,3,4,7660.00,0.00,30640.00
OI0002712,O000920,P0043,4,11,9450.00,0.00,103950.00
OI0002713,O000921,P0070,1,5,13990.00,5.00,66452.50
OI0002714,O000921,P0077,2,11,14410.00,5.00,150584.50
OI0002715,O000921,P0021,3,1,17850.00,0.00,17850.00
OI0002716,O000921,P0073,4,7,1430.00,0.00,10010.00
OI0002717,O000922,P0011,1,6,6240.00,15.00,31824.00
OI0002718,O000922,P0024,2,12,11180.00,15.00,114036.00
OI0002719,O000923,P0048,1,3,12050.00,0.00,36150.00
OI0002720,O000923,P0043,2,7,9450.00,10.00,59535.00
OI0002721,O000923,P0045,3,9,14880.00,10.00,120528.00
OI0002722,O000923,P0043,4,8,9450.00,0.00,75600.00
OI0002723,O000924,P0043,1,4,9450.00,5.00,35910.00
OI0002724,O000924,P0057,2,1,5170.00,0.00,5170.00
OI0002725,O000924,P0006,3,2,570.00,5.00,1083.00
OI0002726,O000924,P0051,4,3,12120.00,0.00,36360.00
OI0002727,O000924,P0054,5,1,10100.00,15.00,8585.00
OI0002728,O000925,P0073,1,3,1430.00,0.00,4290.00
OI0002729,O000925,P0074,2,2,10020.00,5.00,19038.00
OI0002730,O000926,P0053,1,1,16730.00,0.00,16730.00
OI0002731,O000926,P0062,2,1,8730.00,10.00,7857.00
OI0002732,O000926,P0069,3,3,12320.00,0.00,36960.00
OI0002733,O000926,P0037,4,5,6650.00,10.00,29925.00
OI0002734,O000927,P0072,1,6,6730.00,10.00,36342.00
OI0002735,O000927,P0056,2,2,10190.00,5.00,19361.00
OI0002736,O000927,P0045,3,4,14880.00,5.00,56544.00
OI0002737,O000928,P0026,1,5,13420.00,0.00,67100.00
OI0002738,O000929,P0016,1,8,8740.00,0.00,69920.00
OI0002739,O000929,P0045,2,5,14880.00,15.00,63240.00
OI0002740,O000929,P0077,3,6,14410.00,10.00,77814.00
OI0002741,O000929,P0031,4,3,3650.00,5.00,10402.50
OI0002742,O000929,P0053,5,7,16730.00,0.00,117110.00
OI0002743,O000930,P0016,1,8,8740.00,5.00,66424.00
OI0002744,O000930,P0050,2,11,14600.00,15.00,136510.00
OI0002745,O000930,P0059,3,1,14710.00,10.00,13239.00
OI0002746,O000930,P0076,4,4,8140.00,0.00,32560.00
OI0002747,O000930,P0045,5,9,14880.00,15.00,113832.00
OI0002748,O000931,P0055,1,8,16840.00,0.00,134720.00
OI0002749,O000931,P0048,2,11,12050.00,5.00,125922.50
OI0002750,O000931,P0061,3,3,9420.00,0.00,28260.00
OI0002751,O000931,P0010,4,9,3500.00,0.00,31500.00
OI0002752,O000932,P0079,1,12,15570.00,10.00,168156.00
OI0002753,O000932,P0041,2,4,12490.00,0.00,49960.00
OI0002754,O000932,P0004,3,5,16440.00,0.00,82200.00
OI0002755,O000933,P0064,1,11,8250.00,0.00,90750.00
OI0002756,O000933,P0017,2,10,3480.00,15.00,29580.00
OI0002757,O000933,P0045,3,5,14880.00,15.00,63240.00
OI0002758,O000933,P0038,4,10,11890.00,5.00,112955.00
OI0002759,O000933,P0074,5,10,10020.00,0.00,100200.00
OI0002760,O000934,P0074,1,5,10020.00,0.00,50100.00
OI0002761,O000934,P0008,2,10,5830.00,0.00,58300.00
OI0002762,O000934,P0042,3,9,2830.00,0.00,25470.00
OI0002763,O000934,P0051,4,5,12120.00,5.00,57570.00
OI0002764,O000934,P0015,5,11,8020.00,0.00,88220.00
OI0002765,O000935,P0030,1,1,340.00,10.00,306.00
OI0002766,O000935,P0043,2,8,9450.00,0.00,75600.00
OI0002767,O000936,P0037,1,7,6650.00,0.00,46550.00
OI0002768,O000936,P0044,2,5,13780.00,5.00,65455.00
OI0002769,O000936,P0066,3,2,11920.00,15.00,20264.00
OI0002770,O000937,P0066,1,10,11920.00,15.00,101320.00
OI0002771,O000937,P0054,2,1,10100.00,0.00,10100.00
OI0002772,O000938,P0006,1,8,570.00,10.00,4104.00
OI0002773,O000938,P0076,2,12,8140.00,5.00,92796.00
OI0002774,O000938,P0034,3,10,10570.00,0.00,105700.00
OI0002775,O000938,P0077,4,11,14410.00,15.00,134733.50
OI0002776,O000939,P0068,1,10,2100.00,0.00,21000.00
OI0002777,O000939,P0079,2,10,15570.00,5.00,147915.00
OI0002778,O000939,P0042,3,10,2830.00,10.00,25470.00
OI0002779,O000939,P0022,4,7,8500.00,0.00,59500.00
OI0002780,O000939,P0069,5,4,12320.00,0.00,49280.00
OI0002781,O000940,P0072,1,12,6730.00,0.00,80760.00
OI0002782,O000940,P0033,2,9,800.00,10.00,6480.00
OI0002783,O000940,P0063,3,9,3720.00,0.00,33480.00
OI0002784,O000941,P0059,1,4,14710.00,15.00,50014.00
OI0002785,O000941,P0067,2,12,16160.00,0.00,193920.00
OI0002786,O000941,P0055,3,1,16840.00,0.00,16840.00
OI0002787,O000941,P0015,4,5,8020.00,10.00,36090.00
OI0002788,O000942,P0050,1,5,14600.00,0.00,73000.00
OI0002789,O000942,P0021,2,12,17850.00,15.00,182070.00
OI0002790,O000943,P0079,1,7,15570.00,15.00,92641.50
OI0002791,O000943,P0075,2,5,14230.00,15.00,60477.50
OI0002792,O000943,P0041,3,5,12490.00,0.00,62450.00
OI0002793,O000943,P0001,4,6,4300.00,0.00,25800.00
OI0002794,O000943,P0009,5,5,5290.00,15.00,22482.50
OI0002795,O000944,P0052,1,12,13500.00,0.00,162000.00
OI0002796,O000944,P0023,2,6,12130.00,0.00,72780.00
OI0002797,O000944,P0056,3,10,10190.00,0.00,101900.00
OI0002798,O000945,P0011,1,2,6240.00,0.00,12480.00
OI0002799,O000945,P0036,2,1,10120.00,0.00,10120.00
OI0002800,O000945,P0064,3,12,8250.00,10.00,89100.00
OI0002801,O000946,P0063,1,7,3720.00,0.00,26040.00
OI0002802,O000946,P0011,2,10,6240.00,5.00,59280.00
OI0002803,O000946,P0055,3,1,16840.00,0.00,16840.00
OI0002804,O000946,P0067,4,10,16160.00,0.00,161600.00
OI0002805,O000947,P0055,1,10,16840.00,0.00,168400.00
OI0002806,O000947,P0001,2,3,4300.00,0.00,12900.00
OI0002807,O000947,P0014,3,6,14460.00,15.00,73746.00
OI0002808,O000947,P0040,4,11,17530.00,15.00,163905.50
OI0002809,O000947,P0035,5,10,14850.00,15.00,126225.00
OI0002810,O000948,P0053,1,1,16730.00,5.00,15893.50
OI0002811,O000949,P0036,1,12,10120.00,15.00,103224.00
OI0002812,O000950,P0079,1,8,15570.00,0.00,124560.00
OI0002813,O000950,P0010,2,7,3500.00,0.00,24500.00
OI0002814,O000950,P0040,3,3,17530.00,5.00,49960.50
OI0002815,O000950,P0035,4,10,14850.00,0.00,148500.00
OI0002816,O000950,P0044,5,6,13780.00,0.00,82680.00
OI0002817,O000951,P0037,1,7,6650.00,10.00,41895.00
OI0002818,O000952,P0078,1,7,7660.00,15.00,45577.00
OI0002819,O000952,P0051,2,11,12120.00,10.00,119988.00
OI0002820,O000952,P0052,3,9,13500.00,0.00,121500.00
OI0002821,O000952,P0001,4,11,4300.00,0.00,47300.00
OI0002822,O000952,P0061,5,7,9420.00,15.00,56049.00
OI0002823,O000953,P0038,1,1,11890.00,0.00,11890.00
OI0002824,O000953,P0024,2,9,11180.00,0.00,100620.00
OI0002825,O000953,P0028,3,2,9080.00,0.00,18160.00
OI0002826,O000954,P0023,1,1,12130.00,0.00,12130.00
OI0002827,O000954,P0004,2,8,16440.00,0.00,131520.00
OI0002828,O000954,P0017,3,9,3480.00,0.00,31320.00
OI0002829,O000954,P0079,4,5,15570.00,15.00,66172.50
OI0002830,O000955,P0064,1,3,8250.00,0.00,24750.00
OI0002831,O000955,P0023,2,12,12130.00,15.00,123726.00
OI0002832,O000956,P0044,1,7,13780.00,15.00,81991.00
OI0002833,O000956,P0043,2,9,9450.00,0.00,85050.00
OI0002834,O000957,P0023,1,5,12130.00,0.00,60650.00
OI0002835,O000957,P0057,2,1,5170.00,10.00,4653.00
OI0002836,O000957,P0025,3,4,13240.00,0.00,52960.00
OI0002837,O000958,P0011,1,5,6240.00,5.00,29640.00
OI0002838,O000958,P0019,2,5,7370.00,5.00,35007.50
OI0002839,O000959,P0021,1,8,17850.00,0.00,142800.00
OI0002840,O000959,P0060,2,2,8800.00,0.00,17600.00
OI0002841,O000959,P0054,3,7,10100.00,0.00,70700.00
OI0002842,O000959,P0051,4,1,12120.00,10.00,10908.00
OI0002843,O000959,P0027,5,3,4890.00,0.00,14670.00
OI0002844,O000960,P0071,1,12,16680.00,0.00,200160.00
OI0002845,O000960,P0014,2,12,14460.00,10.00,156168.00
OI0002846,O000960,P0042,3,5,2830.00,0.00,14150.00
OI0002847,O000960,P0001,4,7,4300.00,10.00,27090.00
OI0002848,O000960,P0019,5,10,7370.00,15.00,62645.00
OI0002849,O000961,P0008,1,4,5830.00,0.00,23320.00
OI0002850,O000961,P0043,2,12,9450.00,15.00,96390.00
OI0002851,O000961,P0052,3,10,13500.00,5.00,128250.00
OI0002852,O000961,P0032,4,8,330.00,10.00,2376.00
OI0002853,O000961,P0009,5,1,5290.00,0.00,5290.00
OI0002854,O000962,P0058,1,4,1830.00,15.00,6222.00
OI0002855,O000962,P0015,2,8,8020.00,0.00,64160.00
OI0002856,O000963,P0009,1,6,5290.00,0.00,31740.00
OI0002857,O000963,P0043,2,6,9450.00,15.00,48195.00
OI0002858,O000964,P0028,1,1,9080.00,10.00,8172.00
OI0002859,O000964,P0063,2,3,3720.00,0.00,11160.00
OI0002860,O000964,P0011,3,3,6240.00,15.00,15912.00
OI0002861,O000965,P0060,1,12,8800.00,0.00,105600.00
OI0002862,O000965,P0029,2,1,8380.00,0.00,8380.00
OI0002863,O000965,P0012,3,4,6280.00,10.00,22608.00
OI0002864,O000965,P0045,4,7,14880.00,0.00,104160.00
OI0002865,O000965,P0015,5,9,8020.00,5.00,68571.00
OI0002866,O000966,P0006,1,3,570.00,0.00,1710.00
OI0002867,O000966,P0068,2,1,2100.00,5.00,1995.00
OI0002868,O000966,P0038,3,11,11890.00,5.00,124250.50
OI0002869,O000966,P0036,4,4,10120.00,0.00,40480.00
OI0002870,O000966,P0079,5,1,15570.00,0.00,15570.00
OI0002871,O000967,P0029,1,8,8380.00,0.00,67040.00
OI0002872,O000967,P0055,2,8,16840.00,0.00,134720.00
OI0002873,O000967,P0001,3,6,4300.00,10.00,23220.00
OI0002874,O000967,P0036,4,12,10120.00,10.00,109296.00
OI0002875,O000967,P0022,5,2,8500.00,0.00,17000.00
OI0002876,O000968,P0057,1,7,5170.00,5.00,34380.50
OI0002877,O000968,P0074,2,10,10020.00,0.00,100200.00
OI0002878,O000968,P0061,3,8,9420.00,5.00,71592.00
OI0002879,O000969,P0024,1,2,11180.00,0.00,22360.00
OI0002880,O000969,P0055,2,12,16840.00,0.00,202080.00
OI0002881,O000969,P0022,3,5,8500.00,15.00,36125.00
OI0002882,O000970,P0039,1,8,3060.00,0.00,24480.00
OI0002883,O000970,P0005,2,10,3300.00,15.00,28050.00
OI0002884,O000970,P0037,3,2,6650.00,0.00,13300.00
OI0002885,O000971,P0076,1,1,8140.00,15.00,6919.00
OI0002886,O000971,P0058,2,3,1830.00,15.00,4666.50
OI0002887,O000971,P0011,3,11,6240.00,0.00,68640.00
OI0002888,O000971,P0076,4,4,8140.00,10.00,29304.00
OI0002889,O000971,P0023,5,11,12130.00,15.00,113415.50
OI0002890,O000972,P0047,1,1,2190.00,0.00,2190.00
OI0002891,O000972,P0042,2,5,2830.00,10.00,12735.00
OI0002892,O000973,P0017,1,3,3480.00,10.00,9396.00
OI0002893,O000973,P0026,2,7,13420.00,0.00,93940.00
OI0002894,O000973,P0030,3,9,340.00,10.00,2754.00
OI0002895,O000973,P0058,4,7,1830.00,5.00,12169.50
OI0002896,O000974,P0059,1,4,14710.00,0.00,58840.00
OI0002897,O000974,P0032,2,7,330.00,0.00,2310.00
OI0002898,O000974,P0037,3,3,6650.00,0.00,19950.00
OI0002899,O000974,P0030,4,7,340.00,15.00,2023.00
OI0002900,O000975,P0036,1,11,10120.00,0.00,111320.00
OI0002901,O000975,P0067,2,8,16160.00,0.00,129280.00
OI0002902,O000976,P0021,1,5,17850.00,5.00,84787.50
OI0002903,O000976,P0019,2,9,7370.00,5.00,63013.50
OI0002904,O000976,P0009,3,8,5290.00,10.00,38088.00
OI0002905,O000976,P0024,4,7,11180.00,15.00,66521.00
OI0002906,O000976,P0046,5,7,7120.00,10.00,44856.00
OI0002907,O000977,P0033,1,6,800.00,0.00,4800.00
OI0002908,O000978,P0026,1,4,13420.00,5.00,50996.00
OI0002909,O000978,P0046,2,11,7120.00,0.00,78320.00
OI0002910,O000979,P0014,1,1,14460.00,5.00,13737.00
OI0002911,O000979,P0023,2,4,12130.00,10.00,43668.00
OI0002912,O000980,P0073,1,9,1430.00,0.00,12870.00
OI0002913,O000980,P0074,2,2,10020.00,0.00,20040.00
OI0002914,O000981,P0064,1,5,8250.00,15.00,35062.50
OI0002915,O000981,P0031,2,5,3650.00,5.00,17337.50
OI0002916,O000981,P0049,3,7,16150.00,5.00,107397.50
OI0002917,O000982,P0060,1,5,8800.00,0.00,44000.00
OI0002918,O000982,P0078,2,9,7660.00,0.00,68940.00
OI0002919,O000983,P0075,1,6,14230.00,5.00,81111.00
OI0002920,O000984,P0051,1,3,12120.00,15.00,30906.00
OI0002921,O000984,P0033,2,10,800.00,15.00,6800.00
OI0002922,O000984,P0008,3,6,5830.00,15.00,29733.00
OI0002923,O000984,P0020,4,8,5780.00,5.00,43928.00
OI0002924,O000984,P0008,5,7,5830.00,10.00,36729.00
OI0002925,O000985,P0016,1,6,8740.00,15.00,44574.00
OI0002926,O000986,P0070,1,1,13990.00,0.00,13990.00
OI0002927,O000987,P0057,1,10,5170.00,0.00,51700.00
OI0002928,O000987,P0050,2,8,14600.00,15.00,99280.00
OI0002929,O000987,P0047,3,2,2190.00,5.00,4161.00
OI0002930,O000988,P0023,1,9,12130.00,15.00,92794.50
OI0002931,O000988,P0070,2,3,13990.00,0.00,41970.00
OI0002932,O000988,P0003,3,7,14640.00,5.00,97356.00
OI0002933,O000988,P0076,4,1,8140.00,0.00,8140.00
OI0002934,O000989,P0012,1,2,6280.00,0.00,12560.00
OI0002935,O000989,P0006,2,3,570.00,15.00,1453.50
OI0002936,O000989,P0059,3,6,14710.00,5.00,83847.00
OI0002937,O000990,P0027,1,7,4890.00,15.00,29095.50
OI0002938,O000991,P0001,1,6,4300.00,0.00,25800.00
OI0002939,O000991,P0016,2,8,8740.00,0.00,69920.00
OI0002940,O000991,P0018,3,2,670.00,0.00,1340.00
OI0002941,O000992,P0050,1,12,14600.00,10.00,157680.00
OI0002942,O000992,P0065,2,4,10680.00,10.00,38448.00
OI0002943,O000992,P0010,3,4,3500.00,15.00,11900.00
OI0002944,O000993,P0074,1,2,10020.00,10.00,18036.00
OI0002945,O000994,P0009,1,12,5290.00,5.00,60306.00
OI0002946,O000995,P0056,1,7,10190.00,15.00,60630.50
OI0002947,O000995,P0033,2,7,800.00,10.00,5040.00
OI0002948,O000995,P0057,3,1,5170.00,0.00,5170.00
OI0002949,O000995,P0042,4,2,2830.00,0.00,5660.00
OI0002950,O000996,P0061,1,3,9420.00,5.00,26847.00
OI0002951,O000996,P0042,2,2,2830.00,10.00,5094.00
OI0002952,O000997,P0024,1,3,11180.00,15.00,28509.00
OI0002953,O000997,P0050,2,6,14600.00,0.00,87600.00
OI0002954,O000997,P0024,3,8,11180.00,0.00,89440.00
OI0002955,O000997,P0067,4,5,16160.00,0.00,80800.00
OI0002956,O000997,P0060,5,1,8800.00,15.00,7480.00
OI0002957,O000998,P0041,1,8,12490.00,5.00,94924.00
OI0002958,O000998,P0057,2,5,5170.00,0.00,25850.00
OI0002959,O000999,P0066,1,5,11920.00,0.00,59600.00
OI0002960,O000999,P0059,2,7,14710.00,10.00,92673.00
OI0002961,O001000,P0071,1,8,16680.00,0.00,133440.00
OI0002962,O001000,P0018,2,3,670.00,15.00,1708.50
OI0002963,O001000,P0034,3,12,10570.00,5.00,120498.00
OI0002964,O001000,P0067,4,4,16160.00,0.00,64640.00
OI0002965,O001000,P0060,5,6,8800.00,0.00,52800.00
OI0002966,O001001,P0029,1,7,8380.00,5.00,55727.00
OI0002967,O001001,P0023,2,9,12130.00,5.00,103711.50
OI0002968,O001001,P0016,3,11,8740.00,0.00,96140.00
OI0002969,O001002,P0058,1,5,1830.00,0.00,9150.00
OI0002970,O001002,P0026,2,9,13420.00,0.00,120780.00
OI0002971,O001003,P0003,1,7,14640.00,15.00,87108.00
OI0002972,O001003,P0074,2,9,10020.00,0.00,90180.00
OI0002973,O001003,P0026,3,7,13420.00,0.00,93940.00
OI0002974,O001003,P0065,4,12,10680.00,0.00,128160.00
OI0002975,O001004,P0024,1,9,11180.00,0.00,100620.00
OI0002976,O001004,P0059,2,9,14710.00,0.00,132390.00
OI0002977,O001004,P0063,3,3,3720.00,0.00,11160.00
OI0002978,O001004,P0080,4,5,5590.00,10.00,25155.00
OI0002979,O001004,P0025,5,2,13240.00,0.00,26480.00
OI0002980,O001005,P0054,1,9,10100.00,0.00,90900.00
OI0002981,O001005,P0048,2,8,12050.00,0.00,96400.00
OI0002982,O001005,P0071,3,10,16680.00,0.00,166800.00
OI0002983,O001006,P0005,1,4,3300.00,5.00,12540.00
OI0002984,O001006,P0062,2,8,8730.00,10.00,62856.00
OI0002985,O001006,P0005,3,10,3300.00,0.00,33000.00
OI0002986,O001006,P0051,4,8,12120.00,0.00,96960.00
OI0002987,O001007,P0035,1,3,14850.00,0.00,44550.00
OI0002988,O001007,P0058,2,9,1830.00,0.00,16470.00
OI0002989,O001007,P0057,3,10,5170.00,5.00,49115.00
OI0002990,O001008,P0074,1,3,10020.00,15.00,25551.00
OI0002991,O001008,P0025,2,2,13240.00,5.00,25156.00
OI0002992,O001008,P0012,3,9,6280.00,0.00,56520.00
OI0002993,O001008,P0002,4,6,12930.00,5.00,73701.00
OI0002994,O001009,P0024,1,2,11180.00,10.00,20124.00
OI0002995,O001009,P0047,2,11,2190.00,0.00,24090.00
OI0002996,O001009,P0025,3,10,13240.00,0.00,132400.00
OI0002997,O001010,P0048,1,12,12050.00,15.00,122910.00
OI0002998,O001011,P0071,1,5,16680.00,0.00,83400.00
OI0002999,O001011,P0062,2,7,8730.00,10.00,54999.00
OI0003000,O001011,P0018,3,1,670.00,0.00,670.00
OI0003001,O001012,P0064,1,8,8250.00,5.00,62700.00
OI0003002,O001012,P0012,2,10,6280.00,0.00,62800.00
OI0003003,O001012,P0063,3,3,3720.00,0.00,11160.00
OI0003004,O001012,P0070,4,8,13990.00,15.00,95132.00
OI0003005,O001013,P0039,1,8,3060.00,0.00,24480.00
OI0003006,O001013,P0049,2,5,16150.00,5.00,76712.50
OI0003007,O001014,P0069,1,4,12320.00,0.00,49280.00
OI0003008,O001014,P0008,2,7,5830.00,0.00,40810.00
OI0003009,O001014,P0063,3,9,3720.00,0.00,33480.00
OI0003010,O001014,P0069,4,10,12320.00,15.00,104720.00
OI0003011,O001014,P0004,5,10,16440.00,5.00,156180.00
OI0003012,O001015,P0005,1,5,3300.00,5.00,15675.00
OI0003013,O001015,P0001,2,6,4300.00,5.00,24510.00
OI0003014,O001015,P0022,3,11,8500.00,0.00,93500.00
OI0003015,O001015,P0045,4,2,14880.00,15.00,25296.00
OI0003016,O001015,P0034,5,9,10570.00,0.00,95130.00
OI0003017,O001016,P0034,1,3,10570.00,0.00,31710.00
OI0003018,O001016,P0068,2,12,2100.00,5.00,23940.00
OI0003019,O001016,P0056,3,6,10190.00,5.00,58083.00
OI0003020,O001016,P0012,4,11,6280.00,10.00,62172.00
OI0003021,O001017,P0023,1,6,12130.00,15.00,61863.00
OI0003022,O001017,P0056,2,5,10190.00,5.00,48402.50
OI0003023,O001017,P0050,3,1,14600.00,10.00,13140.00
OI0003024,O001018,P0026,1,9,13420.00,10.00,108702.00
OI0003025,O001018,P0004,2,8,16440.00,0.00,131520.00
OI0003026,O001018,P0021,3,5,17850.00,15.00,75862.50
OI0003027,O001019,P0008,1,6,5830.00,0.00,34980.00
OI0003028,O001019,P0078,2,2,7660.00,0.00,15320.00
OI0003029,O001019,P0051,3,7,12120.00,5.00,80598.00
OI0003030,O001019,P0034,4,6,10570.00,15.00,53907.00
OI0003031,O001019,P0070,5,2,13990.00,5.00,26581.00
OI0003032,O001020,P0079,1,12,15570.00,0.00,186840.00
OI0003033,O001020,P0025,2,7,13240.00,0.00,92680.00
OI0003034,O001020,P0069,3,8,12320.00,15.00,83776.00
OI0003035,O001021,P0048,1,8,12050.00,5.00,91580.00
OI0003036,O001021,P0069,2,8,12320.00,10.00,88704.00
OI0003037,O001021,P0054,3,10,10100.00,5.00,95950.00
OI0003038,O001021,P0014,4,10,14460.00,15.00,122910.00
OI0003039,O001022,P0071,1,1,16680.00,0.00,16680.00
OI0003040,O001022,P0037,2,8,6650.00,15.00,45220.00
OI0003041,O001022,P0036,3,10,10120.00,10.00,91080.00
OI0003042,O001022,P0013,4,4,9840.00,10.00,35424.00
OI0003043,O001022,P0043,5,8,9450.00,0.00,75600.00
OI0003044,O001023,P0013,1,6,9840.00,15.00,50184.00
OI0003045,O001023,P0045,2,4,14880.00,0.00,59520.00
OI0003046,O001023,P0002,3,6,12930.00,10.00,69822.00
OI0003047,O001024,P0051,1,12,12120.00,0.00,145440.00
OI0003048,O001024,P0033,2,3,800.00,0.00,2400.00
OI0003049,O001024,P0029,3,11,8380.00,0.00,92180.00
OI0003050,O001025,P0027,1,5,4890.00,0.00,24450.00
OI0003051,O001025,P0061,2,12,9420.00,0.00,113040.00
OI0003052,O001025,P0068,3,6,2100.00,15.00,10710.00
OI0003053,O001025,P0013,4,10,9840.00,0.00,98400.00
OI0003054,O001025,P0030,5,1,340.00,0.00,340.00
OI0003055,O001026,P0029,1,10,8380.00,0.00,83800.00
OI0003056,O001026,P0036,2,11,10120.00,15.00,94622.00
OI0003057,O001027,P0052,1,11,13500.00,0.00,148500.00
OI0003058,O001028,P0068,1,11,2100.00,0.00,23100.00
OI0003059,O001028,P0003,2,9,14640.00,5.00,125172.00
OI0003060,O001028,P0003,3,7,14640.00,0.00,102480.00
OI0003061,O001028,P0035,4,9,14850.00,0.00,133650.00
OI0003062,O001029,P0011,1,10,6240.00,0.00,62400.00
OI0003063,O001029,P0019,2,1,7370.00,0.00,7370.00
OI0003064,O001029,P0022,3,3,8500.00,0.00,25500.00
OI0003065,O001029,P0011,4,3,6240.00,5.00,17784.00
OI0003066,O001030,P0076,1,1,8140.00,15.00,6919.00
OI0003067,O001030,P0073,2,9,1430.00,0.00,12870.00
OI0003068,O001030,P0068,3,6,2100.00,15.00,10710.00
OI0003069,O001030,P0039,4,12,3060.00,0.00,36720.00
OI0003070,O001031,P0011,1,7,6240.00,0.00,43680.00
OI0003071,O001032,P0036,1,4,10120.00,0.00,40480.00
OI0003072,O001032,P0079,2,2,15570.00,10.00,28026.00
OI0003073,O001032,P0043,3,10,9450.00,0.00,94500.00
OI0003074,O001032,P0067,4,12,16160.00,15.00,164832.00
OI0003075,O001032,P0010,5,8,3500.00,15.00,23800.00
OI0003076,O001033,P0006,1,3,570.00,5.00,1624.50
OI0003077,O001033,P0046,2,7,7120.00,15.00,42364.00
OI0003078,O001034,P0058,1,2,1830.00,0.00,3660.00
OI0003079,O001035,P0077,1,2,14410.00,10.00,25938.00
OI0003080,O001035,P0059,2,6,14710.00,0.00,88260.00
OI0003081,O001036,P0066,1,7,11920.00,15.00,70924.00
OI0003082,O001036,P0075,2,7,14230.00,0.00,99610.00
OI0003083,O001036,P0066,3,7,11920.00,5.00,79268.00
OI0003084,O001036,P0023,4,5,12130.00,0.00,60650.00
OI0003085,O001036,P0073,5,1,1430.00,15.00,1215.50
OI0003086,O001037,P0061,1,11,9420.00,15.00,88077.00
OI0003087,O001037,P0053,2,5,16730.00,0.00,83650.00
OI0003088,O001037,P0015,3,10,8020.00,15.00,68170.00
OI0003089,O001037,P0046,4,1,7120.00,5.00,6764.00
OI0003090,O001037,P0034,5,5,10570.00,10.00,47565.00
OI0003091,O001038,P0022,1,2,8500.00,5.00,16150.00
OI0003092,O001038,P0019,2,12,7370.00,5.00,84018.00
OI0003093,O001038,P0017,3,5,3480.00,0.00,17400.00
OI0003094,O001039,P0007,1,12,4920.00,10.00,53136.00
OI0003095,O001039,P0036,2,11,10120.00,0.00,111320.00
OI0003096,O001039,P0067,3,11,16160.00,5.00,168872.00
OI0003097,O001039,P0008,4,5,5830.00,10.00,26235.00
OI0003098,O001040,P0009,1,5,5290.00,0.00,26450.00
OI0003099,O001041,P0016,1,8,8740.00,10.00,62928.00
OI0003100,O001041,P0020,2,11,5780.00,0.00,63580.00
OI0003101,O001041,P0031,3,11,3650.00,0.00,40150.00
OI0003102,O001042,P0039,1,1,3060.00,0.00,3060.00
OI0003103,O001043,P0012,1,10,6280.00,0.00,62800.00
OI0003104,O001043,P0002,2,1,12930.00,10.00,11637.00
OI0003105,O001043,P0068,3,9,2100.00,0.00,18900.00
OI0003106,O001043,P0033,4,7,800.00,0.00,5600.00
OI0003107,O001044,P0071,1,10,16680.00,0.00,166800.00
OI0003108,O001044,P0070,2,1,13990.00,15.00,11891.50
OI0003109,O001045,P0067,1,2,16160.00,0.00,32320.00
OI0003110,O001045,P0060,2,7,8800.00,5.00,58520.00
OI0003111,O001046,P0026,1,3,13420.00,0.00,40260.00
OI0003112,O001046,P0064,2,1,8250.00,0.00,8250.00
OI0003113,O001047,P0069,1,4,12320.00,15.00,41888.00
OI0003114,O001047,P0014,2,11,14460.00,5.00,151107.00
OI0003115,O001047,P0030,3,6,340.00,0.00,2040.00
OI0003116,O001047,P0021,4,8,17850.00,15.00,121380.00
OI0003117,O001048,P0029,1,6,8380.00,0.00,50280.00
OI0003118,O001048,P0010,2,4,3500.00,5.00,13300.00
OI0003119,O001048,P0074,3,3,10020.00,0.00,30060.00
OI0003120,O001048,P0054,4,10,10100.00,5.00,95950.00
OI0003121,O001049,P0048,1,10,12050.00,15.00,102425.00
OI0003122,O001050,P0061,1,8,9420.00,0.00,75360.00
OI0003123,O001051,P0022,1,10,8500.00,0.00,85000.00
OI0003124,O001051,P0006,2,5,570.00,5.00,2707.50
OI0003125,O001051,P0024,3,9,11180.00,15.00,85527.00
OI0003126,O001051,P0057,4,2,5170.00,15.00,8789.00
OI0003127,O001051,P0076,5,7,8140.00,15.00,48433.00
OI0003128,O001052,P0052,1,1,13500.00,15.00,11475.00
OI0003129,O001052,P0021,2,8,17850.00,0.00,142800.00
OI0003130,O001052,P0016,3,12,8740.00,0.00,104880.00
OI0003131,O001052,P0052,4,10,13500.00,0.00,135000.00
OI0003132,O001053,P0079,1,11,15570.00,0.00,171270.00
OI0003133,O001053,P0026,2,5,13420.00,0.00,67100.00
OI0003134,O001053,P0041,3,8,12490.00,0.00,99920.00
OI0003135,O001053,P0046,4,2,7120.00,0.00,14240.00
OI0003136,O001054,P0065,1,12,10680.00,0.00,128160.00
OI0003137,O001054,P0017,2,2,3480.00,15.00,5916.00
OI0003138,O001054,P0054,3,5,10100.00,15.00,42925.00
OI0003139,O001055,P0057,1,12,5170.00,0.00,62040.00
OI0003140,O001055,P0008,2,7,5830.00,0.00,40810.00
OI0003141,O001056,P0055,1,7,16840.00,0.00,117880.00
OI0003142,O001056,P0053,2,10,16730.00,5.00,158935.00
OI0003143,O001057,P0054,1,1,10100.00,10.00,9090.00
OI0003144,O001057,P0031,2,9,3650.00,0.00,32850.00
OI0003145,O001057,P0021,3,2,17850.00,0.00,35700.00
OI0003146,O001058,P0008,1,6,5830.00,0.00,34980.00
OI0003147,O001058,P0016,2,9,8740.00,5.00,74727.00
OI0003148,O001059,P0070,1,3,13990.00,15.00,35674.50
OI0003149,O001059,P0038,2,1,11890.00,10.00,10701.00
OI0003150,O001059,P0028,3,6,9080.00,5.00,51756.00
OI0003151,O001059,P0059,4,2,14710.00,5.00,27949.00
OI0003152,O001060,P0065,1,12,10680.00,0.00,128160.00
OI0003153,O001060,P0027,2,2,4890.00,15.00,8313.00
OI0003154,O001060,P0014,3,5,14460.00,0.00,72300.00
OI0003155,O001060,P0080,4,2,5590.00,15.00,9503.00
OI0003156,O001061,P0006,1,5,570.00,5.00,2707.50
OI0003157,O001061,P0058,2,9,1830.00,5.00,15646.50
OI0003158,O001061,P0001,3,4,4300.00,15.00,14620.00
OI0003159,O001061,P0002,4,7,12930.00,15.00,76933.50
OI0003160,O001062,P0054,1,2,10100.00,10.00,18180.00
OI0003161,O001062,P0015,2,10,8020.00,0.00,80200.00
OI0003162,O001063,P0066,1,12,11920.00,5.00,135888.00
OI0003163,O001063,P0065,2,5,10680.00,0.00,53400.00
OI0003164,O001063,P0077,3,12,14410.00,10.00,155628.00
OI0003165,O001064,P0072,1,10,6730.00,0.00,67300.00
OI0003166,O001065,P0067,1,5,16160.00,0.00,80800.00
OI0003167,O001065,P0071,2,11,16680.00,0.00,183480.00
OI0003168,O001065,P0056,3,2,10190.00,5.00,19361.00
OI0003169,O001066,P0003,1,1,14640.00,0.00,14640.00
OI0003170,O001066,P0017,2,1,3480.00,5.00,3306.00
OI0003171,O001067,P0017,1,4,3480.00,10.00,12528.00
OI0003172,O001067,P0056,2,8,10190.00,0.00,81520.00
OI0003173,O001067,P0063,3,9,3720.00,0.00,33480.00
OI0003174,O001067,P0047,4,4,2190.00,10.00,7884.00
OI0003175,O001067,P0072,5,4,6730.00,10.00,24228.00
OI0003176,O001068,P0065,1,8,10680.00,0.00,85440.00
OI0003177,O001068,P0078,2,6,7660.00,0.00,45960.00
OI0003178,O001068,P0017,3,6,3480.00,0.00,20880.00
OI0003179,O001068,P0078,4,1,7660.00,15.00,6511.00
OI0003180,O001069,P0059,1,8,14710.00,0.00,117680.00
OI0003181,O001070,P0006,1,5,570.00,0.00,2850.00
OI0003182,O001070,P0079,2,8,15570.00,0.00,124560.00
OI0003183,O001070,P0047,3,12,2190.00,0.00,26280.00
OI0003184,O001070,P0050,4,12,14600.00,0.00,175200.00
OI0003185,O001070,P0012,5,4,6280.00,0.00,25120.00
OI0003186,O001071,P0077,1,1,14410.00,0.00,14410.00
OI0003187,O001071,P0026,2,3,13420.00,0.00,40260.00
OI0003188,O001071,P0054,3,6,10100.00,15.00,51510.00
OI0003189,O001072,P0033,1,5,800.00,0.00,4000.00
OI0003190,O001072,P0044,2,6,13780.00,0.00,82680.00
OI0003191,O001072,P0002,3,1,12930.00,5.00,12283.50
OI0003192,O001072,P0046,4,10,7120.00,15.00,60520.00
OI0003193,O001072,P0028,5,4,9080.00,0.00,36320.00
OI0003194,O001073,P0064,1,9,8250.00,0.00,74250.00
OI0003195,O001073,P0077,2,7,14410.00,15.00,85739.50
OI0003196,O001073,P0006,3,5,570.00,0.00,2850.00
OI0003197,O001073,P0024,4,2,11180.00,0.00,22360.00
OI0003198,O001073,P0064,5,2,8250.00,10.00,14850.00
OI0003199,O001074,P0043,1,2,9450.00,10.00,17010.00
OI0003200,O001074,P0068,2,10,2100.00,10.00,18900.00
OI0003201,O001074,P0029,3,10,8380.00,0.00,83800.00
OI0003202,O001075,P0005,1,9,3300.00,0.00,29700.00
OI0003203,O001076,P0016,1,4,8740.00,5.00,33212.00
OI0003204,O001076,P0075,2,10,14230.00,0.00,142300.00
OI0003205,O001076,P0037,3,2,6650.00,0.00,13300.00
OI0003206,O001076,P0001,4,9,4300.00,0.00,38700.00
OI0003207,O001076,P0040,5,3,17530.00,5.00,49960.50
OI0003208,O001077,P0046,1,2,7120.00,0.00,14240.00
OI0003209,O001077,P0062,2,2,8730.00,0.00,17460.00
OI0003210,O001078,P0072,1,3,6730.00,0.00,20190.00
OI0003211,O001078,P0008,2,9,5830.00,0.00,52470.00
OI0003212,O001078,P0042,3,1,2830.00,15.00,2405.50
OI0003213,O001078,P0059,4,7,14710.00,0.00,102970.00
OI0003214,O001079,P0033,1,8,800.00,15.00,5440.00
OI0003215,O001079,P0045,2,4,14880.00,10.00,53568.00
OI0003216,O001079,P0079,3,5,15570.00,0.00,77850.00
OI0003217,O001079,P0069,4,10,12320.00,0.00,123200.00
OI0003218,O001080,P0060,1,7,8800.00,0.00,61600.00
OI0003219,O001080,P0061,2,7,9420.00,0.00,65940.00
OI0003220,O001081,P0013,1,8,9840.00,5.00,74784.00
OI0003221,O001081,P0033,2,2,800.00,0.00,1600.00
OI0003222,O001081,P0001,3,10,4300.00,15.00,36550.00
OI0003223,O001082,P0027,1,10,4890.00,5.00,46455.00
OI0003224,O001082,P0002,2,10,12930.00,0.00,129300.00
OI0003225,O001082,P0054,3,10,10100.00,10.00,90900.00
OI0003226,O001083,P0079,1,12,15570.00,0.00,186840.00
OI0003227,O001084,P0054,1,11,10100.00,0.00,111100.00
OI0003228,O001084,P0069,2,9,12320.00,0.00,110880.00
OI0003229,O001084,P0025,3,2,13240.00,15.00,22508.00
OI0003230,O001084,P0019,4,3,7370.00,0.00,22110.00
OI0003231,O001084,P0057,5,8,5170.00,10.00,37224.00
OI0003232,O001085,P0051,1,3,12120.00,5.00,34542.00
OI0003233,O001086,P0024,1,7,11180.00,5.00,74347.00
OI0003234,O001087,P0002,1,5,12930.00,10.00,58185.00
OI0003235,O001087,P0059,2,11,14710.00,0.00,161810.00
OI0003236,O001087,P0075,3,2,14230.00,0.00,28460.00
OI0003237,O001088,P0077,1,9,14410.00,0.00,129690.00
OI0003238,O001088,P0080,2,7,5590.00,5.00,37173.50
OI0003239,O001088,P0026,3,6,13420.00,5.00,76494.00
OI0003240,O001089,P0080,1,1,5590.00,0.00,5590.00
OI0003241,O001089,P0042,2,12,2830.00,0.00,33960.00
OI0003242,O001090,P0069,1,1,12320.00,0.00,12320.00
OI0003243,O001090,P0032,2,7,330.00,0.00,2310.00
OI0003244,O001090,P0080,3,2,5590.00,0.00,11180.00
OI0003245,O001091,P0058,1,2,1830.00,15.00,3111.00
OI0003246,O001091,P0024,2,9,11180.00,15.00,85527.00
OI0003247,O001091,P0058,3,9,1830.00,0.00,16470.00
OI0003248,O001091,P0067,4,7,16160.00,10.00,101808.00
OI0003249,O001091,P0072,5,8,6730.00,0.00,53840.00
OI0003250,O001092,P0067,1,6,16160.00,15.00,82416.00
OI0003251,O001092,P0049,2,3,16150.00,15.00,41182.50
OI0003252,O001092,P0044,3,7,13780.00,15.00,81991.00
OI0003253,O001092,P0074,4,12,10020.00,5.00,114228.00
OI0003254,O001092,P0068,5,4,2100.00,0.00,8400.00
OI0003255,O001093,P0070,1,8,13990.00,0.00,111920.00
OI0003256,O001093,P0031,2,9,3650.00,5.00,31207.50
OI0003257,O001093,P0072,3,1,6730.00,0.00,6730.00
OI0003258,O001093,P0014,4,10,14460.00,0.00,144600.00
OI0003259,O001093,P0008,5,1,5830.00,0.00,5830.00
OI0003260,O001094,P0047,1,10,2190.00,0.00,21900.00
OI0003261,O001094,P0066,2,3,11920.00,0.00,35760.00
OI0003262,O001095,P0069,1,2,12320.00,0.00,24640.00
OI0003263,O001095,P0003,2,8,14640.00,0.00,117120.00
OI0003264,O001096,P0025,1,5,13240.00,0.00,66200.00
OI0003265,O001097,P0002,1,5,12930.00,15.00,54952.50
OI0003266,O001097,P0033,2,3,800.00,0.00,2400.00
OI0003267,O001097,P0002,3,6,12930.00,0.00,77580.00
OI0003268,O001098,P0051,1,6,12120.00,0.00,72720.00
OI0003269,O001098,P0018,2,10,670.00,0.00,6700.00
OI0003270,O001099,P0043,1,8,9450.00,0.00,75600.00
OI0003271,O001099,P0045,2,4,14880.00,0.00,59520.00
OI0003272,O001099,P0031,3,10,3650.00,10.00,32850.00
OI0003273,O001099,P0019,4,4,7370.00,15.00,25058.00
OI0003274,O001099,P0027,5,12,4890.00,15.00,49878.00
OI0003275,O001100,P0029,1,10,8380.00,5.00,79610.00
OI0003276,O001101,P0024,1,9,11180.00,0.00,100620.00
OI0003277,O001101,P0080,2,3,5590.00,10.00,15093.00
OI0003278,O001102,P0050,1,10,14600.00,5.00,138700.00
OI0003279,O001102,P0014,2,3,14460.00,0.00,43380.00
OI0003280,O001102,P0039,3,5,3060.00,0.00,15300.00
OI0003281,O001102,P0007,4,4,4920.00,0.00,19680.00
OI0003282,O001102,P0063,5,1,3720.00,15.00,3162.00
OI0003283,O001103,P0005,1,10,3300.00,5.00,31350.00
OI0003284,O001103,P0062,2,7,8730.00,15.00,51943.50
OI0003285,O001103,P0047,3,8,2190.00,10.00,15768.00
OI0003286,O001103,P0078,4,11,7660.00,0.00,84260.00
OI0003287,O001104,P0057,1,7,5170.00,15.00,30761.50
OI0003288,O001104,P0067,2,5,16160.00,0.00,80800.00
OI0003289,O001104,P0019,3,1,7370.00,5.00,7001.50
OI0003290,O001104,P0046,4,1,7120.00,5.00,6764.00
OI0003291,O001104,P0013,5,1,9840.00,5.00,9348.00
OI0003292,O001105,P0077,1,1,14410.00,10.00,12969.00
OI0003293,O001105,P0035,2,8,14850.00,0.00,118800.00
OI0003294,O001105,P0002,3,2,12930.00,5.00,24567.00
OI0003295,O001106,P0066,1,12,11920.00,0.00,143040.00
OI0003296,O001107,P0027,1,9,4890.00,10.00,39609.00
OI0003297,O001107,P0075,2,12,14230.00,0.00,170760.00
OI0003298,O001108,P0041,1,10,12490.00,5.00,118655.00
OI0003299,O001108,P0048,2,11,12050.00,0.00,132550.00
OI0003300,O001109,P0075,1,7,14230.00,10.00,89649.00
OI0003301,O001109,P0051,2,10,12120.00,5.00,115140.00
OI0003302,O001109,P0076,3,1,8140.00,10.00,7326.00
OI0003303,O001110,P0007,1,8,4920.00,10.00,35424.00
OI0003304,O001110,P0048,2,4,12050.00,0.00,48200.00
OI0003305,O001111,P0064,1,4,8250.00,5.00,31350.00
OI0003306,O001111,P0007,2,5,4920.00,0.00,24600.00
OI0003307,O001111,P0065,3,11,10680.00,0.00,117480.00
OI0003308,O001111,P0004,4,9,16440.00,15.00,125766.00
OI0003309,O001112,P0040,1,2,17530.00,5.00,33307.00
OI0003310,O001113,P0037,1,10,6650.00,0.00,66500.00
OI0003311,O001113,P0046,2,7,7120.00,5.00,47348.00
OI0003312,O001114,P0056,1,10,10190.00,15.00,86615.00
OI0003313,O001114,P0004,2,7,16440.00,10.00,103572.00
OI0003314,O001114,P0037,3,5,6650.00,0.00,33250.00
OI0003315,O001115,P0029,1,8,8380.00,10.00,60336.00
OI0003316,O001115,P0034,2,4,10570.00,10.00,38052.00
OI0003317,O001116,P0031,1,12,3650.00,15.00,37230.00
OI0003318,O001116,P0017,2,4,3480.00,0.00,13920.00
OI0003319,O001116,P0055,3,3,16840.00,0.00,50520.00
OI0003320,O001116,P0015,4,10,8020.00,5.00,76190.00
OI0003321,O001116,P0068,5,6,2100.00,0.00,12600.00
OI0003322,O001117,P0012,1,10,6280.00,0.00,62800.00
OI0003323,O001117,P0017,2,9,3480.00,15.00,26622.00
OI0003324,O001118,P0031,1,6,3650.00,10.00,19710.00
OI0003325,O001118,P0051,2,11,12120.00,0.00,133320.00
OI0003326,O001118,P0018,3,3,670.00,5.00,1909.50
OI0003327,O001119,P0038,1,1,11890.00,5.00,11295.50
OI0003328,O001119,P0027,2,1,4890.00,0.00,4890.00
OI0003329,O001119,P0047,3,8,2190.00,0.00,17520.00
OI0003330,O001119,P0024,4,12,11180.00,10.00,120744.00
OI0003331,O001120,P0012,1,1,6280.00,0.00,6280.00
OI0003332,O001120,P0053,2,7,16730.00,15.00,99543.50
OI0003333,O001120,P0001,3,9,4300.00,5.00,36765.00
OI0003334,O001121,P0061,1,2,9420.00,0.00,18840.00
OI0003335,O001121,P0080,2,4,5590.00,5.00,21242.00
OI0003336,O001121,P0068,3,10,2100.00,10.00,18900.00
OI0003337,O001121,P0055,4,6,16840.00,0.00,101040.00
OI0003338,O001122,P0027,1,5,4890.00,0.00,24450.00
OI0003339,O001122,P0080,2,3,5590.00,0.00,16770.00
OI0003340,O001122,P0032,3,5,330.00,5.00,1567.50
OI0003341,O001123,P0042,1,12,2830.00,10.00,30564.00
OI0003342,O001123,P0061,2,4,9420.00,15.00,32028.00
OI0003343,O001123,P0080,3,4,5590.00,10.00,20124.00
OI0003344,O001123,P0051,4,10,12120.00,0.00,121200.00
OI0003345,O001124,P0076,1,6,8140.00,15.00,41514.00
OI0003346,O001124,P0003,2,9,14640.00,0.00,131760.00
OI0003347,O001124,P0035,3,7,14850.00,10.00,93555.00
OI0003348,O001124,P0036,4,11,10120.00,0.00,111320.00
OI0003349,O001124,P0010,5,11,3500.00,15.00,32725.00
OI0003350,O001125,P0053,1,8,16730.00,0.00,133840.00
OI0003351,O001126,P0025,1,11,13240.00,5.00,138358.00
OI0003352,O001126,P0043,2,8,9450.00,0.00,75600.00
OI0003353,O001126,P0030,3,4,340.00,0.00,1360.00
OI0003354,O001126,P0063,4,7,3720.00,0.00,26040.00
OI0003355,O001126,P0041,5,10,12490.00,0.00,124900.00
OI0003356,O001127,P0043,1,12,9450.00,10.00,102060.00
OI0003357,O001128,P0060,1,7,8800.00,0.00,61600.00
OI0003358,O001128,P0005,2,5,3300.00,5.00,15675.00
OI0003359,O001129,P0027,1,7,4890.00,0.00,34230.00
OI0003360,O001129,P0032,2,10,330.00,5.00,3135.00
OI0003361,O001129,P0028,3,9,9080.00,0.00,81720.00
OI0003362,O001129,P0044,4,5,13780.00,5.00,65455.00
OI0003363,O001129,P0033,5,9,800.00,0.00,7200.00
OI0003364,O001130,P0031,1,1,3650.00,0.00,3650.00
OI0003365,O001130,P0012,2,6,6280.00,5.00,35796.00
OI0003366,O001130,P0045,3,2,14880.00,0.00,29760.00
OI0003367,O001131,P0010,1,9,3500.00,0.00,31500.00
OI0003368,O001131,P0004,2,6,16440.00,0.00,98640.00
OI0003369,O001131,P0062,3,8,8730.00,5.00,66348.00
OI0003370,O001131,P0004,4,6,16440.00,0.00,98640.00
OI0003371,O001131,P0062,5,8,8730.00,10.00,62856.00
OI0003372,O001132,P0054,1,7,10100.00,5.00,67165.00
OI0003373,O001133,P0026,1,1,13420.00,0.00,13420.00
OI0003374,O001133,P0078,2,9,7660.00,0.00,68940.00
OI0003375,O001134,P0008,1,1,5830.00,10.00,5247.00
OI0003376,O001134,P0079,2,1,15570.00,10.00,14013.00
OI0003377,O001134,P0057,3,9,5170.00,15.00,39550.50
OI0003378,O001134,P0028,4,5,9080.00,10.00,40860.00
OI0003379,O001134,P0001,5,6,4300.00,0.00,25800.00
OI0003380,O001135,P0063,1,4,3720.00,5.00,14136.00
OI0003381,O001135,P0062,2,12,8730.00,5.00,99522.00
OI0003382,O001135,P0031,3,8,3650.00,10.00,26280.00
OI0003383,O001135,P0016,4,10,8740.00,0.00,87400.00
OI0003384,O001136,P0033,1,12,800.00,5.00,9120.00
OI0003385,O001136,P0051,2,1,12120.00,0.00,12120.00
OI0003386,O001136,P0048,3,8,12050.00,0.00,96400.00
OI0003387,O001136,P0024,4,4,11180.00,15.00,38012.00
OI0003388,O001137,P0021,1,12,17850.00,0.00,214200.00
OI0003389,O001137,P0075,2,6,14230.00,5.00,81111.00
OI0003390,O001137,P0059,3,10,14710.00,0.00,147100.00
OI0003391,O001137,P0060,4,6,8800.00,0.00,52800.00
OI0003392,O001138,P0068,1,2,2100.00,5.00,3990.00
OI0003393,O001138,P0050,2,11,14600.00,15.00,136510.00
OI0003394,O001138,P0023,3,10,12130.00,0.00,121300.00
OI0003395,O001138,P0059,4,5,14710.00,0.00,73550.00
OI0003396,O001139,P0051,1,2,12120.00,5.00,23028.00
OI0003397,O001139,P0056,2,7,10190.00,0.00,71330.00
OI0003398,O001139,P0053,3,8,16730.00,5.00,127148.00
OI0003399,O001139,P0050,4,11,14600.00,0.00,160600.00
OI0003400,O001140,P0077,1,7,14410.00,0.00,100870.00
OI0003401,O001140,P0025,2,10,13240.00,15.00,112540.00
OI0003402,O001140,P0006,3,5,570.00,15.00,2422.50
OI0003403,O001140,P0042,4,10,2830.00,0.00,28300.00
OI0003404,O001141,P0080,1,6,5590.00,0.00,33540.00
OI0003405,O001141,P0063,2,6,3720.00,0.00,22320.00
OI0003406,O001141,P0037,3,8,6650.00,0.00,53200.00
OI0003407,O001142,P0079,1,7,15570.00,10.00,98091.00
OI0003408,O001142,P0021,2,4,17850.00,15.00,60690.00
OI0003409,O001142,P0036,3,3,10120.00,0.00,30360.00
OI0003410,O001142,P0033,4,1,800.00,0.00,800.00
OI0003411,O001142,P0015,5,7,8020.00,0.00,56140.00
OI0003412,O001143,P0023,1,3,12130.00,15.00,30931.50
OI0003413,O001143,P0038,2,2,11890.00,10.00,21402.00
OI0003414,O001143,P0054,3,10,10100.00,0.00,101000.00
OI0003415,O001144,P0080,1,1,5590.00,0.00,5590.00
OI0003416,O001144,P0029,2,12,8380.00,0.00,100560.00
OI0003417,O001145,P0007,1,7,4920.00,0.00,34440.00
OI0003418,O001145,P0036,2,7,10120.00,0.00,70840.00
OI0003419,O001146,P0040,1,2,17530.00,10.00,31554.00
OI0003420,O001146,P0062,2,11,8730.00,10.00,86427.00
OI0003421,O001146,P0023,3,8,12130.00,10.00,87336.00
OI0003422,O001147,P0048,1,10,12050.00,5.00,114475.00
OI0003423,O001147,P0061,2,11,9420.00,0.00,103620.00
OI0003424,O001147,P0048,3,12,12050.00,0.00,144600.00
OI0003425,O001147,P0063,4,12,3720.00,0.00,44640.00
OI0003426,O001148,P0075,1,1,14230.00,5.00,13518.50
OI0003427,O001148,P0022,2,7,8500.00,0.00,59500.00
OI0003428,O001149,P0007,1,2,4920.00,5.00,9348.00
OI0003429,O001149,P0054,2,9,10100.00,15.00,77265.00
OI0003430,O001150,P0041,1,10,12490.00,0.00,124900.00
OI0003431,O001150,P0040,2,6,17530.00,0.00,105180.00
OI0003432,O001150,P0030,3,2,340.00,0.00,680.00
OI0003433,O001150,P0058,4,3,1830.00,15.00,4666.50
OI0003434,O001151,P0074,1,11,10020.00,5.00,104709.00
OI0003435,O001151,P0040,2,8,17530.00,0.00,140240.00
OI0003436,O001151,P0004,3,12,16440.00,0.00,197280.00
OI0003437,O001152,P0023,1,12,12130.00,5.00,138282.00
OI0003438,O001152,P0069,2,12,12320.00,15.00,125664.00
OI0003439,O001153,P0036,1,12,10120.00,0.00,121440.00
OI0003440,O001153,P0002,2,12,12930.00,15.00,131886.00
OI0003441,O001153,P0051,3,6,12120.00,10.00,65448.00
OI0003442,O001154,P0073,1,12,1430.00,15.00,14586.00
OI0003443,O001154,P0022,2,4,8500.00,0.00,34000.00
OI0003444,O001154,P0028,3,9,9080.00,0.00,81720.00
OI0003445,O001154,P0003,4,4,14640.00,10.00,52704.00
OI0003446,O001155,P0058,1,12,1830.00,15.00,18666.00
OI0003447,O001155,P0073,2,12,1430.00,5.00,16302.00
OI0003448,O001155,P0001,3,3,4300.00,0.00,12900.00
OI0003449,O001155,P0024,4,7,11180.00,0.00,78260.00
OI0003450,O001156,P0076,1,2,8140.00,10.00,14652.00
OI0003451,O001156,P0051,2,8,12120.00,15.00,82416.00
OI0003452,O001156,P0021,3,4,17850.00,0.00,71400.00
OI0003453,O001156,P0033,4,7,800.00,0.00,5600.00
OI0003454,O001156,P0076,5,6,8140.00,5.00,46398.00
OI0003455,O001157,P0053,1,12,16730.00,0.00,200760.00
OI0003456,O001157,P0080,2,1,5590.00,15.00,4751.50
OI0003457,O001157,P0048,3,1,12050.00,0.00,12050.00
OI0003458,O001157,P0048,4,5,12050.00,15.00,51212.50
OI0003459,O001157,P0042,5,8,2830.00,0.00,22640.00
OI0003460,O001158,P0066,1,7,11920.00,0.00,83440.00
OI0003461,O001159,P0070,1,3,13990.00,15.00,35674.50
OI0003462,O001160,P0041,1,6,12490.00,0.00,74940.00
OI0003463,O001160,P0069,2,2,12320.00,5.00,23408.00
OI0003464,O001160,P0034,3,7,10570.00,0.00,73990.00
OI0003465,O001161,P0064,1,7,8250.00,15.00,49087.50
OI0003466,O001161,P0051,2,10,12120.00,0.00,121200.00
OI0003467,O001161,P0021,3,8,17850.00,0.00,142800.00
OI0003468,O001162,P0034,1,2,10570.00,0.00,21140.00
OI0003469,O001162,P0063,2,2,3720.00,0.00,7440.00
OI0003470,O001163,P0030,1,6,340.00,0.00,2040.00
OI0003471,O001163,P0065,2,4,10680.00,10.00,38448.00
OI0003472,O001164,P0067,1,3,16160.00,0.00,48480.00
OI0003473,O001165,P0034,1,3,10570.00,15.00,26953.50
OI0003474,O001165,P0063,2,2,3720.00,0.00,7440.00
OI0003475,O001166,P0018,1,8,670.00,15.00,4556.00
OI0003476,O001166,P0011,2,4,6240.00,0.00,24960.00
OI0003477,O001167,P0019,1,10,7370.00,5.00,70015.00
OI0003478,O001167,P0007,2,2,4920.00,15.00,8364.00
OI0003479,O001167,P0051,3,8,12120.00,0.00,96960.00
OI0003480,O001168,P0070,1,11,13990.00,0.00,153890.00
OI0003481,O001168,P0049,2,4,16150.00,0.00,64600.00
OI0003482,O001168,P0015,3,9,8020.00,15.00,61353.00
OI0003483,O001168,P0075,4,11,14230.00,0.00,156530.00
OI0003484,O001169,P0079,1,12,15570.00,10.00,168156.00
OI0003485,O001170,P0040,1,2,17530.00,0.00,35060.00
OI0003486,O001170,P0023,2,6,12130.00,0.00,72780.00
OI0003487,O001170,P0015,3,4,8020.00,10.00,28872.00
OI0003488,O001170,P0018,4,7,670.00,0.00,4690.00
OI0003489,O001170,P0015,5,7,8020.00,0.00,56140.00
OI0003490,O001171,P0046,1,8,7120.00,0.00,56960.00
OI0003491,O001171,P0012,2,8,6280.00,15.00,42704.00
OI0003492,O001171,P0022,3,11,8500.00,5.00,88825.00
OI0003493,O001172,P0003,1,7,14640.00,15.00,87108.00
OI0003494,O001172,P0072,2,5,6730.00,15.00,28602.50
OI0003495,O001172,P0030,3,1,340.00,0.00,340.00
OI0003496,O001172,P0075,4,4,14230.00,0.00,56920.00
OI0003497,O001172,P0024,5,5,11180.00,0.00,55900.00
OI0003498,O001173,P0046,1,1,7120.00,15.00,6052.00
OI0003499,O001174,P0078,1,5,7660.00,0.00,38300.00
OI0003500,O001174,P0019,2,9,7370.00,0.00,66330.00
OI0003501,O001174,P0060,3,8,8800.00,0.00,70400.00
OI0003502,O001175,P0025,1,12,13240.00,0.00,158880.00
OI0003503,O001175,P0058,2,8,1830.00,0.00,14640.00
OI0003504,O001176,P0037,1,11,6650.00,10.00,65835.00
OI0003505,O001176,P0079,2,8,15570.00,0.00,124560.00
OI0003506,O001176,P0028,3,10,9080.00,15.00,77180.00
OI0003507,O001176,P0055,4,4,16840.00,15.00,57256.00
OI0003508,O001177,P0025,1,2,13240.00,10.00,23832.00
OI0003509,O001177,P0056,2,7,10190.00,0.00,71330.00
OI0003510,O001178,P0037,1,8,6650.00,5.00,50540.00
OI0003511,O001178,P0022,2,10,8500.00,15.00,72250.00
OI0003512,O001179,P0068,1,4,2100.00,0.00,8400.00
OI0003513,O001179,P0056,2,9,10190.00,10.00,82539.00
OI0003514,O001179,P0037,3,6,6650.00,0.00,39900.00
OI0003515,O001180,P0064,1,2,8250.00,0.00,16500.00
OI0003516,O001180,P0020,2,11,5780.00,0.00,63580.00
OI0003517,O001180,P0066,3,8,11920.00,0.00,95360.00
OI0003518,O001181,P0029,1,2,8380.00,0.00,16760.00
OI0003519,O001181,P0046,2,4,7120.00,0.00,28480.00
OI0003520,O001181,P0079,3,6,15570.00,0.00,93420.00
OI0003521,O001181,P0042,4,2,2830.00,5.00,5377.00
OI0003522,O001181,P0008,5,8,5830.00,0.00,46640.00
OI0003523,O001182,P0051,1,3,12120.00,0.00,36360.00
OI0003524,O001183,P0032,1,9,330.00,0.00,2970.00
OI0003525,O001183,P0039,2,8,3060.00,15.00,20808.00
OI0003526,O001184,P0010,1,5,3500.00,0.00,17500.00
OI0003527,O001184,P0053,2,6,16730.00,10.00,90342.00
OI0003528,O001184,P0025,3,3,13240.00,15.00,33762.00
OI0003529,O001185,P0007,1,7,4920.00,0.00,34440.00
OI0003530,O001185,P0028,2,5,9080.00,15.00,38590.00
OI0003531,O001185,P0059,3,9,14710.00,0.00,132390.00
OI0003532,O001185,P0009,4,9,5290.00,15.00,40468.50
OI0003533,O001186,P0009,1,2,5290.00,0.00,10580.00
OI0003534,O001186,P0047,2,12,2190.00,0.00,26280.00
OI0003535,O001186,P0060,3,3,8800.00,15.00,22440.00
OI0003536,O001186,P0013,4,10,9840.00,0.00,98400.00
OI0003537,O001187,P0026,1,8,13420.00,15.00,91256.00
OI0003538,O001187,P0051,2,8,12120.00,0.00,96960.00
OI0003539,O001187,P0075,3,6,14230.00,5.00,81111.00
OI0003540,O001188,P0037,1,3,6650.00,0.00,19950.00
OI0003541,O001188,P0046,2,3,7120.00,0.00,21360.00
OI0003542,O001189,P0052,1,5,13500.00,5.00,64125.00
OI0003543,O001189,P0055,2,4,16840.00,0.00,67360.00
OI0003544,O001190,P0020,1,9,5780.00,0.00,52020.00
OI0003545,O001191,P0041,1,6,12490.00,0.00,74940.00
OI0003546,O001191,P0008,2,11,5830.00,15.00,54510.50
OI0003547,O001191,P0044,3,1,13780.00,10.00,12402.00
OI0003548,O001192,P0073,1,1,1430.00,5.00,1358.50
OI0003549,O001193,P0007,1,11,4920.00,10.00,48708.00
OI0003550,O001193,P0075,2,12,14230.00,5.00,162222.00
OI0003551,O001193,P0058,3,3,1830.00,10.00,4941.00
OI0003552,O001194,P0027,1,2,4890.00,0.00,9780.00
OI0003553,O001194,P0034,2,11,10570.00,15.00,98829.50
OI0003554,O001194,P0019,3,2,7370.00,0.00,14740.00
OI0003555,O001194,P0030,4,8,340.00,0.00,2720.00
OI0003556,O001194,P0038,5,7,11890.00,10.00,74907.00
OI0003557,O001195,P0077,1,2,14410.00,5.00,27379.00
OI0003558,O001195,P0030,2,3,340.00,0.00,1020.00
OI0003559,O001195,P0074,3,3,10020.00,0.00,30060.00
OI0003560,O001195,P0016,4,4,8740.00,0.00,34960.00
OI0003561,O001196,P0045,1,2,14880.00,15.00,25296.00
OI0003562,O001196,P0021,2,10,17850.00,0.00,178500.00
OI0003563,O001196,P0042,3,11,2830.00,15.00,26460.50
OI0003564,O001196,P0018,4,2,670.00,15.00,1139.00
OI0003565,O001197,P0050,1,8,14600.00,15.00,99280.00
OI0003566,O001197,P0022,2,11,8500.00,5.00,88825.00
OI0003567,O001197,P0006,3,1,570.00,5.00,541.50
OI0003568,O001198,P0023,1,5,12130.00,10.00,54585.00
OI0003569,O001198,P0030,2,10,340.00,5.00,3230.00
OI0003570,O001198,P0005,3,3,3300.00,0.00,9900.00
OI0003571,O001198,P0033,4,7,800.00,0.00,5600.00
OI0003572,O001198,P0041,5,9,12490.00,0.00,112410.00
OI0003573,O001199,P0060,1,4,8800.00,0.00,35200.00
OI0003574,O001199,P0034,2,12,10570.00,0.00,126840.00
OI0003575,O001199,P0050,3,10,14600.00,5.00,138700.00
OI0003576,O001200,P0040,1,2,17530.00,0.00,35060.00
OI0003577,O001200,P0016,2,9,8740.00,5.00,74727.00
OI0003578,O001201,P0070,1,11,13990.00,5.00,146195.50
OI0003579,O001201,P0021,2,6,17850.00,10.00,96390.00
OI0003580,O001201,P0045,3,7,14880.00,0.00,104160.00
OI0003581,O001201,P0002,4,4,12930.00,0.00,51720.00
OI0003582,O001202,P0009,1,11,5290.00,10.00,52371.00
OI0003583,O001202,P0009,2,8,5290.00,0.00,42320.00
OI0003584,O001202,P0007,3,10,4920.00,0.00,49200.00
OI0003585,O001202,P0009,4,1,5290.00,10.00,4761.00
OI0003586,O001202,P0007,5,12,4920.00,0.00,59040.00
OI0003587,O001203,P0077,1,3,14410.00,0.00,43230.00
OI0003588,O001203,P0057,2,6,5170.00,0.00,31020.00
OI0003589,O001203,P0071,3,11,16680.00,10.00,165132.00
OI0003590,O001203,P0053,4,12,16730.00,0.00,200760.00
OI0003591,O001203,P0005,5,3,3300.00,10.00,8910.00
OI0003592,O001204,P0065,1,7,10680.00,0.00,74760.00
OI0003593,O001204,P0031,2,1,3650.00,0.00,3650.00
OI0003594,O001204,P0030,3,1,340.00,0.00,340.00
OI0003595,O001204,P0073,4,9,1430.00,0.00,12870.00
OI0003596,O001205,P0031,1,7,3650.00,0.00,25550.00
OI0003597,O001205,P0059,2,4,14710.00,10.00,52956.00
OI0003598,O001206,P0025,1,1,13240.00,15.00,11254.00
OI0003599,O001206,P0039,2,4,3060.00,0.00,12240.00
OI0003600,O001206,P0034,3,2,10570.00,5.00,20083.00
OI0003601,O001207,P0030,1,4,340.00,15.00,1156.00
OI0003602,O001207,P0055,2,4,16840.00,5.00,63992.00
OI0003603,O001207,P0014,3,7,14460.00,0.00,101220.00
OI0003604,O001208,P0061,1,1,9420.00,5.00,8949.00
OI0003605,O001209,P0070,1,8,13990.00,15.00,95132.00
OI0003606,O001209,P0003,2,9,14640.00,10.00,118584.00
OI0003607,O001209,P0059,3,5,14710.00,0.00,73550.00
OI0003608,O001210,P0038,1,1,11890.00,0.00,11890.00
OI0003609,O001210,P0063,2,10,3720.00,0.00,37200.00
OI0003610,O001210,P0046,3,7,7120.00,5.00,47348.00
OI0003611,O001210,P0045,4,6,14880.00,0.00,89280.00
OI0003612,O001210,P0077,5,11,14410.00,10.00,142659.00
OI0003613,O001211,P0025,1,3,13240.00,0.00,39720.00
OI0003614,O001212,P0046,1,4,7120.00,15.00,24208.00
OI0003615,O001212,P0053,2,12,16730.00,10.00,180684.00
OI0003616,O001212,P0054,3,2,10100.00,15.00,17170.00
OI0003617,O001212,P0010,4,12,3500.00,0.00,42000.00
OI0003618,O001213,P0071,1,12,16680.00,10.00,180144.00
OI0003619,O001214,P0067,1,8,16160.00,0.00,129280.00
OI0003620,O001214,P0064,2,1,8250.00,0.00,8250.00
OI0003621,O001214,P0028,3,1,9080.00,15.00,7718.00
OI0003622,O001215,P0014,1,8,14460.00,0.00,115680.00
OI0003623,O001215,P0065,2,2,10680.00,5.00,20292.00
OI0003624,O001216,P0054,1,4,10100.00,0.00,40400.00
OI0003625,O001217,P0031,1,9,3650.00,0.00,32850.00
OI0003626,O001218,P0039,1,4,3060.00,15.00,10404.00
OI0003627,O001218,P0052,2,11,13500.00,0.00,148500.00
OI0003628,O001219,P0035,1,2,14850.00,15.00,25245.00
OI0003629,O001220,P0052,1,10,13500.00,0.00,135000.00
OI0003630,O001220,P0062,2,1,8730.00,0.00,8730.00
OI0003631,O001220,P0071,3,3,16680.00,0.00,50040.00
OI0003632,O001220,P0066,4,11,11920.00,0.00,131120.00
OI0003633,O001220,P0067,5,2,16160.00,15.00,27472.00
OI0003634,O001221,P0015,1,2,8020.00,15.00,13634.00
OI0003635,O001222,P0029,1,10,8380.00,0.00,83800.00
OI0003636,O001222,P0075,2,2,14230.00,10.00,25614.00
OI0003637,O001222,P0071,3,4,16680.00,15.00,56712.00
OI0003638,O001222,P0011,4,2,6240.00,0.00,12480.00
OI0003639,O001222,P0074,5,4,10020.00,0.00,40080.00
OI0003640,O001223,P0054,1,1,10100.00,15.00,8585.00
OI0003641,O001223,P0059,2,7,14710.00,0.00,102970.00
OI0003642,O001223,P0079,3,10,15570.00,0.00,155700.00
OI0003643,O001223,P0042,4,7,2830.00,0.00,19810.00
OI0003644,O001224,P0004,1,2,16440.00,10.00,29592.00
OI0003645,O001224,P0079,2,2,15570.00,5.00,29583.00
OI0003646,O001224,P0002,3,6,12930.00,15.00,65943.00
OI0003647,O001224,P0066,4,12,11920.00,0.00,143040.00
OI0003648,O001225,P0049,1,2,16150.00,0.00,32300.00
OI0003649,O001225,P0034,2,5,10570.00,0.00,52850.00
OI0003650,O001225,P0064,3,1,8250.00,0.00,8250.00
OI0003651,O001226,P0065,1,9,10680.00,0.00,96120.00
OI0003652,O001226,P0023,2,3,12130.00,15.00,30931.50
OI0003653,O001227,P0030,1,9,340.00,5.00,2907.00
OI0003654,O001228,P0009,1,8,5290.00,0.00,42320.00
OI0003655,O001228,P0060,2,7,8800.00,15.00,52360.00
OI0003656,O001228,P0018,3,11,670.00,15.00,6264.50
OI0003657,O001228,P0070,4,1,13990.00,0.00,13990.00
OI0003658,O001228,P0057,5,7,5170.00,15.00,30761.50
OI0003659,O001229,P0036,1,1,10120.00,0.00,10120.00
OI0003660,O001230,P0040,1,1,17530.00,15.00,14900.50
OI0003661,O001230,P0039,2,12,3060.00,0.00,36720.00
OI0003662,O001230,P0004,3,1,16440.00,5.00,15618.00
OI0003663,O001230,P0046,4,10,7120.00,10.00,64080.00
OI0003664,O001231,P0071,1,5,16680.00,0.00,83400.00
OI0003665,O001232,P0013,1,12,9840.00,5.00,112176.00
OI0003666,O001232,P0067,2,11,16160.00,0.00,177760.00
OI0003667,O001233,P0010,1,1,3500.00,0.00,3500.00
OI0003668,O001233,P0071,2,6,16680.00,10.00,90072.00
OI0003669,O001234,P0075,1,5,14230.00,15.00,60477.50
OI0003670,O001234,P0007,2,9,4920.00,0.00,44280.00
OI0003671,O001234,P0040,3,4,17530.00,0.00,70120.00
OI0003672,O001234,P0047,4,8,2190.00,0.00,17520.00
OI0003673,O001234,P0042,5,4,2830.00,0.00,11320.00
OI0003674,O001235,P0027,1,10,4890.00,0.00,48900.00
OI0003675,O001236,P0063,1,8,3720.00,5.00,28272.00
OI0003676,O001237,P0058,1,2,1830.00,0.00,3660.00
OI0003677,O001237,P0010,2,9,3500.00,0.00,31500.00
OI0003678,O001237,P0001,3,5,4300.00,0.00,21500.00
OI0003679,O001238,P0046,1,12,7120.00,0.00,85440.00
OI0003680,O001238,P0070,2,10,13990.00,10.00,125910.00
OI0003681,O001238,P0015,3,12,8020.00,0.00,96240.00
OI0003682,O001238,P0079,4,11,15570.00,5.00,162706.50
OI0003683,O001238,P0064,5,4,8250.00,15.00,28050.00
OI0003684,O001239,P0023,1,12,12130.00,15.00,123726.00
OI0003685,O001239,P0040,2,9,17530.00,0.00,157770.00
OI0003686,O001240,P0011,1,3,6240.00,0.00,18720.00
OI0003687,O001240,P0040,2,9,17530.00,10.00,141993.00
OI0003688,O001240,P0080,3,3,5590.00,0.00,16770.00
OI0003689,O001241,P0028,1,1,9080.00,0.00,9080.00
OI0003690,O001242,P0068,1,12,2100.00,0.00,25200.00
OI0003691,O001242,P0041,2,3,12490.00,0.00,37470.00
OI0003692,O001242,P0025,3,6,13240.00,10.00,71496.00
OI0003693,O001242,P0027,4,12,4890.00,0.00,58680.00
OI0003694,O001242,P0013,5,12,9840.00,0.00,118080.00
OI0003695,O001243,P0031,1,12,3650.00,0.00,43800.00
OI0003696,O001243,P0028,2,6,9080.00,0.00,54480.00
OI0003697,O001243,P0043,3,9,9450.00,10.00,76545.00
OI0003698,O001243,P0040,4,7,17530.00,10.00,110439.00
OI0003699,O001244,P0007,1,9,4920.00,15.00,37638.00
OI0003700,O001244,P0042,2,6,2830.00,0.00,16980.00
OI0003701,O001244,P0042,3,11,2830.00,0.00,31130.00
OI0003702,O001244,P0019,4,9,7370.00,0.00,66330.00
OI0003703,O001245,P0035,1,8,14850.00,5.00,112860.00
OI0003704,O001245,P0048,2,10,12050.00,15.00,102425.00
OI0003705,O001245,P0031,3,9,3650.00,10.00,29565.00
OI0003706,O001246,P0018,1,6,670.00,15.00,3417.00
OI0003707,O001246,P0067,2,5,16160.00,0.00,80800.00
OI0003708,O001246,P0036,3,2,10120.00,0.00,20240.00
OI0003709,O001246,P0078,4,7,7660.00,0.00,53620.00
OI0003710,O001246,P0041,5,12,12490.00,0.00,149880.00
OI0003711,O001247,P0023,1,2,12130.00,0.00,24260.00
OI0003712,O001247,P0016,2,5,8740.00,15.00,37145.00
OI0003713,O001247,P0010,3,10,3500.00,15.00,29750.00
OI0003714,O001247,P0042,4,5,2830.00,0.00,14150.00
OI0003715,O001248,P0075,1,7,14230.00,0.00,99610.00
OI0003716,O001248,P0022,2,11,8500.00,10.00,84150.00
OI0003717,O001249,P0055,1,4,16840.00,5.00,63992.00
OI0003718,O001249,P0062,2,1,8730.00,5.00,8293.50
OI0003719,O001249,P0077,3,6,14410.00,0.00,86460.00
OI0003720,O001250,P0007,1,1,4920.00,5.00,4674.00
OI0003721,O001250,P0011,2,11,6240.00,0.00,68640.00
OI0003722,O001250,P0026,3,8,13420.00,5.00,101992.00
OI0003723,O001250,P0072,4,9,6730.00,0.00,60570.00
OI0003724,O001251,P0071,1,6,16680.00,5.00,95076.00
OI0003725,O001252,P0052,1,2,13500.00,15.00,22950.00
OI0003726,O001253,P0020,1,7,5780.00,0.00,40460.00
OI0003727,O001253,P0018,2,6,670.00,0.00,4020.00
OI0003728,O001254,P0075,1,1,14230.00,0.00,14230.00
OI0003729,O001254,P0010,2,6,3500.00,10.00,18900.00
OI0003730,O001254,P0028,3,3,9080.00,0.00,27240.00
OI0003731,O001254,P0009,4,3,5290.00,10.00,14283.00
OI0003732,O001254,P0030,5,12,340.00,0.00,4080.00
OI0003733,O001255,P0016,1,8,8740.00,0.00,69920.00
OI0003734,O001255,P0004,2,8,16440.00,0.00,131520.00
OI0003735,O001255,P0029,3,8,8380.00,0.00,67040.00
OI0003736,O001255,P0030,4,2,340.00,0.00,680.00
OI0003737,O001256,P0033,1,12,800.00,15.00,8160.00
OI0003738,O001256,P0061,2,3,9420.00,10.00,25434.00
OI0003739,O001256,P0062,3,11,8730.00,15.00,81625.50
OI0003740,O001256,P0034,4,9,10570.00,0.00,95130.00
OI0003741,O001257,P0048,1,8,12050.00,0.00,96400.00
OI0003742,O001258,P0008,1,1,5830.00,10.00,5247.00
OI0003743,O001258,P0024,2,8,11180.00,0.00,89440.00
OI0003744,O001258,P0043,3,8,9450.00,10.00,68040.00
OI0003745,O001258,P0048,4,10,12050.00,0.00,120500.00
OI0003746,O001258,P0055,5,3,16840.00,10.00,45468.00
OI0003747,O001259,P0018,1,1,670.00,0.00,670.00
OI0003748,O001259,P0009,2,4,5290.00,0.00,21160.00
OI0003749,O001259,P0060,3,1,8800.00,0.00,8800.00
OI0003750,O001260,P0051,1,3,12120.00,5.00,34542.00
OI0003751,O001260,P0075,2,7,14230.00,0.00,99610.00
OI0003752,O001261,P0005,1,5,3300.00,0.00,16500.00
OI0003753,O001261,P0039,2,3,3060.00,0.00,9180.00
OI0003754,O001261,P0029,3,4,8380.00,0.00,33520.00
OI0003755,O001261,P0046,4,6,7120.00,0.00,42720.00
OI0003756,O001261,P0074,5,2,10020.00,0.00,20040.00
OI0003757,O001262,P0074,1,1,10020.00,15.00,8517.00
OI0003758,O001262,P0019,2,11,7370.00,0.00,81070.00
OI0003759,O001263,P0005,1,8,3300.00,0.00,26400.00
OI0003760,O001263,P0069,2,5,12320.00,15.00,52360.00
OI0003761,O001263,P0016,3,5,8740.00,10.00,39330.00
OI0003762,O001264,P0075,1,3,14230.00,0.00,42690.00
OI0003763,O001264,P0072,2,6,6730.00,0.00,40380.00
OI0003764,O001264,P0052,3,4,13500.00,10.00,48600.00
OI0003765,O001264,P0047,4,7,2190.00,5.00,14563.50
OI0003766,O001264,P0051,5,9,12120.00,5.00,103626.00
OI0003767,O001265,P0028,1,9,9080.00,0.00,81720.00
OI0003768,O001266,P0042,1,6,2830.00,15.00,14433.00
OI0003769,O001267,P0070,1,6,13990.00,0.00,83940.00
OI0003770,O001267,P0001,2,11,4300.00,15.00,40205.00
OI0003771,O001268,P0054,1,6,10100.00,5.00,57570.00
OI0003772,O001268,P0059,2,12,14710.00,15.00,150042.00
OI0003773,O001268,P0044,3,2,13780.00,0.00,27560.00
OI0003774,O001269,P0073,1,6,1430.00,0.00,8580.00
OI0003775,O001270,P0079,1,2,15570.00,0.00,31140.00
OI0003776,O001270,P0016,2,12,8740.00,5.00,99636.00
OI0003777,O001270,P0058,3,12,1830.00,0.00,21960.00
OI0003778,O001270,P0011,4,10,6240.00,5.00,59280.00
OI0003779,O001270,P0018,5,12,670.00,0.00,8040.00
OI0003780,O001271,P0035,1,2,14850.00,10.00,26730.00
OI0003781,O001271,P0066,2,6,11920.00,15.00,60792.00
OI0003782,O001271,P0003,3,4,14640.00,15.00,49776.00
OI0003783,O001271,P0032,4,3,330.00,0.00,990.00
OI0003784,O001272,P0008,1,2,5830.00,15.00,9911.00
OI0003785,O001272,P0014,2,9,14460.00,5.00,123633.00
OI0003786,O001272,P0002,3,3,12930.00,5.00,36850.50
OI0003787,O001272,P0077,4,10,14410.00,0.00,144100.00
OI0003788,O001272,P0063,5,7,3720.00,10.00,23436.00
OI0003789,O001273,P0034,1,9,10570.00,10.00,85617.00
OI0003790,O001273,P0020,2,11,5780.00,0.00,63580.00
OI0003791,O001273,P0023,3,12,12130.00,15.00,123726.00
OI0003792,O001273,P0061,4,11,9420.00,5.00,98439.00
OI0003793,O001274,P0014,1,10,14460.00,0.00,144600.00
OI0003794,O001275,P0013,1,3,9840.00,0.00,29520.00
OI0003795,O001275,P0004,2,7,16440.00,15.00,97818.00
OI0003796,O001275,P0045,3,11,14880.00,10.00,147312.00
OI0003797,O001275,P0075,4,4,14230.00,0.00,56920.00
OI0003798,O001276,P0032,1,1,330.00,10.00,297.00
OI0003799,O001276,P0042,2,6,2830.00,10.00,15282.00
OI0003800,O001276,P0042,3,6,2830.00,5.00,16131.00
OI0003801,O001277,P0024,1,2,11180.00,15.00,19006.00
OI0003802,O001277,P0022,2,6,8500.00,0.00,51000.00
OI0003803,O001277,P0060,3,8,8800.00,0.00,70400.00
OI0003804,O001277,P0007,4,9,4920.00,5.00,42066.00
OI0003805,O001278,P0074,1,2,10020.00,0.00,20040.00
OI0003806,O001278,P0007,2,10,4920.00,0.00,49200.00
OI0003807,O001279,P0079,1,7,15570.00,0.00,108990.00
OI0003808,O001280,P0063,1,7,3720.00,0.00,26040.00
OI0003809,O001280,P0002,2,9,12930.00,5.00,110551.50
OI0003810,O001280,P0038,3,11,11890.00,0.00,130790.00
OI0003811,O001281,P0075,1,10,14230.00,0.00,142300.00
OI0003812,O001281,P0042,2,11,2830.00,0.00,31130.00
OI0003813,O001281,P0018,3,10,670.00,0.00,6700.00
OI0003814,O001282,P0058,1,12,1830.00,15.00,18666.00
OI0003815,O001283,P0014,1,5,14460.00,0.00,72300.00
OI0003816,O001283,P0060,2,2,8800.00,0.00,17600.00
OI0003817,O001283,P0047,3,7,2190.00,15.00,13030.50
OI0003818,O001283,P0007,4,5,4920.00,10.00,22140.00
OI0003819,O001284,P0034,1,11,10570.00,0.00,116270.00
OI0003820,O001284,P0010,2,9,3500.00,10.00,28350.00
OI0003821,O001284,P0039,3,8,3060.00,15.00,20808.00
OI0003822,O001285,P0062,1,2,8730.00,10.00,15714.00
OI0003823,O001285,P0015,2,2,8020.00,15.00,13634.00
OI0003824,O001286,P0058,1,11,1830.00,0.00,20130.00
OI0003825,O001286,P0025,2,5,13240.00,0.00,66200.00
OI0003826,O001286,P0038,3,6,11890.00,10.00,64206.00
OI0003827,O001287,P0049,1,8,16150.00,10.00,116280.00
OI0003828,O001287,P0008,2,9,5830.00,0.00,52470.00
OI0003829,O001287,P0037,3,12,6650.00,0.00,79800.00
OI0003830,O001287,P0044,4,10,13780.00,5.00,130910.00
OI0003831,O001287,P0010,5,10,3500.00,0.00,35000.00
OI0003832,O001288,P0012,1,4,6280.00,10.00,22608.00
OI0003833,O001288,P0016,2,8,8740.00,0.00,69920.00
OI0003834,O001288,P0076,3,12,8140.00,15.00,83028.00
OI0003835,O001288,P0019,4,2,7370.00,15.00,12529.00
OI0003836,O001288,P0012,5,4,6280.00,10.00,22608.00
OI0003837,O001289,P0021,1,1,17850.00,0.00,17850.00
OI0003838,O001289,P0001,2,3,4300.00,0.00,12900.00
OI0003839,O001289,P0022,3,11,8500.00,5.00,88825.00
OI0003840,O001289,P0029,4,8,8380.00,0.00,67040.00
OI0003841,O001290,P0051,1,3,12120.00,10.00,32724.00
OI0003842,O001290,P0058,2,5,1830.00,0.00,9150.00
OI0003843,O001290,P0057,3,1,5170.00,5.00,4911.50
OI0003844,O001290,P0033,4,10,800.00,5.00,7600.00
OI0003845,O001291,P0032,1,9,330.00,0.00,2970.00
OI0003846,O001291,P0010,2,12,3500.00,10.00,37800.00
OI0003847,O001291,P0049,3,4,16150.00,5.00,61370.00
OI0003848,O001292,P0003,1,8,14640.00,0.00,117120.00
OI0003849,O001292,P0011,2,9,6240.00,10.00,50544.00
OI0003850,O001293,P0080,1,7,5590.00,5.00,37173.50
OI0003851,O001294,P0034,1,5,10570.00,15.00,44922.50
OI0003852,O001294,P0062,2,9,8730.00,15.00,66784.50
OI0003853,O001294,P0075,3,1,14230.00,15.00,12095.50
OI0003854,O001294,P0018,4,3,670.00,0.00,2010.00
OI0003855,O001294,P0024,5,3,11180.00,0.00,33540.00
OI0003856,O001295,P0021,1,12,17850.00,0.00,214200.00
OI0003857,O001296,P0060,1,3,8800.00,0.00,26400.00
OI0003858,O001296,P0021,2,2,17850.00,0.00,35700.00
OI0003859,O001296,P0068,3,4,2100.00,5.00,7980.00
OI0003860,O001296,P0074,4,8,10020.00,15.00,68136.00
OI0003861,O001296,P0032,5,6,330.00,15.00,1683.00
OI0003862,O001297,P0017,1,6,3480.00,15.00,17748.00
OI0003863,O001297,P0071,2,7,16680.00,0.00,116760.00
OI0003864,O001297,P0021,3,3,17850.00,10.00,48195.00
OI0003865,O001297,P0076,4,2,8140.00,0.00,16280.00
OI0003866,O001298,P0036,1,5,10120.00,10.00,45540.00
OI0003867,O001298,P0041,2,1,12490.00,0.00,12490.00
OI0003868,O001298,P0075,3,1,14230.00,0.00,14230.00
OI0003869,O001298,P0001,4,5,4300.00,15.00,18275.00
OI0003870,O001298,P0051,5,1,12120.00,15.00,10302.00
OI0003871,O001299,P0033,1,8,800.00,0.00,6400.00
OI0003872,O001299,P0070,2,1,13990.00,0.00,13990.00
OI0003873,O001299,P0067,3,4,16160.00,0.00,64640.00
OI0003874,O001300,P0023,1,10,12130.00,0.00,121300.00
OI0003875,O001300,P0068,2,1,2100.00,15.00,1785.00
OI0003876,O001301,P0001,1,1,4300.00,0.00,4300.00
OI0003877,O001301,P0066,2,3,11920.00,15.00,30396.00
OI0003878,O001301,P0079,3,9,15570.00,10.00,126117.00
OI0003879,O001301,P0062,4,4,8730.00,15.00,29682.00
OI0003880,O001301,P0027,5,2,4890.00,0.00,9780.00
OI0003881,O001302,P0019,1,7,7370.00,0.00,51590.00
OI0003882,O001302,P0044,2,5,13780.00,0.00,68900.00
OI0003883,O001302,P0009,3,5,5290.00,15.00,22482.50
OI0003884,O001303,P0001,1,5,4300.00,5.00,20425.00
OI0003885,O001303,P0056,2,12,10190.00,15.00,103938.00
OI0003886,O001304,P0066,1,12,11920.00,0.00,143040.00
OI0003887,O001304,P0050,2,2,14600.00,0.00,29200.00
OI0003888,O001304,P0078,3,8,7660.00,15.00,52088.00
OI0003889,O001304,P0038,4,5,11890.00,5.00,56477.50
OI0003890,O001304,P0032,5,3,330.00,0.00,990.00
OI0003891,O001305,P0050,1,1,14600.00,5.00,13870.00
OI0003892,O001305,P0010,2,10,3500.00,5.00,33250.00
OI0003893,O001305,P0004,3,4,16440.00,0.00,65760.00
OI0003894,O001306,P0031,1,10,3650.00,0.00,36500.00
OI0003895,O001306,P0025,2,7,13240.00,0.00,92680.00
OI0003896,O001306,P0018,3,4,670.00,0.00,2680.00
OI0003897,O001307,P0058,1,4,1830.00,0.00,7320.00
OI0003898,O001307,P0006,2,8,570.00,15.00,3876.00
OI0003899,O001307,P0017,3,7,3480.00,0.00,24360.00
OI0003900,O001308,P0075,1,12,14230.00,15.00,145146.00
OI0003901,O001309,P0057,1,4,5170.00,0.00,20680.00
OI0003902,O001309,P0077,2,1,14410.00,5.00,13689.50
OI0003903,O001309,P0049,3,1,16150.00,0.00,16150.00
OI0003904,O001310,P0027,1,4,4890.00,5.00,18582.00
OI0003905,O001310,P0080,2,7,5590.00,15.00,33260.50
OI0003906,O001310,P0064,3,8,8250.00,5.00,62700.00
OI0003907,O001310,P0061,4,5,9420.00,10.00,42390.00
OI0003908,O001311,P0058,1,8,1830.00,5.00,13908.00
OI0003909,O001312,P0054,1,12,10100.00,5.00,115140.00
OI0003910,O001312,P0065,2,4,10680.00,0.00,42720.00
OI0003911,O001312,P0078,3,10,7660.00,0.00,76600.00
OI0003912,O001312,P0016,4,8,8740.00,5.00,66424.00
OI0003913,O001313,P0073,1,9,1430.00,10.00,11583.00
OI0003914,O001313,P0073,2,5,1430.00,5.00,6792.50
OI0003915,O001313,P0006,3,9,570.00,0.00,5130.00
OI0003916,O001313,P0023,4,8,12130.00,0.00,97040.00
OI0003917,O001313,P0060,5,2,8800.00,0.00,17600.00
OI0003918,O001314,P0019,1,2,7370.00,5.00,14003.00
OI0003919,O001314,P0068,2,1,2100.00,0.00,2100.00
OI0003920,O001314,P0031,3,1,3650.00,10.00,3285.00
OI0003921,O001314,P0072,4,6,6730.00,15.00,34323.00
OI0003922,O001314,P0008,5,5,5830.00,0.00,29150.00
OI0003923,O001315,P0070,1,12,13990.00,0.00,167880.00
OI0003924,O001315,P0059,2,9,14710.00,10.00,119151.00
OI0003925,O001315,P0015,3,5,8020.00,5.00,38095.00
OI0003926,O001315,P0023,4,6,12130.00,0.00,72780.00
OI0003927,O001316,P0027,1,9,4890.00,10.00,39609.00
OI0003928,O001316,P0016,2,11,8740.00,0.00,96140.00
OI0003929,O001316,P0037,3,7,6650.00,0.00,46550.00
OI0003930,O001316,P0036,4,4,10120.00,0.00,40480.00
OI0003931,O001316,P0075,5,12,14230.00,5.00,162222.00
OI0003932,O001317,P0010,1,8,3500.00,15.00,23800.00
OI0003933,O001317,P0080,2,5,5590.00,5.00,26552.50
OI0003934,O001318,P0070,1,11,13990.00,5.00,146195.50
OI0003935,O001318,P0044,2,1,13780.00,0.00,13780.00
OI0003936,O001319,P0077,1,11,14410.00,0.00,158510.00
OI0003937,O001319,P0063,2,3,3720.00,0.00,11160.00
OI0003938,O001319,P0043,3,3,9450.00,5.00,26932.50
OI0003939,O001319,P0014,4,2,14460.00,0.00,28920.00
OI0003940,O001319,P0072,5,12,6730.00,0.00,80760.00
OI0003941,O001320,P0059,1,4,14710.00,5.00,55898.00
OI0003942,O001320,P0022,2,11,8500.00,5.00,88825.00
OI0003943,O001321,P0040,1,10,17530.00,0.00,175300.00
OI0003944,O001321,P0069,2,12,12320.00,15.00,125664.00
OI0003945,O001321,P0015,3,8,8020.00,0.00,64160.00
OI0003946,O001321,P0060,4,5,8800.00,0.00,44000.00
OI0003947,O001322,P0034,1,3,10570.00,10.00,28539.00
OI0003948,O001322,P0001,2,5,4300.00,5.00,20425.00
OI0003949,O001322,P0008,3,7,5830.00,0.00,40810.00
OI0003950,O001322,P0061,4,7,9420.00,10.00,59346.00
OI0003951,O001323,P0078,1,6,7660.00,10.00,41364.00
OI0003952,O001323,P0059,2,12,14710.00,0.00,176520.00
OI0003953,O001323,P0042,3,2,2830.00,15.00,4811.00
OI0003954,O001323,P0032,4,8,330.00,15.00,2244.00
OI0003955,O001323,P0071,5,3,16680.00,15.00,42534.00
OI0003956,O001324,P0027,1,8,4890.00,10.00,35208.00
OI0003957,O001324,P0003,2,11,14640.00,0.00,161040.00
OI0003958,O001325,P0020,1,12,5780.00,5.00,65892.00
OI0003959,O001325,P0028,2,3,9080.00,0.00,27240.00
OI0003960,O001326,P0070,1,5,13990.00,15.00,59457.50
OI0003961,O001326,P0073,2,4,1430.00,0.00,5720.00
OI0003962,O001326,P0013,3,5,9840.00,0.00,49200.00
OI0003963,O001327,P0043,1,4,9450.00,15.00,32130.00
OI0003964,O001327,P0038,2,7,11890.00,5.00,79068.50
OI0003965,O001327,P0041,3,1,12490.00,5.00,11865.50
OI0003966,O001327,P0010,4,4,3500.00,0.00,14000.00
OI0003967,O001327,P0075,5,4,14230.00,10.00,51228.00
OI0003968,O001328,P0062,1,9,8730.00,10.00,70713.00
OI0003969,O001328,P0062,2,5,8730.00,10.00,39285.00
OI0003970,O001328,P0030,3,7,340.00,0.00,2380.00
OI0003971,O001329,P0013,1,3,9840.00,10.00,26568.00
OI0003972,O001329,P0055,2,12,16840.00,10.00,181872.00
OI0003973,O001329,P0031,3,3,3650.00,0.00,10950.00
OI0003974,O001329,P0020,4,6,5780.00,15.00,29478.00
OI0003975,O001330,P0012,1,11,6280.00,0.00,69080.00
OI0003976,O001331,P0024,1,11,11180.00,0.00,122980.00
OI0003977,O001331,P0040,2,7,17530.00,0.00,122710.00
OI0003978,O001331,P0044,3,7,13780.00,0.00,96460.00
OI0003979,O001332,P0028,1,10,9080.00,15.00,77180.00
OI0003980,O001332,P0066,2,2,11920.00,0.00,23840.00
OI0003981,O001332,P0079,3,10,15570.00,5.00,147915.00
OI0003982,O001332,P0007,4,10,4920.00,0.00,49200.00
OI0003983,O001332,P0028,5,5,9080.00,5.00,43130.00
OI0003984,O001333,P0053,1,12,16730.00,0.00,200760.00
OI0003985,O001334,P0066,1,4,11920.00,0.00,47680.00
OI0003986,O001335,P0034,1,3,10570.00,5.00,30124.50
OI0003987,O001335,P0009,2,10,5290.00,0.00,52900.00
OI0003988,O001335,P0039,3,9,3060.00,0.00,27540.00
OI0003989,O001336,P0060,1,12,8800.00,0.00,105600.00
OI0003990,O001336,P0012,2,1,6280.00,0.00,6280.00
OI0003991,O001336,P0077,3,9,14410.00,0.00,129690.00
OI0003992,O001336,P0048,4,8,12050.00,0.00,96400.00
OI0003993,O001336,P0080,5,4,5590.00,0.00,22360.00
OI0003994,O001337,P0024,1,11,11180.00,0.00,122980.00
OI0003995,O001337,P0072,2,8,6730.00,0.00,53840.00
OI0003996,O001337,P0079,3,5,15570.00,5.00,73957.50
OI0003997,O001337,P0011,4,12,6240.00,10.00,67392.00
OI0003998,O001337,P0058,5,5,1830.00,5.00,8692.50
OI0003999,O001338,P0039,1,3,3060.00,15.00,7803.00
OI0004000,O001338,P0006,2,12,570.00,0.00,6840.00
OI0004001,O001338,P0006,3,8,570.00,10.00,4104.00
OI0004002,O001339,P0060,1,7,8800.00,10.00,55440.00
OI0004003,O001339,P0065,2,8,10680.00,0.00,85440.00
OI0004004,O001339,P0046,3,10,7120.00,10.00,64080.00
OI0004005,O001340,P0025,1,3,13240.00,10.00,35748.00
OI0004006,O001340,P0004,2,12,16440.00,10.00,177552.00
OI0004007,O001340,P0069,3,10,12320.00,5.00,117040.00
OI0004008,O001341,P0042,1,5,2830.00,10.00,12735.00
OI0004009,O001341,P0038,2,8,11890.00,5.00,90364.00
OI0004010,O001341,P0075,3,4,14230.00,15.00,48382.00
OI0004011,O001342,P0057,1,6,5170.00,0.00,31020.00
OI0004012,O001342,P0078,2,7,7660.00,15.00,45577.00
OI0004013,O001342,P0074,3,8,10020.00,10.00,72144.00
OI0004014,O001342,P0048,4,7,12050.00,10.00,75915.00
OI0004015,O001342,P0020,5,2,5780.00,0.00,11560.00
OI0004016,O001343,P0061,1,10,9420.00,0.00,94200.00
OI0004017,O001344,P0034,1,4,10570.00,0.00,42280.00
OI0004018,O001344,P0023,2,8,12130.00,15.00,82484.00
OI0004019,O001344,P0061,3,5,9420.00,0.00,47100.00
OI0004020,O001345,P0037,1,10,6650.00,0.00,66500.00
OI0004021,O001345,P0050,2,5,14600.00,0.00,73000.00
OI0004022,O001345,P0055,3,1,16840.00,0.00,16840.00
OI0004023,O001346,P0025,1,6,13240.00,5.00,75468.00
OI0004024,O001346,P0076,2,4,8140.00,15.00,27676.00
OI0004025,O001346,P0051,3,5,12120.00,5.00,57570.00
OI0004026,O001346,P0040,4,4,17530.00,5.00,66614.00
OI0004027,O001346,P0069,5,4,12320.00,15.00,41888.00
OI0004028,O001347,P0022,1,12,8500.00,5.00,96900.00
OI0004029,O001348,P0068,1,11,2100.00,0.00,23100.00
OI0004030,O001348,P0024,2,5,11180.00,15.00,47515.00
OI0004031,O001348,P0074,3,8,10020.00,0.00,80160.00
OI0004032,O001348,P0074,4,12,10020.00,0.00,120240.00
OI0004033,O001348,P0043,5,8,9450.00,5.00,71820.00
OI0004034,O001349,P0063,1,6,3720.00,0.00,22320.00
OI0004035,O001349,P0018,2,12,670.00,15.00,6834.00
OI0004036,O001349,P0047,3,7,2190.00,0.00,15330.00
OI0004037,O001349,P0027,4,12,4890.00,5.00,55746.00
OI0004038,O001349,P0017,5,8,3480.00,10.00,25056.00
OI0004039,O001350,P0080,1,3,5590.00,0.00,16770.00
OI0004040,O001350,P0044,2,9,13780.00,15.00,105417.00
OI0004041,O001350,P0040,3,11,17530.00,0.00,192830.00
OI0004042,O001350,P0001,4,4,4300.00,0.00,17200.00
OI0004043,O001350,P0013,5,10,9840.00,0.00,98400.00
OI0004044,O001351,P0030,1,1,340.00,10.00,306.00
OI0004045,O001351,P0036,2,9,10120.00,0.00,91080.00
OI0004046,O001351,P0023,3,3,12130.00,0.00,36390.00
OI0004047,O001352,P0009,1,2,5290.00,0.00,10580.00
OI0004048,O001353,P0004,1,6,16440.00,0.00,98640.00
OI0004049,O001353,P0036,2,6,10120.00,5.00,57684.00
OI0004050,O001353,P0025,3,2,13240.00,0.00,26480.00
OI0004051,O001354,P0006,1,8,570.00,10.00,4104.00
OI0004052,O001354,P0046,2,4,7120.00,0.00,28480.00
OI0004053,O001354,P0011,3,10,6240.00,0.00,62400.00
OI0004054,O001354,P0041,4,9,12490.00,0.00,112410.00
OI0004055,O001354,P0004,5,10,16440.00,0.00,164400.00
OI0004056,O001355,P0057,1,12,5170.00,0.00,62040.00
OI0004057,O001356,P0055,1,5,16840.00,0.00,84200.00
OI0004058,O001356,P0075,2,4,14230.00,0.00,56920.00
OI0004059,O001356,P0061,3,3,9420.00,0.00,28260.00
OI0004060,O001356,P0019,4,11,7370.00,0.00,81070.00
OI0004061,O001356,P0034,5,3,10570.00,0.00,31710.00
OI0004062,O001357,P0078,1,7,7660.00,10.00,48258.00
OI0004063,O001357,P0065,2,4,10680.00,0.00,42720.00
OI0004064,O001357,P0024,3,7,11180.00,0.00,78260.00
OI0004065,O001358,P0033,1,12,800.00,5.00,9120.00
OI0004066,O001359,P0055,1,8,16840.00,5.00,127984.00
OI0004067,O001359,P0021,2,4,17850.00,0.00,71400.00
OI0004068,O001359,P0067,3,9,16160.00,0.00,145440.00
OI0004069,O001359,P0060,4,3,8800.00,15.00,22440.00
OI0004070,O001360,P0015,1,8,8020.00,15.00,54536.00
OI0004071,O001361,P0019,1,10,7370.00,15.00,62645.00
OI0004072,O001361,P0075,2,6,14230.00,0.00,85380.00
OI0004073,O001361,P0024,3,3,11180.00,0.00,33540.00
OI0004074,O001361,P0030,4,7,340.00,15.00,2023.00
OI0004075,O001361,P0057,5,10,5170.00,0.00,51700.00
OI0004076,O001362,P0025,1,2,13240.00,10.00,23832.00
OI0004077,O001362,P0015,2,4,8020.00,0.00,32080.00
OI0004078,O001362,P0030,3,12,340.00,5.00,3876.00
OI0004079,O001362,P0069,4,1,12320.00,15.00,10472.00
OI0004080,O001362,P0060,5,6,8800.00,0.00,52800.00
OI0004081,O001363,P0030,1,10,340.00,0.00,3400.00
OI0004082,O001363,P0019,2,2,7370.00,10.00,13266.00
OI0004083,O001363,P0052,3,10,13500.00,0.00,135000.00
OI0004084,O001363,P0015,4,8,8020.00,15.00,54536.00
OI0004085,O001363,P0037,5,4,6650.00,0.00,26600.00
OI0004086,O001364,P0054,1,4,10100.00,0.00,40400.00
OI0004087,O001364,P0043,2,11,9450.00,0.00,103950.00
OI0004088,O001365,P0049,1,12,16150.00,0.00,193800.00
OI0004089,O001365,P0037,2,10,6650.00,10.00,59850.00
OI0004090,O001365,P0022,3,11,8500.00,0.00,93500.00
OI0004091,O001365,P0056,4,6,10190.00,0.00,61140.00
OI0004092,O001366,P0036,1,8,10120.00,0.00,80960.00
OI0004093,O001366,P0049,2,10,16150.00,0.00,161500.00
OI0004094,O001367,P0033,1,5,800.00,0.00,4000.00
OI0004095,O001367,P0075,2,9,14230.00,0.00,128070.00
OI0004096,O001367,P0037,3,12,6650.00,10.00,71820.00
OI0004097,O001367,P0063,4,10,3720.00,0.00,37200.00
OI0004098,O001367,P0005,5,4,3300.00,0.00,13200.00
OI0004099,O001368,P0075,1,4,14230.00,10.00,51228.00
OI0004100,O001368,P0045,2,10,14880.00,0.00,148800.00
OI0004101,O001369,P0017,1,4,3480.00,10.00,12528.00
OI0004102,O001370,P0036,1,9,10120.00,5.00,86526.00
OI0004103,O001370,P0027,2,1,4890.00,0.00,4890.00
OI0004104,O001370,P0070,3,6,13990.00,15.00,71349.00
OI0004105,O001370,P0038,4,2,11890.00,0.00,23780.00
OI0004106,O001371,P0078,1,4,7660.00,5.00,29108.00
OI0004107,O001372,P0061,1,10,9420.00,15.00,80070.00
OI0004108,O001372,P0018,2,1,670.00,0.00,670.00
OI0004109,O001373,P0041,1,12,12490.00,10.00,134892.00
OI0004110,O001374,P0065,1,8,10680.00,0.00,85440.00
OI0004111,O001374,P0059,2,5,14710.00,0.00,73550.00
OI0004112,O001374,P0066,3,5,11920.00,15.00,50660.00
OI0004113,O001375,P0065,1,3,10680.00,0.00,32040.00
OI0004114,O001375,P0035,2,9,14850.00,5.00,126967.50
OI0004115,O001376,P0016,1,11,8740.00,0.00,96140.00
OI0004116,O001376,P0017,2,3,3480.00,10.00,9396.00
OI0004117,O001376,P0004,3,5,16440.00,0.00,82200.00
OI0004118,O001376,P0051,4,8,12120.00,5.00,92112.00
OI0004119,O001377,P0018,1,4,670.00,15.00,2278.00
OI0004120,O001377,P0059,2,8,14710.00,15.00,100028.00
OI0004121,O001377,P0063,3,5,3720.00,0.00,18600.00
OI0004122,O001377,P0039,4,9,3060.00,0.00,27540.00
OI0004123,O001377,P0063,5,2,3720.00,15.00,6324.00
OI0004124,O001378,P0015,1,12,8020.00,15.00,81804.00
OI0004125,O001378,P0042,2,8,2830.00,0.00,22640.00
OI0004126,O001378,P0062,3,12,8730.00,5.00,99522.00
OI0004127,O001378,P0027,4,7,4890.00,15.00,29095.50
OI0004128,O001378,P0054,5,7,10100.00,0.00,70700.00
OI0004129,O001379,P0009,1,2,5290.00,0.00,10580.00
OI0004130,O001379,P0048,2,6,12050.00,5.00,68685.00
OI0004131,O001379,P0060,3,9,8800.00,0.00,79200.00
OI0004132,O001379,P0044,4,3,13780.00,15.00,35139.00
OI0004133,O001380,P0021,1,7,17850.00,0.00,124950.00
OI0004134,O001381,P0015,1,8,8020.00,0.00,64160.00
OI0004135,O001382,P0004,1,3,16440.00,15.00,41922.00
OI0004136,O001382,P0030,2,5,340.00,10.00,1530.00
OI0004137,O001382,P0059,3,9,14710.00,0.00,132390.00
OI0004138,O001383,P0054,1,5,10100.00,10.00,45450.00
OI0004139,O001383,P0020,2,6,5780.00,0.00,34680.00
OI0004140,O001383,P0062,3,5,8730.00,0.00,43650.00
OI0004141,O001383,P0029,4,2,8380.00,15.00,14246.00
OI0004142,O001383,P0054,5,7,10100.00,5.00,67165.00
OI0004143,O001384,P0065,1,7,10680.00,10.00,67284.00
OI0004144,O001384,P0015,2,12,8020.00,5.00,91428.00
OI0004145,O001385,P0016,1,11,8740.00,5.00,91333.00
OI0004146,O001385,P0010,2,1,3500.00,10.00,3150.00
OI0004147,O001385,P0079,3,2,15570.00,0.00,31140.00
OI0004148,O001385,P0060,4,10,8800.00,0.00,88000.00
OI0004149,O001386,P0025,1,7,13240.00,0.00,92680.00
OI0004150,O001387,P0066,1,6,11920.00,5.00,67944.00
OI0004151,O001387,P0041,2,3,12490.00,15.00,31849.50
OI0004152,O001387,P0048,3,2,12050.00,0.00,24100.00
OI0004153,O001387,P0037,4,5,6650.00,15.00,28262.50
OI0004154,O001388,P0065,1,3,10680.00,0.00,32040.00
OI0004155,O001388,P0073,2,6,1430.00,5.00,8151.00
OI0004156,O001389,P0048,1,11,12050.00,5.00,125922.50
OI0004157,O001390,P0074,1,11,10020.00,0.00,110220.00
OI0004158,O001391,P0055,1,11,16840.00,0.00,185240.00
OI0004159,O001391,P0020,2,7,5780.00,10.00,36414.00
OI0004160,O001391,P0029,3,7,8380.00,0.00,58660.00
OI0004161,O001392,P0019,1,11,7370.00,15.00,68909.50
OI0004162,O001393,P0024,1,2,11180.00,0.00,22360.00
OI0004163,O001394,P0042,1,9,2830.00,15.00,21649.50
OI0004164,O001394,P0006,2,6,570.00,15.00,2907.00
OI0004165,O001394,P0069,3,9,12320.00,15.00,94248.00
OI0004166,O001394,P0042,4,8,2830.00,15.00,19244.00
OI0004167,O001394,P0067,5,10,16160.00,10.00,145440.00
OI0004168,O001395,P0035,1,6,14850.00,0.00,89100.00
OI0004169,O001395,P0074,2,10,10020.00,10.00,90180.00
OI0004170,O001395,P0001,3,1,4300.00,0.00,4300.00
OI0004171,O001395,P0030,4,4,340.00,0.00,1360.00
OI0004172,O001396,P0059,1,7,14710.00,15.00,87524.50
OI0004173,O001396,P0075,2,11,14230.00,10.00,140877.00
OI0004174,O001396,P0019,3,11,7370.00,0.00,81070.00
OI0004175,O001396,P0033,4,7,800.00,10.00,5040.00
OI0004176,O001396,P0033,5,4,800.00,0.00,3200.00
OI0004177,O001397,P0021,1,9,17850.00,0.00,160650.00
OI0004178,O001397,P0025,2,9,13240.00,0.00,119160.00
OI0004179,O001397,P0031,3,4,3650.00,5.00,13870.00
OI0004180,O001397,P0028,4,4,9080.00,5.00,34504.00
OI0004181,O001398,P0016,1,10,8740.00,0.00,87400.00
OI0004182,O001398,P0040,2,4,17530.00,10.00,63108.00
OI0004183,O001398,P0011,3,12,6240.00,0.00,74880.00
OI0004184,O001398,P0065,4,6,10680.00,0.00,64080.00
OI0004185,O001398,P0015,5,3,8020.00,0.00,24060.00
OI0004186,O001399,P0031,1,12,3650.00,0.00,43800.00
OI0004187,O001399,P0052,2,7,13500.00,15.00,80325.00
OI0004188,O001399,P0046,3,10,7120.00,15.00,60520.00
OI0004189,O001399,P0004,4,6,16440.00,15.00,83844.00
OI0004190,O001400,P0013,1,3,9840.00,5.00,28044.00
OI0004191,O001400,P0070,2,9,13990.00,15.00,107023.50
OI0004192,O001400,P0037,3,6,6650.00,5.00,37905.00
OI0004193,O001401,P0014,1,8,14460.00,10.00,104112.00
OI0004194,O001401,P0018,2,12,670.00,10.00,7236.00
OI0004195,O001401,P0055,3,1,16840.00,15.00,14314.00
OI0004196,O001401,P0020,4,1,5780.00,0.00,5780.00
OI0004197,O001402,P0004,1,8,16440.00,0.00,131520.00
OI0004198,O001402,P0035,2,9,14850.00,10.00,120285.00
OI0004199,O001402,P0025,3,6,13240.00,5.00,75468.00
OI0004200,O001403,P0020,1,9,5780.00,10.00,46818.00
OI0004201,O001403,P0035,2,4,14850.00,5.00,56430.00
OI0004202,O001403,P0003,3,10,14640.00,0.00,146400.00
OI0004203,O001403,P0030,4,9,340.00,10.00,2754.00
OI0004204,O001403,P0030,5,11,340.00,15.00,3179.00
OI0004205,O001404,P0062,1,2,8730.00,0.00,17460.00
OI0004206,O001404,P0077,2,2,14410.00,0.00,28820.00
OI0004207,O001404,P0001,3,1,4300.00,0.00,4300.00
OI0004208,O001404,P0008,4,11,5830.00,0.00,64130.00
OI0004209,O001405,P0009,1,10,5290.00,0.00,52900.00
OI0004210,O001406,P0006,1,6,570.00,0.00,3420.00
OI0004211,O001407,P0039,1,8,3060.00,0.00,24480.00
OI0004212,O001407,P0045,2,8,14880.00,0.00,119040.00
OI0004213,O001407,P0060,3,10,8800.00,15.00,74800.00
OI0004214,O001407,P0065,4,7,10680.00,0.00,74760.00
OI0004215,O001407,P0042,5,10,2830.00,0.00,28300.00
OI0004216,O001408,P0036,1,11,10120.00,0.00,111320.00
OI0004217,O001408,P0073,2,6,1430.00,0.00,8580.00
OI0004218,O001408,P0014,3,3,14460.00,0.00,43380.00
OI0004219,O001409,P0068,1,12,2100.00,0.00,25200.00
OI0004220,O001409,P0048,2,9,12050.00,0.00,108450.00
OI0004221,O001409,P0068,3,9,2100.00,0.00,18900.00
OI0004222,O001410,P0074,1,5,10020.00,10.00,45090.00
OI0004223,O001410,P0042,2,3,2830.00,0.00,8490.00
OI0004224,O001410,P0036,3,2,10120.00,5.00,19228.00
OI0004225,O001410,P0015,4,8,8020.00,0.00,64160.00
OI0004226,O001410,P0015,5,4,8020.00,5.00,30476.00
OI0004227,O001411,P0073,1,1,1430.00,0.00,1430.00
OI0004228,O001411,P0056,2,6,10190.00,0.00,61140.00
OI0004229,O001412,P0004,1,12,16440.00,10.00,177552.00
OI0004230,O001412,P0065,2,8,10680.00,15.00,72624.00
OI0004231,O001412,P0002,3,1,12930.00,0.00,12930.00
OI0004232,O001412,P0031,4,5,3650.00,0.00,18250.00
OI0004233,O001412,P0003,5,9,14640.00,0.00,131760.00
OI0004234,O001413,P0047,1,1,2190.00,15.00,1861.50
OI0004235,O001413,P0038,2,6,11890.00,5.00,67773.00
OI0004236,O001414,P0004,1,8,16440.00,0.00,131520.00
OI0004237,O001414,P0069,2,3,12320.00,0.00,36960.00
OI0004238,O001414,P0064,3,6,8250.00,10.00,44550.00
OI0004239,O001414,P0069,4,7,12320.00,15.00,73304.00
OI0004240,O001414,P0056,5,2,10190.00,0.00,20380.00
OI0004241,O001415,P0017,1,7,3480.00,0.00,24360.00
OI0004242,O001415,P0007,2,7,4920.00,10.00,30996.00
OI0004243,O001415,P0002,3,1,12930.00,10.00,11637.00
OI0004244,O001415,P0072,4,8,6730.00,0.00,53840.00
OI0004245,O001415,P0069,5,9,12320.00,10.00,99792.00
OI0004246,O001416,P0052,1,8,13500.00,15.00,91800.00
OI0004247,O001416,P0021,2,8,17850.00,15.00,121380.00
OI0004248,O001416,P0011,3,2,6240.00,0.00,12480.00
OI0004249,O001416,P0062,4,5,8730.00,15.00,37102.50
OI0004250,O001416,P0034,5,7,10570.00,10.00,66591.00
OI0004251,O001417,P0077,1,5,14410.00,10.00,64845.00
OI0004252,O001417,P0028,2,4,9080.00,15.00,30872.00
OI0004253,O001417,P0056,3,11,10190.00,5.00,106485.50
OI0004254,O001418,P0074,1,8,10020.00,0.00,80160.00
OI0004255,O001418,P0017,2,10,3480.00,5.00,33060.00
OI0004256,O001418,P0057,3,4,5170.00,15.00,17578.00
OI0004257,O001418,P0031,4,4,3650.00,5.00,13870.00
OI0004258,O001419,P0079,1,2,15570.00,10.00,28026.00
OI0004259,O001419,P0004,2,9,16440.00,5.00,140562.00
OI0004260,O001419,P0048,3,6,12050.00,0.00,72300.00
OI0004261,O001419,P0048,4,10,12050.00,10.00,108450.00
OI0004262,O001419,P0053,5,5,16730.00,0.00,83650.00
OI0004263,O001420,P0049,1,2,16150.00,5.00,30685.00
OI0004264,O001420,P0049,2,1,16150.00,5.00,15342.50
OI0004265,O001420,P0042,3,8,2830.00,0.00,22640.00
OI0004266,O001420,P0029,4,9,8380.00,10.00,67878.00
OI0004267,O001420,P0021,5,4,17850.00,15.00,60690.00
OI0004268,O001421,P0074,1,8,10020.00,0.00,80160.00
OI0004269,O001421,P0079,2,9,15570.00,0.00,140130.00
OI0004270,O001421,P0063,3,10,3720.00,0.00,37200.00
OI0004271,O001421,P0074,4,10,10020.00,15.00,85170.00
OI0004272,O001421,P0005,5,9,3300.00,5.00,28215.00
OI0004273,O001422,P0068,1,10,2100.00,10.00,18900.00
OI0004274,O001422,P0021,2,11,17850.00,5.00,186532.50
OI0004275,O001422,P0012,3,3,6280.00,15.00,16014.00
OI0004276,O001423,P0019,1,8,7370.00,0.00,58960.00
OI0004277,O001423,P0009,2,6,5290.00,0.00,31740.00
OI0004278,O001423,P0051,3,12,12120.00,0.00,145440.00
OI0004279,O001424,P0027,1,8,4890.00,15.00,33252.00
OI0004280,O001424,P0070,2,9,13990.00,15.00,107023.50
OI0004281,O001424,P0032,3,6,330.00,0.00,1980.00
OI0004282,O001425,P0037,1,1,6650.00,0.00,6650.00
OI0004283,O001425,P0054,2,3,10100.00,5.00,28785.00
OI0004284,O001426,P0068,1,8,2100.00,15.00,14280.00
OI0004285,O001427,P0065,1,11,10680.00,15.00,99858.00
OI0004286,O001427,P0069,2,6,12320.00,10.00,66528.00
OI0004287,O001427,P0017,3,9,3480.00,0.00,31320.00
OI0004288,O001428,P0062,1,9,8730.00,0.00,78570.00
OI0004289,O001428,P0061,2,11,9420.00,0.00,103620.00
OI0004290,O001428,P0005,3,5,3300.00,5.00,15675.00
OI0004291,O001428,P0015,4,9,8020.00,0.00,72180.00
OI0004292,O001428,P0026,5,1,13420.00,0.00,13420.00
OI0004293,O001429,P0035,1,7,14850.00,15.00,88357.50
OI0004294,O001429,P0004,2,3,16440.00,0.00,49320.00
OI0004295,O001429,P0010,3,11,3500.00,10.00,34650.00
OI0004296,O001429,P0041,4,1,12490.00,0.00,12490.00
OI0004297,O001430,P0044,1,4,13780.00,15.00,46852.00
OI0004298,O001430,P0078,2,1,7660.00,10.00,6894.00
OI0004299,O001430,P0026,3,11,13420.00,0.00,147620.00
OI0004300,O001430,P0037,4,8,6650.00,0.00,53200.00
OI0004301,O001430,P0064,5,9,8250.00,15.00,63112.50
OI0004302,O001431,P0065,1,8,10680.00,15.00,72624.00
OI0004303,O001431,P0049,2,2,16150.00,15.00,27455.00
OI0004304,O001431,P0005,3,12,3300.00,15.00,33660.00
OI0004305,O001432,P0026,1,2,13420.00,0.00,26840.00
OI0004306,O001432,P0052,2,5,13500.00,0.00,67500.00
OI0004307,O001433,P0041,1,7,12490.00,10.00,78687.00
OI0004308,O001433,P0036,2,10,10120.00,5.00,96140.00
OI0004309,O001433,P0040,3,4,17530.00,15.00,59602.00
OI0004310,O001433,P0038,4,8,11890.00,5.00,90364.00
OI0004311,O001434,P0049,1,8,16150.00,0.00,129200.00
OI0004312,O001434,P0013,2,3,9840.00,0.00,29520.00
OI0004313,O001434,P0046,3,4,7120.00,5.00,27056.00
OI0004314,O001435,P0030,1,12,340.00,10.00,3672.00
OI0004315,O001435,P0017,2,7,3480.00,15.00,20706.00
OI0004316,O001435,P0017,3,7,3480.00,0.00,24360.00
OI0004317,O001435,P0079,4,7,15570.00,5.00,103540.50
OI0004318,O001436,P0036,1,11,10120.00,0.00,111320.00
OI0004319,O001437,P0035,1,8,14850.00,0.00,118800.00
OI0004320,O001437,P0050,2,7,14600.00,10.00,91980.00
OI0004321,O001437,P0009,3,5,5290.00,0.00,26450.00
OI0004322,O001437,P0034,4,3,10570.00,15.00,26953.50
OI0004323,O001437,P0021,5,12,17850.00,0.00,214200.00
OI0004324,O001438,P0057,1,6,5170.00,5.00,29469.00
OI0004325,O001438,P0031,2,2,3650.00,5.00,6935.00
OI0004326,O001438,P0072,3,9,6730.00,10.00,54513.00
OI0004327,O001439,P0065,1,12,10680.00,0.00,128160.00
OI0004328,O001439,P0071,2,9,16680.00,5.00,142614.00
OI0004329,O001439,P0040,3,10,17530.00,5.00,166535.00
OI0004330,O001439,P0023,4,10,12130.00,10.00,109170.00
OI0004331,O001439,P0021,5,3,17850.00,0.00,53550.00
OI0004332,O001440,P0057,1,1,5170.00,5.00,4911.50
OI0004333,O001441,P0007,1,8,4920.00,0.00,39360.00
OI0004334,O001441,P0047,2,6,2190.00,0.00,13140.00
OI0004335,O001441,P0065,3,8,10680.00,0.00,85440.00
OI0004336,O001441,P0038,4,9,11890.00,15.00,90958.50
OI0004337,O001441,P0072,5,6,6730.00,15.00,34323.00
OI0004338,O001442,P0066,1,5,11920.00,0.00,59600.00
OI0004339,O001442,P0072,2,4,6730.00,0.00,26920.00
OI0004340,O001442,P0032,3,11,330.00,5.00,3448.50
OI0004341,O001443,P0075,1,10,14230.00,0.00,142300.00
OI0004342,O001443,P0004,2,7,16440.00,0.00,115080.00
OI0004343,O001443,P0078,3,4,7660.00,0.00,30640.00
OI0004344,O001443,P0034,4,5,10570.00,0.00,52850.00
OI0004345,O001443,P0001,5,7,4300.00,10.00,27090.00
OI0004346,O001444,P0069,1,12,12320.00,10.00,133056.00
OI0004347,O001445,P0080,1,7,5590.00,0.00,39130.00
OI0004348,O001445,P0059,2,11,14710.00,5.00,153719.50
OI0004349,O001446,P0050,1,1,14600.00,0.00,14600.00
OI0004350,O001446,P0027,2,2,4890.00,0.00,9780.00
OI0004351,O001446,P0009,3,12,5290.00,0.00,63480.00
OI0004352,O001446,P0073,4,10,1430.00,15.00,12155.00
OI0004353,O001446,P0057,5,9,5170.00,15.00,39550.50
OI0004354,O001447,P0067,1,12,16160.00,0.00,193920.00
OI0004355,O001447,P0025,2,8,13240.00,5.00,100624.00
OI0004356,O001448,P0069,1,6,12320.00,0.00,73920.00
OI0004357,O001448,P0067,2,1,16160.00,0.00,16160.00
OI0004358,O001448,P0012,3,5,6280.00,10.00,28260.00
OI0004359,O001448,P0022,4,8,8500.00,0.00,68000.00
OI0004360,O001448,P0064,5,1,8250.00,15.00,7012.50
OI0004361,O001449,P0064,1,10,8250.00,10.00,74250.00
OI0004362,O001449,P0047,2,3,2190.00,0.00,6570.00
OI0004363,O001449,P0069,3,7,12320.00,0.00,86240.00
OI0004364,O001450,P0055,1,8,16840.00,10.00,121248.00
OI0004365,O001450,P0005,2,3,3300.00,0.00,9900.00
OI0004366,O001450,P0042,3,6,2830.00,10.00,15282.00
OI0004367,O001450,P0060,4,12,8800.00,10.00,95040.00
OI0004368,O001450,P0002,5,6,12930.00,15.00,65943.00
OI0004369,O001451,P0060,1,2,8800.00,0.00,17600.00
OI0004370,O001451,P0049,2,9,16150.00,0.00,145350.00
OI0004371,O001451,P0067,3,6,16160.00,0.00,96960.00
OI0004372,O001451,P0015,4,1,8020.00,15.00,6817.00
OI0004373,O001452,P0062,1,5,8730.00,0.00,43650.00
OI0004374,O001452,P0008,2,1,5830.00,0.00,5830.00
OI0004375,O001452,P0018,3,1,670.00,0.00,670.00
OI0004376,O001453,P0006,1,11,570.00,0.00,6270.00
OI0004377,O001453,P0059,2,8,14710.00,0.00,117680.00
OI0004378,O001453,P0018,3,4,670.00,5.00,2546.00
OI0004379,O001453,P0006,4,5,570.00,0.00,2850.00
OI0004380,O001453,P0073,5,4,1430.00,0.00,5720.00
OI0004381,O001454,P0064,1,1,8250.00,10.00,7425.00
OI0004382,O001454,P0078,2,9,7660.00,0.00,68940.00
OI0004383,O001455,P0011,1,3,6240.00,0.00,18720.00
OI0004384,O001456,P0003,1,12,14640.00,0.00,175680.00
OI0004385,O001456,P0021,2,6,17850.00,0.00,107100.00
OI0004386,O001457,P0048,1,12,12050.00,15.00,122910.00
OI0004387,O001457,P0029,2,2,8380.00,0.00,16760.00
OI0004388,O001457,P0053,3,1,16730.00,15.00,14220.50
OI0004389,O001458,P0071,1,9,16680.00,5.00,142614.00
OI0004390,O001458,P0049,2,3,16150.00,5.00,46027.50
OI0004391,O001458,P0015,3,7,8020.00,15.00,47719.00
OI0004392,O001458,P0046,4,3,7120.00,0.00,21360.00
OI0004393,O001458,P0053,5,5,16730.00,0.00,83650.00
OI0004394,O001459,P0008,1,1,5830.00,0.00,5830.00
OI0004395,O001459,P0080,2,12,5590.00,15.00,57018.00
OI0004396,O001459,P0029,3,5,8380.00,0.00,41900.00
OI0004397,O001459,P0052,4,11,13500.00,0.00,148500.00
OI0004398,O001460,P0005,1,3,3300.00,5.00,9405.00
OI0004399,O001461,P0069,1,10,12320.00,0.00,123200.00
OI0004400,O001461,P0040,2,9,17530.00,0.00,157770.00
OI0004401,O001461,P0043,3,10,9450.00,15.00,80325.00
OI0004402,O001461,P0009,4,3,5290.00,0.00,15870.00
OI0004403,O001461,P0004,5,8,16440.00,0.00,131520.00
OI0004404,O001462,P0017,1,12,3480.00,5.00,39672.00
OI0004405,O001462,P0057,2,11,5170.00,0.00,56870.00
OI0004406,O001462,P0048,3,12,12050.00,15.00,122910.00
OI0004407,O001463,P0040,1,7,17530.00,10.00,110439.00
OI0004408,O001463,P0010,2,12,3500.00,0.00,42000.00
OI0004409,O001463,P0041,3,1,12490.00,10.00,11241.00
OI0004410,O001463,P0065,4,10,10680.00,0.00,106800.00
OI0004411,O001464,P0013,1,4,9840.00,5.00,37392.00
OI0004412,O001464,P0067,2,5,16160.00,5.00,76760.00
OI0004413,O001464,P0074,3,8,10020.00,15.00,68136.00
OI0004414,O001464,P0005,4,9,3300.00,10.00,26730.00
OI0004415,O001464,P0033,5,9,800.00,0.00,7200.00
OI0004416,O001465,P0051,1,8,12120.00,10.00,87264.00
OI0004417,O001465,P0009,2,5,5290.00,10.00,23805.00
OI0004418,O001465,P0018,3,11,670.00,0.00,7370.00
OI0004419,O001465,P0065,4,8,10680.00,0.00,85440.00
OI0004420,O001465,P0022,5,4,8500.00,5.00,32300.00
OI0004421,O001466,P0038,1,6,11890.00,5.00,67773.00
OI0004422,O001466,P0052,2,10,13500.00,0.00,135000.00
OI0004423,O001466,P0078,3,6,7660.00,10.00,41364.00
OI0004424,O001467,P0032,1,4,330.00,5.00,1254.00
OI0004425,O001467,P0044,2,3,13780.00,15.00,35139.00
OI0004426,O001467,P0067,3,1,16160.00,5.00,15352.00
OI0004427,O001467,P0051,4,7,12120.00,15.00,72114.00
OI0004428,O001468,P0038,1,8,11890.00,10.00,85608.00
OI0004429,O001468,P0013,2,5,9840.00,0.00,49200.00
OI0004430,O001468,P0058,3,1,1830.00,0.00,1830.00
OI0004431,O001468,P0076,4,7,8140.00,10.00,51282.00
OI0004432,O001469,P0049,1,9,16150.00,0.00,145350.00
OI0004433,O001469,P0063,2,11,3720.00,0.00,40920.00
OI0004434,O001469,P0043,3,4,9450.00,10.00,34020.00
OI0004435,O001469,P0050,4,9,14600.00,0.00,131400.00
OI0004436,O001470,P0008,1,10,5830.00,15.00,49555.00
OI0004437,O001470,P0070,2,8,13990.00,15.00,95132.00
OI0004438,O001470,P0027,3,9,4890.00,0.00,44010.00
OI0004439,O001470,P0049,4,7,16150.00,10.00,101745.00
OI0004440,O001470,P0043,5,12,9450.00,5.00,107730.00
OI0004441,O001471,P0003,1,11,14640.00,0.00,161040.00
OI0004442,O001472,P0033,1,9,800.00,15.00,6120.00
OI0004443,O001472,P0017,2,1,3480.00,5.00,3306.00
OI0004444,O001473,P0066,1,3,11920.00,0.00,35760.00
OI0004445,O001473,P0028,2,8,9080.00,10.00,65376.00
OI0004446,O001473,P0045,3,10,14880.00,0.00,148800.00
OI0004447,O001474,P0056,1,5,10190.00,0.00,50950.00
OI0004448,O001474,P0022,2,6,8500.00,0.00,51000.00
OI0004449,O001475,P0065,1,5,10680.00,0.00,53400.00
OI0004450,O001475,P0079,2,3,15570.00,10.00,42039.00
OI0004451,O001476,P0010,1,4,3500.00,0.00,14000.00
OI0004452,O001477,P0030,1,6,340.00,15.00,1734.00
OI0004453,O001477,P0062,2,5,8730.00,0.00,43650.00
OI0004454,O001478,P0010,1,2,3500.00,5.00,6650.00
OI0004455,O001478,P0072,2,7,6730.00,0.00,47110.00
OI0004456,O001478,P0079,3,10,15570.00,0.00,155700.00
OI0004457,O001478,P0063,4,1,3720.00,15.00,3162.00
OI0004458,O001478,P0063,5,3,3720.00,0.00,11160.00
OI0004459,O001479,P0045,1,9,14880.00,15.00,113832.00
OI0004460,O001479,P0077,2,9,14410.00,0.00,129690.00
OI0004461,O001479,P0048,3,2,12050.00,0.00,24100.00
OI0004462,O001480,P0036,1,4,10120.00,5.00,38456.00
OI0004463,O001480,P0018,2,9,670.00,15.00,5125.50
OI0004464,O001480,P0045,3,9,14880.00,0.00,133920.00
OI0004465,O001480,P0017,4,4,3480.00,0.00,13920.00
OI0004466,O001481,P0047,1,1,2190.00,5.00,2080.50
OI0004467,O001481,P0061,2,9,9420.00,10.00,76302.00
OI0004468,O001481,P0061,3,10,9420.00,10.00,84780.00
OI0004469,O001481,P0021,4,10,17850.00,0.00,178500.00
OI0004470,O001481,P0016,5,1,8740.00,15.00,7429.00
OI0004471,O001482,P0035,1,6,14850.00,15.00,75735.00
OI0004472,O001482,P0025,2,11,13240.00,0.00,145640.00
OI0004473,O001483,P0025,1,7,13240.00,0.00,92680.00
OI0004474,O001484,P0056,1,12,10190.00,0.00,122280.00
OI0004475,O001484,P0006,2,4,570.00,5.00,2166.00
OI0004476,O001485,P0079,1,6,15570.00,0.00,93420.00
OI0004477,O001485,P0038,2,6,11890.00,5.00,67773.00
OI0004478,O001486,P0058,1,9,1830.00,0.00,16470.00
OI0004479,O001486,P0021,2,9,17850.00,0.00,160650.00
OI0004480,O001486,P0064,3,2,8250.00,15.00,14025.00
OI0004481,O001486,P0065,4,11,10680.00,0.00,117480.00
OI0004482,O001486,P0071,5,7,16680.00,10.00,105084.00
OI0004483,O001487,P0052,1,4,13500.00,10.00,48600.00
OI0004484,O001487,P0033,2,5,800.00,5.00,3800.00
OI0004485,O001488,P0011,1,12,6240.00,15.00,63648.00
OI0004486,O001488,P0038,2,6,11890.00,15.00,60639.00
OI0004487,O001488,P0060,3,10,8800.00,10.00,79200.00
OI0004488,O001489,P0024,1,11,11180.00,0.00,122980.00
OI0004489,O001489,P0076,2,5,8140.00,15.00,34595.00
OI0004490,O001489,P0073,3,6,1430.00,0.00,8580.00
OI0004491,O001489,P0031,4,7,3650.00,10.00,22995.00
OI0004492,O001489,P0002,5,3,12930.00,0.00,38790.00
OI0004493,O001490,P0056,1,8,10190.00,0.00,81520.00
OI0004494,O001490,P0001,2,2,4300.00,10.00,7740.00
OI0004495,O001490,P0040,3,7,17530.00,0.00,122710.00
OI0004496,O001490,P0024,4,10,11180.00,0.00,111800.00
OI0004497,O001491,P0042,1,12,2830.00,0.00,33960.00
OI0004498,O001492,P0074,1,8,10020.00,0.00,80160.00
OI0004499,O001492,P0036,2,7,10120.00,5.00,67298.00
OI0004500,O001492,P0001,3,1,4300.00,0.00,4300.00
OI0004501,O001492,P0043,4,6,9450.00,0.00,56700.00
OI0004502,O001493,P0005,1,4,3300.00,0.00,13200.00
OI0004503,O001494,P0047,1,8,2190.00,10.00,15768.00
OI0004504,O001494,P0006,2,2,570.00,15.00,969.00
OI0004505,O001494,P0021,3,12,17850.00,0.00,214200.00
OI0004506,O001494,P0020,4,7,5780.00,10.00,36414.00
OI0004507,O001495,P0030,1,10,340.00,0.00,3400.00
OI0004508,O001495,P0029,2,12,8380.00,5.00,95532.00
OI0004509,O001495,P0027,3,9,4890.00,0.00,44010.00
OI0004510,O001495,P0047,4,12,2190.00,0.00,26280.00
OI0004511,O001495,P0046,5,4,7120.00,0.00,28480.00
OI0004512,O001496,P0008,1,1,5830.00,0.00,5830.00
OI0004513,O001497,P0009,1,2,5290.00,0.00,10580.00
OI0004514,O001497,P0039,2,8,3060.00,0.00,24480.00
OI0004515,O001497,P0030,3,3,340.00,10.00,918.00
OI0004516,O001497,P0028,4,6,9080.00,0.00,54480.00
OI0004517,O001498,P0058,1,4,1830.00,0.00,7320.00
OI0004518,O001498,P0051,2,2,12120.00,10.00,21816.00
OI0004519,O001498,P0029,3,3,8380.00,5.00,23883.00
OI0004520,O001498,P0059,4,11,14710.00,5.00,153719.50
OI0004521,O001499,P0039,1,4,3060.00,0.00,12240.00
OI0004522,O001499,P0007,2,6,4920.00,10.00,26568.00
OI0004523,O001499,P0035,3,9,14850.00,0.00,133650.00
OI0004524,O001499,P0066,4,3,11920.00,0.00,35760.00
OI0004525,O001500,P0056,1,11,10190.00,0.00,112090.00
OI0004526,O001500,P0036,2,9,10120.00,15.00,77418.00
OI0004527,O001500,P0052,3,12,13500.00,5.00,153900.00
OI0004528,O001501,P0027,1,2,4890.00,0.00,9780.00
OI0004529,O001501,P0039,2,8,3060.00,15.00,20808.00
OI0004530,O001501,P0009,3,10,5290.00,0.00,52900.00
OI0004531,O001502,P0009,1,11,5290.00,10.00,52371.00
OI0004532,O001503,P0009,1,11,5290.00,15.00,49461.50
OI0004533,O001503,P0054,2,2,10100.00,15.00,17170.00
OI0004534,O001503,P0009,3,4,5290.00,10.00,19044.00
OI0004535,O001503,P0044,4,12,13780.00,5.00,157092.00
OI0004536,O001504,P0029,1,7,8380.00,15.00,49861.00
OI0004537,O001505,P0060,1,12,8800.00,10.00,95040.00
OI0004538,O001505,P0074,2,8,10020.00,5.00,76152.00
OI0004539,O001506,P0065,1,12,10680.00,0.00,128160.00
OI0004540,O001507,P0023,1,3,12130.00,0.00,36390.00
OI0004541,O001507,P0045,2,6,14880.00,0.00,89280.00
OI0004542,O001508,P0074,1,7,10020.00,0.00,70140.00
OI0004543,O001509,P0019,1,12,7370.00,5.00,84018.00
OI0004544,O001509,P0025,2,8,13240.00,15.00,90032.00
OI0004545,O001509,P0071,3,8,16680.00,5.00,126768.00
OI0004546,O001510,P0075,1,2,14230.00,0.00,28460.00
OI0004547,O001511,P0007,1,7,4920.00,10.00,30996.00
OI0004548,O001511,P0004,2,7,16440.00,5.00,109326.00
OI0004549,O001511,P0070,3,11,13990.00,10.00,138501.00
OI0004550,O001512,P0062,1,3,8730.00,0.00,26190.00
OI0004551,O001512,P0058,2,12,1830.00,0.00,21960.00
OI0004552,O001512,P0023,3,2,12130.00,15.00,20621.00
OI0004553,O001513,P0007,1,11,4920.00,0.00,54120.00
OI0004554,O001513,P0054,2,6,10100.00,15.00,51510.00
OI0004555,O001513,P0042,3,3,2830.00,0.00,8490.00
OI0004556,O001513,P0059,4,6,14710.00,0.00,88260.00
OI0004557,O001514,P0042,1,6,2830.00,0.00,16980.00
OI0004558,O001515,P0030,1,8,340.00,15.00,2312.00
OI0004559,O001515,P0048,2,7,12050.00,15.00,71697.50
OI0004560,O001515,P0033,3,12,800.00,0.00,9600.00
OI0004561,O001516,P0069,1,1,12320.00,15.00,10472.00
OI0004562,O001516,P0021,2,7,17850.00,15.00,106207.50
OI0004563,O001516,P0041,3,5,12490.00,0.00,62450.00
OI0004564,O001517,P0003,1,6,14640.00,0.00,87840.00
OI0004565,O001518,P0009,1,10,5290.00,0.00,52900.00
OI0004566,O001518,P0033,2,2,800.00,10.00,1440.00
OI0004567,O001518,P0012,3,7,6280.00,5.00,41762.00
OI0004568,O001518,P0080,4,4,5590.00,10.00,20124.00
OI0004569,O001519,P0054,1,10,10100.00,0.00,101000.00
OI0004570,O001519,P0020,2,10,5780.00,0.00,57800.00
OI0004571,O001519,P0058,3,1,1830.00,10.00,1647.00
OI0004572,O001519,P0040,4,10,17530.00,5.00,166535.00
OI0004573,O001520,P0079,1,10,15570.00,0.00,155700.00
OI0004574,O001520,P0026,2,1,13420.00,0.00,13420.00
OI0004575,O001520,P0006,3,9,570.00,0.00,5130.00
OI0004576,O001520,P0032,4,11,330.00,0.00,3630.00
OI0004577,O001520,P0058,5,2,1830.00,0.00,3660.00
OI0004578,O001521,P0019,1,7,7370.00,0.00,51590.00
OI0004579,O001521,P0007,2,8,4920.00,0.00,39360.00
OI0004580,O001521,P0017,3,3,3480.00,0.00,10440.00
OI0004581,O001522,P0065,1,9,10680.00,0.00,96120.00
OI0004582,O001522,P0058,2,1,1830.00,0.00,1830.00
OI0004583,O001522,P0071,3,12,16680.00,15.00,170136.00
OI0004584,O001522,P0068,4,6,2100.00,0.00,12600.00
OI0004585,O001522,P0059,5,4,14710.00,15.00,50014.00
OI0004586,O001523,P0006,1,3,570.00,10.00,1539.00
OI0004587,O001523,P0045,2,3,14880.00,10.00,40176.00
OI0004588,O001523,P0002,3,11,12930.00,15.00,120895.50
OI0004589,O001524,P0018,1,12,670.00,5.00,7638.00
OI0004590,O001524,P0032,2,4,330.00,0.00,1320.00
OI0004591,O001524,P0055,3,6,16840.00,10.00,90936.00
OI0004592,O001524,P0027,4,9,4890.00,5.00,41809.50
OI0004593,O001525,P0001,1,5,4300.00,0.00,21500.00
OI0004594,O001526,P0038,1,5,11890.00,0.00,59450.00
OI0004595,O001526,P0056,2,4,10190.00,5.00,38722.00
OI0004596,O001526,P0006,3,6,570.00,0.00,3420.00
OI0004597,O001527,P0017,1,2,3480.00,10.00,6264.00
OI0004598,O001528,P0053,1,7,16730.00,0.00,117110.00
OI0004599,O001528,P0070,2,12,13990.00,15.00,142698.00
OI0004600,O001529,P0033,1,12,800.00,0.00,9600.00
OI0004601,O001529,P0077,2,7,14410.00,10.00,90783.00
OI0004602,O001530,P0030,1,8,340.00,0.00,2720.00
OI0004603,O001530,P0003,2,7,14640.00,0.00,102480.00
OI0004604,O001530,P0036,3,8,10120.00,0.00,80960.00
OI0004605,O001530,P0074,4,7,10020.00,15.00,59619.00
OI0004606,O001531,P0052,1,3,13500.00,5.00,38475.00
OI0004607,O001531,P0030,2,10,340.00,0.00,3400.00
OI0004608,O001531,P0063,3,2,3720.00,15.00,6324.00
OI0004609,O001531,P0026,4,9,13420.00,0.00,120780.00
OI0004610,O001531,P0005,5,2,3300.00,0.00,6600.00
OI0004611,O001532,P0046,1,2,7120.00,10.00,12816.00
OI0004612,O001532,P0017,2,10,3480.00,0.00,34800.00
OI0004613,O001532,P0016,3,3,8740.00,10.00,23598.00
OI0004614,O001532,P0022,4,5,8500.00,0.00,42500.00
OI0004615,O001533,P0038,1,10,11890.00,0.00,118900.00
OI0004616,O001533,P0027,2,11,4890.00,10.00,48411.00
OI0004617,O001534,P0053,1,1,16730.00,15.00,14220.50
OI0004618,O001534,P0037,2,2,6650.00,15.00,11305.00
OI0004619,O001534,P0046,3,4,7120.00,15.00,24208.00
OI0004620,O001534,P0035,4,12,14850.00,0.00,178200.00
OI0004621,O001534,P0049,5,6,16150.00,0.00,96900.00
OI0004622,O001535,P0027,1,4,4890.00,0.00,19560.00
OI0004623,O001535,P0048,2,11,12050.00,15.00,112667.50
OI0004624,O001535,P0077,3,11,14410.00,10.00,142659.00
OI0004625,O001535,P0047,4,8,2190.00,15.00,14892.00
OI0004626,O001536,P0079,1,3,15570.00,0.00,46710.00
OI0004627,O001536,P0065,2,6,10680.00,5.00,60876.00
OI0004628,O001537,P0056,1,2,10190.00,5.00,19361.00
OI0004629,O001537,P0031,2,5,3650.00,0.00,18250.00
OI0004630,O001537,P0028,3,8,9080.00,0.00,72640.00
OI0004631,O001538,P0067,1,11,16160.00,10.00,159984.00
OI0004632,O001538,P0007,2,4,4920.00,5.00,18696.00
OI0004633,O001538,P0067,3,12,16160.00,0.00,193920.00
OI0004634,O001539,P0052,1,6,13500.00,5.00,76950.00
OI0004635,O001539,P0018,2,11,670.00,10.00,6633.00
OI0004636,O001540,P0062,1,4,8730.00,0.00,34920.00
OI0004637,O001540,P0001,2,9,4300.00,15.00,32895.00
OI0004638,O001540,P0036,3,3,10120.00,0.00,30360.00
OI0004639,O001541,P0072,1,4,6730.00,5.00,25574.00
OI0004640,O001541,P0001,2,5,4300.00,0.00,21500.00
OI0004641,O001542,P0076,1,5,8140.00,5.00,38665.00
OI0004642,O001543,P0062,1,9,8730.00,5.00,74641.50
OI0004643,O001543,P0066,2,11,11920.00,0.00,131120.00
OI0004644,O001543,P0039,3,5,3060.00,5.00,14535.00
OI0004645,O001543,P0024,4,1,11180.00,15.00,9503.00
OI0004646,O001544,P0019,1,10,7370.00,15.00,62645.00
OI0004647,O001544,P0010,2,9,3500.00,0.00,31500.00
OI0004648,O001544,P0049,3,9,16150.00,15.00,123547.50
OI0004649,O001544,P0070,4,10,13990.00,10.00,125910.00
OI0004650,O001544,P0043,5,8,9450.00,0.00,75600.00
OI0004651,O001545,P0032,1,1,330.00,0.00,330.00
OI0004652,O001545,P0025,2,9,13240.00,0.00,119160.00
OI0004653,O001546,P0058,1,8,1830.00,15.00,12444.00
OI0004654,O001547,P0052,1,12,13500.00,0.00,162000.00
OI0004655,O001548,P0024,1,5,11180.00,0.00,55900.00
OI0004656,O001548,P0068,2,1,2100.00,5.00,1995.00
OI0004657,O001549,P0071,1,6,16680.00,0.00,100080.00
OI0004658,O001549,P0063,2,10,3720.00,0.00,37200.00
OI0004659,O001550,P0080,1,4,5590.00,0.00,22360.00
OI0004660,O001550,P0032,2,2,330.00,0.00,660.00
OI0004661,O001550,P0061,3,3,9420.00,0.00,28260.00
OI0004662,O001550,P0067,4,8,16160.00,5.00,122816.00
OI0004663,O001550,P0070,5,5,13990.00,15.00,59457.50
OI0004664,O001551,P0005,1,8,3300.00,5.00,25080.00
OI0004665,O001551,P0012,2,4,6280.00,0.00,25120.00
OI0004666,O001551,P0050,3,2,14600.00,0.00,29200.00
OI0004667,O001551,P0065,4,12,10680.00,0.00,128160.00
OI0004668,O001551,P0020,5,12,5780.00,10.00,62424.00
OI0004669,O001552,P0067,1,5,16160.00,0.00,80800.00
OI0004670,O001552,P0077,2,9,14410.00,10.00,116721.00
OI0004671,O001553,P0067,1,5,16160.00,0.00,80800.00
OI0004672,O001553,P0036,2,1,10120.00,5.00,9614.00
OI0004673,O001553,P0077,3,12,14410.00,10.00,155628.00
OI0004674,O001554,P0071,1,11,16680.00,0.00,183480.00
OI0004675,O001554,P0080,2,8,5590.00,0.00,44720.00
OI0004676,O001554,P0033,3,5,800.00,0.00,4000.00
OI0004677,O001554,P0056,4,10,10190.00,0.00,101900.00
OI0004678,O001554,P0023,5,6,12130.00,0.00,72780.00
OI0004679,O001555,P0051,1,1,12120.00,0.00,12120.00
OI0004680,O001555,P0061,2,4,9420.00,10.00,33912.00
OI0004681,O001555,P0062,3,3,8730.00,5.00,24880.50
OI0004682,O001556,P0050,1,9,14600.00,0.00,131400.00
OI0004683,O001556,P0065,2,12,10680.00,0.00,128160.00
OI0004684,O001556,P0065,3,7,10680.00,0.00,74760.00
OI0004685,O001556,P0010,4,6,3500.00,0.00,21000.00
OI0004686,O001556,P0008,5,8,5830.00,10.00,41976.00
OI0004687,O001557,P0011,1,9,6240.00,0.00,56160.00
OI0004688,O001557,P0004,2,12,16440.00,0.00,197280.00
OI0004689,O001558,P0035,1,12,14850.00,15.00,151470.00
OI0004690,O001558,P0035,2,10,14850.00,0.00,148500.00
OI0004691,O001558,P0021,3,12,17850.00,15.00,182070.00
OI0004692,O001558,P0068,4,5,2100.00,0.00,10500.00
OI0004693,O001559,P0054,1,7,10100.00,0.00,70700.00
OI0004694,O001560,P0038,1,10,11890.00,0.00,118900.00
OI0004695,O001560,P0006,2,3,570.00,10.00,1539.00
OI0004696,O001560,P0005,3,10,3300.00,10.00,29700.00
OI0004697,O001560,P0015,4,5,8020.00,0.00,40100.00
OI0004698,O001560,P0007,5,5,4920.00,15.00,20910.00
OI0004699,O001561,P0046,1,10,7120.00,0.00,71200.00
OI0004700,O001561,P0075,2,2,14230.00,5.00,27037.00
OI0004701,O001562,P0066,1,9,11920.00,15.00,91188.00
OI0004702,O001562,P0064,2,10,8250.00,0.00,82500.00
OI0004703,O001562,P0023,3,9,12130.00,0.00,109170.00
OI0004704,O001562,P0076,4,2,8140.00,0.00,16280.00
OI0004705,O001562,P0022,5,4,8500.00,10.00,30600.00
OI0004706,O001563,P0050,1,12,14600.00,5.00,166440.00
OI0004707,O001563,P0014,2,9,14460.00,5.00,123633.00
OI0004708,O001563,P0057,3,10,5170.00,0.00,51700.00
OI0004709,O001563,P0026,4,5,13420.00,0.00,67100.00
OI0004710,O001563,P0068,5,7,2100.00,5.00,13965.00
OI0004711,O001564,P0047,1,7,2190.00,0.00,15330.00
OI0004712,O001564,P0037,2,1,6650.00,0.00,6650.00
OI0004713,O001564,P0029,3,12,8380.00,10.00,90504.00
OI0004714,O001564,P0058,4,1,1830.00,0.00,1830.00
OI0004715,O001564,P0006,5,2,570.00,10.00,1026.00
OI0004716,O001565,P0036,1,8,10120.00,5.00,76912.00
OI0004717,O001565,P0067,2,10,16160.00,0.00,161600.00
OI0004718,O001565,P0010,3,12,3500.00,15.00,35700.00
OI0004719,O001565,P0025,4,2,13240.00,0.00,26480.00
OI0004720,O001566,P0063,1,4,3720.00,5.00,14136.00
OI0004721,O001566,P0058,2,6,1830.00,0.00,10980.00
OI0004722,O001566,P0076,3,1,8140.00,15.00,6919.00
OI0004723,O001566,P0050,4,3,14600.00,10.00,39420.00
OI0004724,O001566,P0036,5,2,10120.00,5.00,19228.00
OI0004725,O001567,P0014,1,10,14460.00,0.00,144600.00
OI0004726,O001567,P0011,2,1,6240.00,10.00,5616.00
OI0004727,O001568,P0050,1,9,14600.00,0.00,131400.00
OI0004728,O001568,P0032,2,3,330.00,0.00,990.00
OI0004729,O001568,P0008,3,12,5830.00,10.00,62964.00
OI0004730,O001569,P0018,1,3,670.00,0.00,2010.00
OI0004731,O001569,P0073,2,12,1430.00,10.00,15444.00
OI0004732,O001569,P0052,3,11,13500.00,0.00,148500.00
OI0004733,O001569,P0059,4,7,14710.00,15.00,87524.50
OI0004734,O001570,P0020,1,3,5780.00,10.00,15606.00
OI0004735,O001570,P0040,2,4,17530.00,15.00,59602.00
OI0004736,O001570,P0005,3,5,3300.00,0.00,16500.00
OI0004737,O001570,P0006,4,12,570.00,0.00,6840.00
OI0004738,O001570,P0031,5,10,3650.00,15.00,31025.00
OI0004739,O001571,P0019,1,10,7370.00,0.00,73700.00
OI0004740,O001571,P0029,2,6,8380.00,0.00,50280.00
OI0004741,O001571,P0020,3,12,5780.00,15.00,58956.00
OI0004742,O001571,P0054,4,12,10100.00,0.00,121200.00
OI0004743,O001571,P0008,5,12,5830.00,0.00,69960.00
OI0004744,O001572,P0070,1,11,13990.00,0.00,153890.00
OI0004745,O001573,P0067,1,9,16160.00,0.00,145440.00
OI0004746,O001573,P0023,2,4,12130.00,5.00,46094.00
OI0004747,O001573,P0015,3,2,8020.00,0.00,16040.00
OI0004748,O001574,P0055,1,9,16840.00,0.00,151560.00
OI0004749,O001574,P0080,2,4,5590.00,0.00,22360.00
OI0004750,O001574,P0040,3,12,17530.00,15.00,178806.00
OI0004751,O001574,P0047,4,8,2190.00,5.00,16644.00
OI0004752,O001574,P0073,5,8,1430.00,0.00,11440.00
OI0004753,O001575,P0051,1,2,12120.00,5.00,23028.00
OI0004754,O001575,P0072,2,2,6730.00,0.00,13460.00
OI0004755,O001575,P0074,3,10,10020.00,0.00,100200.00
OI0004756,O001575,P0001,4,12,4300.00,15.00,43860.00
OI0004757,O001576,P0076,1,7,8140.00,0.00,56980.00
OI0004758,O001576,P0035,2,9,14850.00,10.00,120285.00
OI0004759,O001576,P0034,3,12,10570.00,15.00,107814.00
OI0004760,O001576,P0047,4,10,2190.00,0.00,21900.00
OI0004761,O001577,P0009,1,8,5290.00,0.00,42320.00
OI0004762,O001577,P0072,2,11,6730.00,0.00,74030.00
OI0004763,O001578,P0021,1,11,17850.00,0.00,196350.00
OI0004764,O001579,P0033,1,4,800.00,5.00,3040.00
OI0004765,O001580,P0008,1,6,5830.00,0.00,34980.00
OI0004766,O001580,P0031,2,1,3650.00,0.00,3650.00
OI0004767,O001580,P0056,3,2,10190.00,0.00,20380.00
OI0004768,O001580,P0057,4,10,5170.00,0.00,51700.00
OI0004769,O001580,P0051,5,1,12120.00,5.00,11514.00
OI0004770,O001581,P0024,1,7,11180.00,5.00,74347.00
OI0004771,O001581,P0011,2,3,6240.00,0.00,18720.00
OI0004772,O001581,P0024,3,7,11180.00,15.00,66521.00
OI0004773,O001581,P0044,4,12,13780.00,0.00,165360.00
OI0004774,O001581,P0042,5,5,2830.00,5.00,13442.50
OI0004775,O001582,P0021,1,2,17850.00,15.00,30345.00
OI0004776,O001582,P0024,2,2,11180.00,0.00,22360.00
OI0004777,O001583,P0042,1,2,2830.00,0.00,5660.00
OI0004778,O001584,P0075,1,8,14230.00,0.00,113840.00
OI0004779,O001584,P0057,2,12,5170.00,10.00,55836.00
OI0004780,O001584,P0025,3,5,13240.00,0.00,66200.00
OI0004781,O001584,P0004,4,12,16440.00,0.00,197280.00
OI0004782,O001585,P0019,1,6,7370.00,15.00,37587.00
OI0004783,O001585,P0039,2,4,3060.00,0.00,12240.00
OI0004784,O001585,P0008,3,4,5830.00,0.00,23320.00
OI0004785,O001585,P0068,4,7,2100.00,10.00,13230.00
OI0004786,O001586,P0032,1,7,330.00,10.00,2079.00
OI0004787,O001586,P0048,2,8,12050.00,5.00,91580.00
OI0004788,O001586,P0060,3,4,8800.00,10.00,31680.00
OI0004789,O001587,P0054,1,9,10100.00,10.00,81810.00
OI0004790,O001587,P0030,2,5,340.00,0.00,1700.00
OI0004791,O001587,P0062,3,2,8730.00,15.00,14841.00
OI0004792,O001587,P0059,4,5,14710.00,0.00,73550.00
OI0004793,O001587,P0063,5,10,3720.00,5.00,35340.00
OI0004794,O001588,P0013,1,3,9840.00,10.00,26568.00
OI0004795,O001588,P0079,2,7,15570.00,15.00,92641.50
OI0004796,O001588,P0068,3,8,2100.00,0.00,16800.00
OI0004797,O001589,P0061,1,6,9420.00,5.00,53694.00
OI0004798,O001590,P0022,1,9,8500.00,0.00,76500.00
OI0004799,O001590,P0027,2,11,4890.00,15.00,45721.50
OI0004800,O001590,P0046,3,2,7120.00,10.00,12816.00
OI0004801,O001590,P0075,4,2,14230.00,10.00,25614.00
OI0004802,O001590,P0078,5,9,7660.00,5.00,65493.00
OI0004803,O001591,P0049,1,10,16150.00,5.00,153425.00
OI0004804,O001592,P0046,1,11,7120.00,15.00,66572.00
OI0004805,O001592,P0034,2,1,10570.00,0.00,10570.00
OI0004806,O001592,P0047,3,11,2190.00,0.00,24090.00
OI0004807,O001593,P0021,1,2,17850.00,0.00,35700.00
OI0004808,O001593,P0073,2,1,1430.00,15.00,1215.50
OI0004809,O001593,P0055,3,7,16840.00,10.00,106092.00
OI0004810,O001593,P0031,4,4,3650.00,0.00,14600.00
OI0004811,O001593,P0064,5,9,8250.00,5.00,70537.50
OI0004812,O001594,P0003,1,6,14640.00,0.00,87840.00
OI0004813,O001594,P0041,2,5,12490.00,0.00,62450.00
OI0004814,O001595,P0035,1,6,14850.00,15.00,75735.00
OI0004815,O001596,P0037,1,3,6650.00,0.00,19950.00
OI0004816,O001596,P0041,2,4,12490.00,0.00,49960.00
OI0004817,O001597,P0071,1,12,16680.00,0.00,200160.00
OI0004818,O001597,P0021,2,12,17850.00,0.00,214200.00
OI0004819,O001598,P0080,1,5,5590.00,15.00,23757.50
OI0004820,O001598,P0037,2,6,6650.00,0.00,39900.00
OI0004821,O001598,P0062,3,2,8730.00,15.00,14841.00
OI0004822,O001598,P0005,4,8,3300.00,0.00,26400.00
OI0004823,O001599,P0077,1,10,14410.00,10.00,129690.00
OI0004824,O001599,P0025,2,12,13240.00,0.00,158880.00
OI0004825,O001599,P0039,3,4,3060.00,15.00,10404.00
OI0004826,O001600,P0019,1,10,7370.00,0.00,73700.00
OI0004827,O001600,P0014,2,1,14460.00,0.00,14460.00
OI0004828,O001600,P0079,3,2,15570.00,0.00,31140.00
OI0004829,O001601,P0031,1,5,3650.00,10.00,16425.00
OI0004830,O001601,P0066,2,4,11920.00,0.00,47680.00
OI0004831,O001601,P0052,3,7,13500.00,0.00,94500.00
OI0004832,O001602,P0015,1,3,8020.00,15.00,20451.00
OI0004833,O001602,P0017,2,6,3480.00,0.00,20880.00
OI0004834,O001602,P0038,3,2,11890.00,0.00,23780.00
OI0004835,O001602,P0011,4,12,6240.00,5.00,71136.00
OI0004836,O001602,P0030,5,3,340.00,0.00,1020.00
OI0004837,O001603,P0056,1,6,10190.00,10.00,55026.00
OI0004838,O001603,P0034,2,7,10570.00,0.00,73990.00
OI0004839,O001604,P0032,1,1,330.00,15.00,280.50
OI0004840,O001604,P0035,2,4,14850.00,0.00,59400.00
OI0004841,O001604,P0023,3,4,12130.00,0.00,48520.00
OI0004842,O001604,P0044,4,10,13780.00,0.00,137800.00
OI0004843,O001604,P0004,5,6,16440.00,15.00,83844.00
OI0004844,O001605,P0008,1,4,5830.00,10.00,20988.00
OI0004845,O001605,P0067,2,6,16160.00,0.00,96960.00
OI0004846,O001606,P0017,1,12,3480.00,0.00,41760.00
OI0004847,O001606,P0074,2,11,10020.00,0.00,110220.00
OI0004848,O001606,P0023,3,5,12130.00,0.00,60650.00
OI0004849,O001606,P0078,4,8,7660.00,15.00,52088.00
OI0004850,O001606,P0071,5,12,16680.00,0.00,200160.00
OI0004851,O001607,P0025,1,6,13240.00,5.00,75468.00
OI0004852,O001607,P0056,2,9,10190.00,0.00,91710.00
OI0004853,O001607,P0031,3,9,3650.00,0.00,32850.00
OI0004854,O001608,P0048,1,1,12050.00,10.00,10845.00
OI0004855,O001608,P0036,2,8,10120.00,15.00,68816.00
OI0004856,O001609,P0040,1,6,17530.00,5.00,99921.00
OI0004857,O001610,P0055,1,11,16840.00,10.00,166716.00
OI0004858,O001610,P0062,2,2,8730.00,15.00,14841.00
OI0004859,O001610,P0076,3,4,8140.00,5.00,30932.00
OI0004860,O001611,P0047,1,3,2190.00,0.00,6570.00
OI0004861,O001611,P0015,2,5,8020.00,0.00,40100.00
OI0004862,O001611,P0008,3,4,5830.00,15.00,19822.00
OI0004863,O001612,P0035,1,8,14850.00,15.00,100980.00
OI0004864,O001612,P0033,2,4,800.00,0.00,3200.00
OI0004865,O001612,P0050,3,1,14600.00,10.00,13140.00
OI0004866,O001612,P0012,4,10,6280.00,10.00,56520.00
OI0004867,O001612,P0077,5,1,14410.00,0.00,14410.00
OI0004868,O001613,P0005,1,3,3300.00,0.00,9900.00
OI0004869,O001613,P0001,2,11,4300.00,0.00,47300.00
OI0004870,O001613,P0024,3,12,11180.00,0.00,134160.00
OI0004871,O001613,P0008,4,5,5830.00,10.00,26235.00
OI0004872,O001614,P0054,1,10,10100.00,0.00,101000.00
OI0004873,O001614,P0071,2,6,16680.00,5.00,95076.00
OI0004874,O001614,P0029,3,3,8380.00,0.00,25140.00
OI0004875,O001614,P0080,4,12,5590.00,5.00,63726.00
OI0004876,O001614,P0041,5,7,12490.00,0.00,87430.00
OI0004877,O001615,P0059,1,3,14710.00,10.00,39717.00
OI0004878,O001615,P0002,2,7,12930.00,15.00,76933.50
OI0004879,O001616,P0006,1,11,570.00,10.00,5643.00
OI0004880,O001616,P0052,2,5,13500.00,0.00,67500.00
OI0004881,O001616,P0003,3,3,14640.00,10.00,39528.00
OI0004882,O001616,P0026,4,5,13420.00,5.00,63745.00
OI0004883,O001616,P0053,5,11,16730.00,5.00,174828.50
OI0004884,O001617,P0016,1,8,8740.00,0.00,69920.00
OI0004885,O001618,P0037,1,7,6650.00,0.00,46550.00
OI0004886,O001619,P0059,1,3,14710.00,0.00,44130.00
OI0004887,O001619,P0029,2,3,8380.00,0.00,25140.00
OI0004888,O001619,P0052,3,5,13500.00,0.00,67500.00
OI0004889,O001619,P0057,4,5,5170.00,0.00,25850.00
OI0004890,O001620,P0058,1,4,1830.00,5.00,6954.00
OI0004891,O001620,P0071,2,3,16680.00,15.00,42534.00
OI0004892,O001620,P0069,3,12,12320.00,5.00,140448.00
OI0004893,O001620,P0017,4,7,3480.00,15.00,20706.00
OI0004894,O001621,P0038,1,7,11890.00,0.00,83230.00
OI0004895,O001621,P0080,2,12,5590.00,0.00,67080.00
OI0004896,O001621,P0069,3,12,12320.00,10.00,133056.00
OI0004897,O001621,P0037,4,3,6650.00,0.00,19950.00
OI0004898,O001621,P0035,5,1,14850.00,5.00,14107.50
OI0004899,O001622,P0042,1,2,2830.00,10.00,5094.00
OI0004900,O001622,P0006,2,11,570.00,10.00,5643.00
OI0004901,O001622,P0027,3,6,4890.00,0.00,29340.00
OI0004902,O001622,P0006,4,5,570.00,15.00,2422.50
OI0004903,O001623,P0020,1,6,5780.00,0.00,34680.00
OI0004904,O001623,P0072,2,8,6730.00,10.00,48456.00
OI0004905,O001624,P0025,1,12,13240.00,0.00,158880.00
OI0004906,O001624,P0030,2,4,340.00,0.00,1360.00
OI0004907,O001624,P0072,3,11,6730.00,10.00,66627.00
OI0004908,O001624,P0038,4,7,11890.00,15.00,70745.50
OI0004909,O001625,P0013,1,4,9840.00,15.00,33456.00
OI0004910,O001625,P0058,2,2,1830.00,0.00,3660.00
OI0004911,O001625,P0057,3,6,5170.00,5.00,29469.00
OI0004912,O001626,P0021,1,2,17850.00,0.00,35700.00
OI0004913,O001626,P0012,2,11,6280.00,0.00,69080.00
OI0004914,O001626,P0067,3,12,16160.00,0.00,193920.00
OI0004915,O001627,P0018,1,9,670.00,0.00,6030.00
OI0004916,O001627,P0036,2,12,10120.00,5.00,115368.00
OI0004917,O001627,P0062,3,5,8730.00,15.00,37102.50
OI0004918,O001627,P0068,4,7,2100.00,10.00,13230.00
OI0004919,O001628,P0059,1,2,14710.00,0.00,29420.00
OI0004920,O001628,P0025,2,7,13240.00,0.00,92680.00
OI0004921,O001628,P0016,3,3,8740.00,0.00,26220.00
OI0004922,O001628,P0079,4,2,15570.00,0.00,31140.00
OI0004923,O001629,P0072,1,3,6730.00,10.00,18171.00
OI0004924,O001629,P0036,2,6,10120.00,15.00,51612.00
OI0004925,O001629,P0012,3,7,6280.00,0.00,43960.00
OI0004926,O001630,P0050,1,9,14600.00,10.00,118260.00
OI0004927,O001630,P0034,2,5,10570.00,5.00,50207.50
OI0004928,O001630,P0031,3,5,3650.00,10.00,16425.00
OI0004929,O001630,P0035,4,6,14850.00,5.00,84645.00
OI0004930,O001631,P0011,1,1,6240.00,0.00,6240.00
OI0004931,O001631,P0065,2,7,10680.00,10.00,67284.00
OI0004932,O001632,P0053,1,11,16730.00,0.00,184030.00
OI0004933,O001632,P0009,2,8,5290.00,15.00,35972.00
OI0004934,O001632,P0016,3,5,8740.00,10.00,39330.00
OI0004935,O001632,P0044,4,11,13780.00,0.00,151580.00
OI0004936,O001633,P0031,1,9,3650.00,10.00,29565.00
OI0004937,O001633,P0016,2,8,8740.00,0.00,69920.00
OI0004938,O001633,P0067,3,11,16160.00,0.00,177760.00
OI0004939,O001633,P0007,4,6,4920.00,5.00,28044.00
OI0004940,O001634,P0007,1,1,4920.00,15.00,4182.00
OI0004941,O001634,P0008,2,3,5830.00,15.00,14866.50
OI0004942,O001634,P0032,3,2,330.00,0.00,660.00
OI0004943,O001634,P0079,4,7,15570.00,10.00,98091.00
OI0004944,O001635,P0005,1,10,3300.00,5.00,31350.00
OI0004945,O001635,P0048,2,4,12050.00,5.00,45790.00
OI0004946,O001635,P0002,3,5,12930.00,15.00,54952.50
OI0004947,O001635,P0077,4,5,14410.00,15.00,61242.50
OI0004948,O001636,P0062,1,8,8730.00,0.00,69840.00
OI0004949,O001636,P0054,2,8,10100.00,15.00,68680.00
OI0004950,O001636,P0042,3,12,2830.00,0.00,33960.00
OI0004951,O001636,P0021,4,1,17850.00,15.00,15172.50
OI0004952,O001636,P0050,5,10,14600.00,0.00,146000.00
OI0004953,O001637,P0030,1,9,340.00,0.00,3060.00
OI0004954,O001637,P0065,2,3,10680.00,0.00,32040.00
OI0004955,O001637,P0067,3,2,16160.00,0.00,32320.00
OI0004956,O001638,P0073,1,5,1430.00,5.00,6792.50
OI0004957,O001639,P0077,1,8,14410.00,0.00,115280.00
OI0004958,O001639,P0002,2,12,12930.00,0.00,155160.00
OI0004959,O001639,P0029,3,10,8380.00,5.00,79610.00
OI0004960,O001639,P0030,4,2,340.00,5.00,646.00
OI0004961,O001639,P0030,5,8,340.00,0.00,2720.00
OI0004962,O001640,P0062,1,3,8730.00,10.00,23571.00
OI0004963,O001641,P0079,1,5,15570.00,15.00,66172.50
OI0004964,O001641,P0079,2,5,15570.00,0.00,77850.00
OI0004965,O001641,P0080,3,4,5590.00,15.00,19006.00
OI0004966,O001642,P0010,1,2,3500.00,0.00,7000.00
OI0004967,O001642,P0023,2,8,12130.00,5.00,92188.00
OI0004968,O001642,P0016,3,8,8740.00,10.00,62928.00
OI0004969,O001642,P0018,4,1,670.00,10.00,603.00
OI0004970,O001643,P0069,1,11,12320.00,0.00,135520.00
OI0004971,O001643,P0037,2,1,6650.00,15.00,5652.50
OI0004972,O001643,P0041,3,10,12490.00,15.00,106165.00
OI0004973,O001643,P0042,4,1,2830.00,15.00,2405.50
OI0004974,O001643,P0063,5,5,3720.00,5.00,17670.00
OI0004975,O001644,P0027,1,6,4890.00,0.00,29340.00
OI0004976,O001644,P0076,2,9,8140.00,0.00,73260.00
OI0004977,O001644,P0061,3,7,9420.00,10.00,59346.00
OI0004978,O001645,P0058,1,2,1830.00,10.00,3294.00
OI0004979,O001646,P0057,1,11,5170.00,0.00,56870.00
OI0004980,O001646,P0036,2,7,10120.00,0.00,70840.00
OI0004981,O001646,P0005,3,7,3300.00,10.00,20790.00
OI0004982,O001647,P0045,1,6,14880.00,15.00,75888.00
OI0004983,O001647,P0051,2,4,12120.00,5.00,46056.00
OI0004984,O001647,P0043,3,7,9450.00,0.00,66150.00
OI0004985,O001648,P0023,1,5,12130.00,5.00,57617.50
OI0004986,O001648,P0015,2,6,8020.00,0.00,48120.00
OI0004987,O001648,P0003,3,4,14640.00,10.00,52704.00
OI0004988,O001648,P0024,4,4,11180.00,10.00,40248.00
OI0004989,O001649,P0033,1,11,800.00,15.00,7480.00
OI0004990,O001649,P0059,2,9,14710.00,5.00,125770.50
OI0004991,O001649,P0044,3,12,13780.00,0.00,165360.00
OI0004992,O001649,P0049,4,3,16150.00,15.00,41182.50
OI0004993,O001650,P0071,1,3,16680.00,0.00,50040.00
OI0004994,O001650,P0053,2,5,16730.00,0.00,83650.00
OI0004995,O001651,P0014,1,7,14460.00,0.00,101220.00
OI0004996,O001651,P0055,2,3,16840.00,0.00,50520.00
OI0004997,O001651,P0070,3,10,13990.00,10.00,125910.00
OI0004998,O001651,P0073,4,8,1430.00,0.00,11440.00
OI0004999,O001651,P0021,5,7,17850.00,0.00,124950.00
OI0005000,O001652,P0032,1,1,330.00,10.00,297.00
OI0005001,O001653,P0027,1,8,4890.00,15.00,33252.00
OI0005002,O001654,P0042,1,6,2830.00,5.00,16131.00
OI0005003,O001654,P0029,2,1,8380.00,10.00,7542.00
OI0005004,O001655,P0034,1,10,10570.00,15.00,89845.00
OI0005005,O001655,P0049,2,4,16150.00,0.00,64600.00
OI0005006,O001655,P0009,3,5,5290.00,0.00,26450.00
OI0005007,O001655,P0027,4,6,4890.00,0.00,29340.00
OI0005008,O001655,P0060,5,5,8800.00,0.00,44000.00
OI0005009,O001656,P0029,1,5,8380.00,10.00,37710.00
OI0005010,O001656,P0055,2,10,16840.00,0.00,168400.00
OI0005011,O001656,P0052,3,12,13500.00,5.00,153900.00
OI0005012,O001656,P0001,4,3,4300.00,0.00,12900.00
OI0005013,O001657,P0055,1,12,16840.00,0.00,202080.00
OI0005014,O001657,P0011,2,10,6240.00,0.00,62400.00
OI0005015,O001657,P0075,3,9,14230.00,0.00,128070.00
OI0005016,O001657,P0030,4,4,340.00,10.00,1224.00
OI0005017,O001657,P0044,5,10,13780.00,10.00,124020.00
OI0005018,O001658,P0046,1,4,7120.00,10.00,25632.00
OI0005019,O001658,P0004,2,11,16440.00,0.00,180840.00
OI0005020,O001658,P0057,3,2,5170.00,0.00,10340.00
OI0005021,O001658,P0019,4,3,7370.00,0.00,22110.00
OI0005022,O001658,P0065,5,4,10680.00,0.00,42720.00
OI0005023,O001659,P0037,1,7,6650.00,0.00,46550.00
OI0005024,O001659,P0073,2,9,1430.00,5.00,12226.50
OI0005025,O001659,P0024,3,2,11180.00,0.00,22360.00
OI0005026,O001660,P0021,1,12,17850.00,0.00,214200.00
OI0005027,O001660,P0004,2,3,16440.00,10.00,44388.00
OI0005028,O001660,P0054,3,1,10100.00,5.00,9595.00
OI0005029,O001661,P0046,1,1,7120.00,10.00,6408.00
OI0005030,O001661,P0062,2,10,8730.00,0.00,87300.00
OI0005031,O001661,P0009,3,10,5290.00,0.00,52900.00
OI0005032,O001661,P0048,4,6,12050.00,0.00,72300.00
OI0005033,O001662,P0074,1,1,10020.00,0.00,10020.00
OI0005034,O001663,P0048,1,9,12050.00,0.00,108450.00
OI0005035,O001663,P0057,2,5,5170.00,15.00,21972.50
OI0005036,O001663,P0026,3,5,13420.00,10.00,60390.00
OI0005037,O001663,P0003,4,9,14640.00,5.00,125172.00
OI0005038,O001664,P0074,1,5,10020.00,0.00,50100.00
OI0005039,O001664,P0059,2,10,14710.00,5.00,139745.00
OI0005040,O001664,P0055,3,1,16840.00,10.00,15156.00
OI0005041,O001665,P0049,1,3,16150.00,0.00,48450.00
OI0005042,O001665,P0039,2,10,3060.00,0.00,30600.00
OI0005043,O001665,P0015,3,1,8020.00,0.00,8020.00
OI0005044,O001665,P0021,4,8,17850.00,0.00,142800.00
OI0005045,O001665,P0078,5,1,7660.00,0.00,7660.00
OI0005046,O001666,P0031,1,7,3650.00,5.00,24272.50
OI0005047,O001666,P0046,2,8,7120.00,0.00,56960.00
OI0005048,O001666,P0045,3,11,14880.00,0.00,163680.00
OI0005049,O001666,P0058,4,2,1830.00,0.00,3660.00
OI0005050,O001666,P0065,5,6,10680.00,10.00,57672.00
OI0005051,O001667,P0011,1,2,6240.00,15.00,10608.00
OI0005052,O001667,P0067,2,3,16160.00,15.00,41208.00
OI0005053,O001668,P0037,1,4,6650.00,0.00,26600.00
OI0005054,O001668,P0043,2,12,9450.00,10.00,102060.00
OI0005055,O001669,P0001,1,10,4300.00,5.00,40850.00
OI0005056,O001669,P0011,2,7,6240.00,0.00,43680.00
OI0005057,O001669,P0001,3,4,4300.00,5.00,16340.00
OI0005058,O001669,P0008,4,8,5830.00,0.00,46640.00
OI0005059,O001670,P0007,1,1,4920.00,0.00,4920.00
OI0005060,O001670,P0061,2,1,9420.00,10.00,8478.00
OI0005061,O001670,P0025,3,3,13240.00,0.00,39720.00
OI0005062,O001670,P0022,4,3,8500.00,5.00,24225.00
OI0005063,O001670,P0004,5,1,16440.00,10.00,14796.00
OI0005064,O001671,P0031,1,8,3650.00,0.00,29200.00
OI0005065,O001671,P0013,2,9,9840.00,0.00,88560.00
OI0005066,O001672,P0041,1,3,12490.00,10.00,33723.00
OI0005067,O001672,P0078,2,4,7660.00,5.00,29108.00
OI0005068,O001672,P0032,3,11,330.00,0.00,3630.00
OI0005069,O001672,P0017,4,4,3480.00,0.00,13920.00
OI0005070,O001672,P0005,5,10,3300.00,15.00,28050.00
OI0005071,O001673,P0027,1,7,4890.00,15.00,29095.50
OI0005072,O001673,P0003,2,4,14640.00,15.00,49776.00
OI0005073,O001673,P0039,3,3,3060.00,15.00,7803.00
OI0005074,O001673,P0030,4,3,340.00,10.00,918.00
OI0005075,O001674,P0069,1,11,12320.00,0.00,135520.00
OI0005076,O001674,P0005,2,8,3300.00,0.00,26400.00
OI0005077,O001675,P0056,1,2,10190.00,10.00,18342.00
OI0005078,O001675,P0048,2,2,12050.00,15.00,20485.00
OI0005079,O001675,P0006,3,12,570.00,0.00,6840.00
OI0005080,O001676,P0062,1,5,8730.00,10.00,39285.00
OI0005081,O001677,P0077,1,3,14410.00,0.00,43230.00
OI0005082,O001677,P0005,2,3,3300.00,15.00,8415.00
OI0005083,O001678,P0053,1,10,16730.00,5.00,158935.00
OI0005084,O001678,P0024,2,10,11180.00,0.00,111800.00
OI0005085,O001678,P0056,3,12,10190.00,0.00,122280.00
OI0005086,O001679,P0075,1,6,14230.00,0.00,85380.00
OI0005087,O001680,P0039,1,12,3060.00,5.00,34884.00
OI0005088,O001680,P0054,2,4,10100.00,5.00,38380.00
OI0005089,O001680,P0073,3,6,1430.00,5.00,8151.00
OI0005090,O001680,P0005,4,1,3300.00,5.00,3135.00
OI0005091,O001680,P0019,5,5,7370.00,0.00,36850.00
OI0005092,O001681,P0003,1,8,14640.00,0.00,117120.00
OI0005093,O001682,P0020,1,8,5780.00,5.00,43928.00
OI0005094,O001682,P0033,2,4,800.00,0.00,3200.00
OI0005095,O001682,P0077,3,7,14410.00,5.00,95826.50
OI0005096,O001682,P0077,4,12,14410.00,0.00,172920.00
OI0005097,O001683,P0064,1,6,8250.00,10.00,44550.00
OI0005098,O001683,P0038,2,1,11890.00,5.00,11295.50
OI0005099,O001683,P0057,3,5,5170.00,0.00,25850.00
OI0005100,O001684,P0029,1,2,8380.00,0.00,16760.00
OI0005101,O001684,P0017,2,10,3480.00,15.00,29580.00
OI0005102,O001685,P0001,1,3,4300.00,0.00,12900.00
OI0005103,O001685,P0039,2,9,3060.00,0.00,27540.00
OI0005104,O001685,P0071,3,12,16680.00,5.00,190152.00
OI0005105,O001686,P0067,1,6,16160.00,10.00,87264.00
OI0005106,O001686,P0034,2,8,10570.00,0.00,84560.00
OI0005107,O001686,P0075,3,12,14230.00,15.00,145146.00
OI0005108,O001686,P0018,4,8,670.00,0.00,5360.00
OI0005109,O001687,P0065,1,1,10680.00,10.00,9612.00
OI0005110,O001687,P0029,2,1,8380.00,10.00,7542.00
OI0005111,O001688,P0045,1,9,14880.00,15.00,113832.00
OI0005112,O001689,P0045,1,9,14880.00,0.00,133920.00
OI0005113,O001689,P0025,2,10,13240.00,0.00,132400.00
OI0005114,O001689,P0016,3,5,8740.00,15.00,37145.00
OI0005115,O001689,P0015,4,6,8020.00,0.00,48120.00
OI0005116,O001689,P0005,5,5,3300.00,0.00,16500.00
OI0005117,O001690,P0025,1,4,13240.00,0.00,52960.00
OI0005118,O001690,P0031,2,10,3650.00,0.00,36500.00
OI0005119,O001690,P0073,3,11,1430.00,10.00,14157.00
OI0005120,O001690,P0004,4,8,16440.00,15.00,111792.00
OI0005121,O001690,P0072,5,9,6730.00,0.00,60570.00
OI0005122,O001691,P0017,1,1,3480.00,5.00,3306.00
OI0005123,O001691,P0079,2,9,15570.00,0.00,140130.00
OI0005124,O001692,P0075,1,8,14230.00,5.00,108148.00
OI0005125,O001692,P0072,2,5,6730.00,10.00,30285.00
OI0005126,O001692,P0047,3,6,2190.00,0.00,13140.00
OI0005127,O001693,P0077,1,5,14410.00,5.00,68447.50
OI0005128,O001693,P0020,2,12,5780.00,10.00,62424.00
OI0005129,O001694,P0016,1,3,8740.00,10.00,23598.00
OI0005130,O001694,P0047,2,1,2190.00,0.00,2190.00
OI0005131,O001695,P0038,1,3,11890.00,15.00,30319.50
OI0005132,O001695,P0047,2,5,2190.00,10.00,9855.00
OI0005133,O001696,P0073,1,12,1430.00,10.00,15444.00
OI0005134,O001697,P0007,1,7,4920.00,0.00,34440.00
OI0005135,O001697,P0041,2,4,12490.00,0.00,49960.00
OI0005136,O001698,P0067,1,8,16160.00,10.00,116352.00
OI0005137,O001698,P0019,2,1,7370.00,0.00,7370.00
OI0005138,O001698,P0066,3,10,11920.00,0.00,119200.00
OI0005139,O001698,P0073,4,6,1430.00,0.00,8580.00
OI0005140,O001698,P0066,5,8,11920.00,0.00,95360.00
OI0005141,O001699,P0014,1,7,14460.00,0.00,101220.00
OI0005142,O001699,P0037,2,3,6650.00,5.00,18952.50
OI0005143,O001699,P0053,3,8,16730.00,15.00,113764.00
OI0005144,O001699,P0061,4,4,9420.00,0.00,37680.00
OI0005145,O001699,P0003,5,10,14640.00,10.00,131760.00
OI0005146,O001700,P0010,1,1,3500.00,0.00,3500.00
OI0005147,O001700,P0002,2,9,12930.00,10.00,104733.00
OI0005148,O001701,P0031,1,4,3650.00,10.00,13140.00
OI0005149,O001701,P0062,2,7,8730.00,15.00,51943.50
OI0005150,O001701,P0044,3,7,13780.00,5.00,91637.00
OI0005151,O001702,P0037,1,11,6650.00,0.00,73150.00
OI0005152,O001702,P0055,2,4,16840.00,10.00,60624.00
OI0005153,O001702,P0028,3,5,9080.00,0.00,45400.00
OI0005154,O001703,P0032,1,12,330.00,5.00,3762.00
OI0005155,O001703,P0018,2,11,670.00,10.00,6633.00
OI0005156,O001703,P0065,3,3,10680.00,0.00,32040.00
OI0005157,O001703,P0055,4,12,16840.00,15.00,171768.00
OI0005158,O001704,P0041,1,9,12490.00,15.00,95548.50
OI0005159,O001704,P0072,2,1,6730.00,0.00,6730.00
OI0005160,O001704,P0055,3,4,16840.00,0.00,67360.00
OI0005161,O001704,P0027,4,3,4890.00,0.00,14670.00
OI0005162,O001704,P0031,5,10,3650.00,5.00,34675.00
OI0005163,O001705,P0029,1,6,8380.00,0.00,50280.00
OI0005164,O001705,P0054,2,6,10100.00,0.00,60600.00
OI0005165,O001706,P0026,1,8,13420.00,0.00,107360.00
OI0005166,O001706,P0050,2,5,14600.00,10.00,65700.00
OI0005167,O001706,P0033,3,6,800.00,0.00,4800.00
OI0005168,O001707,P0024,1,3,11180.00,10.00,30186.00
OI0005169,O001708,P0058,1,7,1830.00,0.00,12810.00
OI0005170,O001708,P0030,2,3,340.00,0.00,1020.00
OI0005171,O001709,P0021,1,7,17850.00,15.00,106207.50
OI0005172,O001709,P0006,2,9,570.00,15.00,4360.50
OI0005173,O001709,P0020,3,7,5780.00,5.00,38437.00
OI0005174,O001710,P0049,1,2,16150.00,0.00,32300.00
OI0005175,O001710,P0024,2,4,11180.00,15.00,38012.00
OI0005176,O001710,P0077,3,11,14410.00,0.00,158510.00
OI0005177,O001710,P0035,4,6,14850.00,0.00,89100.00
OI0005178,O001711,P0056,1,4,10190.00,5.00,38722.00
OI0005179,O001711,P0068,2,4,2100.00,5.00,7980.00
OI0005180,O001711,P0008,3,1,5830.00,0.00,5830.00
OI0005181,O001712,P0047,1,7,2190.00,15.00,13030.50
OI0005182,O001712,P0018,2,9,670.00,0.00,6030.00
OI0005183,O001712,P0059,3,1,14710.00,0.00,14710.00
OI0005184,O001713,P0001,1,6,4300.00,5.00,24510.00
OI0005185,O001713,P0036,2,12,10120.00,0.00,121440.00
OI0005186,O001713,P0045,3,3,14880.00,15.00,37944.00
OI0005187,O001714,P0006,1,12,570.00,0.00,6840.00
OI0005188,O001714,P0071,2,7,16680.00,10.00,105084.00
OI0005189,O001714,P0005,3,8,3300.00,10.00,23760.00
OI0005190,O001715,P0072,1,10,6730.00,15.00,57205.00
OI0005191,O001716,P0009,1,10,5290.00,0.00,52900.00
OI0005192,O001716,P0028,2,5,9080.00,0.00,45400.00
OI0005193,O001717,P0022,1,8,8500.00,10.00,61200.00
OI0005194,O001717,P0045,2,8,14880.00,0.00,119040.00
OI0005195,O001717,P0066,3,3,11920.00,5.00,33972.00
OI0005196,O001718,P0012,1,3,6280.00,15.00,16014.00
OI0005197,O001718,P0027,2,7,4890.00,0.00,34230.00
OI0005198,O001718,P0080,3,2,5590.00,0.00,11180.00
OI0005199,O001719,P0044,1,10,13780.00,15.00,117130.00
OI0005200,O001719,P0014,2,11,14460.00,15.00,135201.00
OI0005201,O001720,P0011,1,11,6240.00,10.00,61776.00
OI0005202,O001720,P0063,2,12,3720.00,10.00,40176.00
OI0005203,O001721,P0062,1,5,8730.00,5.00,41467.50
OI0005204,O001721,P0045,2,9,14880.00,10.00,120528.00
OI0005205,O001722,P0076,1,5,8140.00,0.00,40700.00
OI0005206,O001722,P0075,2,11,14230.00,0.00,156530.00
OI0005207,O001722,P0062,3,2,8730.00,0.00,17460.00
OI0005208,O001722,P0028,4,2,9080.00,5.00,17252.00
OI0005209,O001722,P0041,5,2,12490.00,15.00,21233.00
OI0005210,O001723,P0075,1,6,14230.00,10.00,76842.00
OI0005211,O001723,P0009,2,12,5290.00,0.00,63480.00
OI0005212,O001724,P0002,1,4,12930.00,0.00,51720.00
OI0005213,O001724,P0048,2,4,12050.00,10.00,43380.00
OI0005214,O001724,P0010,3,10,3500.00,5.00,33250.00
OI0005215,O001724,P0021,4,10,17850.00,15.00,151725.00
OI0005216,O001724,P0070,5,10,13990.00,15.00,118915.00
OI0005217,O001725,P0067,1,6,16160.00,5.00,92112.00
OI0005218,O001725,P0041,2,10,12490.00,0.00,124900.00
OI0005219,O001725,P0027,3,6,4890.00,5.00,27873.00
OI0005220,O001725,P0049,4,8,16150.00,0.00,129200.00
OI0005221,O001725,P0033,5,5,800.00,0.00,4000.00
OI0005222,O001726,P0004,1,3,16440.00,15.00,41922.00
OI0005223,O001727,P0043,1,1,9450.00,0.00,9450.00
OI0005224,O001727,P0070,2,4,13990.00,5.00,53162.00
OI0005225,O001727,P0051,3,3,12120.00,10.00,32724.00
OI0005226,O001727,P0032,4,11,330.00,15.00,3085.50
OI0005227,O001728,P0042,1,2,2830.00,15.00,4811.00
OI0005228,O001729,P0057,1,2,5170.00,0.00,10340.00
OI0005229,O001729,P0018,2,11,670.00,0.00,7370.00
OI0005230,O001730,P0011,1,6,6240.00,0.00,37440.00
OI0005231,O001730,P0006,2,9,570.00,10.00,4617.00
OI0005232,O001730,P0055,3,9,16840.00,10.00,136404.00
OI0005233,O001731,P0071,1,10,16680.00,15.00,141780.00
OI0005234,O001731,P0004,2,11,16440.00,10.00,162756.00
OI0005235,O001731,P0050,3,11,14600.00,5.00,152570.00
OI0005236,O001731,P0080,4,11,5590.00,5.00,58415.50
OI0005237,O001732,P0013,1,3,9840.00,5.00,28044.00
OI0005238,O001732,P0036,2,2,10120.00,0.00,20240.00
OI0005239,O001733,P0080,1,3,5590.00,10.00,15093.00
OI0005240,O001733,P0042,2,10,2830.00,0.00,28300.00
OI0005241,O001733,P0073,3,2,1430.00,0.00,2860.00
OI0005242,O001733,P0012,4,3,6280.00,10.00,16956.00
OI0005243,O001733,P0059,5,1,14710.00,15.00,12503.50
OI0005244,O001734,P0005,1,11,3300.00,0.00,36300.00
OI0005245,O001734,P0016,2,5,8740.00,0.00,43700.00
OI0005246,O001734,P0004,3,4,16440.00,0.00,65760.00
OI0005247,O001735,P0054,1,3,10100.00,0.00,30300.00
OI0005248,O001735,P0012,2,6,6280.00,0.00,37680.00
OI0005249,O001735,P0075,3,9,14230.00,5.00,121666.50
OI0005250,O001736,P0006,1,4,570.00,0.00,2280.00
OI0005251,O001736,P0032,2,6,330.00,10.00,1782.00
OI0005252,O001737,P0013,1,2,9840.00,10.00,17712.00
OI0005253,O001737,P0015,2,1,8020.00,15.00,6817.00
OI0005254,O001737,P0069,3,9,12320.00,15.00,94248.00
OI0005255,O001738,P0001,1,9,4300.00,0.00,38700.00
OI0005256,O001738,P0054,2,7,10100.00,0.00,70700.00
OI0005257,O001738,P0022,3,8,8500.00,10.00,61200.00
OI0005258,O001739,P0021,1,2,17850.00,10.00,32130.00
OI0005259,O001739,P0008,2,2,5830.00,0.00,11660.00
OI0005260,O001739,P0065,3,8,10680.00,5.00,81168.00
OI0005261,O001739,P0040,4,9,17530.00,0.00,157770.00
OI0005262,O001739,P0065,5,11,10680.00,10.00,105732.00
OI0005263,O001740,P0072,1,11,6730.00,10.00,66627.00
OI0005264,O001741,P0069,1,11,12320.00,15.00,115192.00
OI0005265,O001741,P0013,2,9,9840.00,0.00,88560.00
OI0005266,O001741,P0010,3,12,3500.00,0.00,42000.00
OI0005267,O001741,P0023,4,6,12130.00,0.00,72780.00
OI0005268,O001742,P0003,1,4,14640.00,15.00,49776.00
OI0005269,O001742,P0027,2,7,4890.00,10.00,30807.00
OI0005270,O001742,P0041,3,2,12490.00,0.00,24980.00
OI0005271,O001742,P0065,4,7,10680.00,15.00,63546.00
OI0005272,O001742,P0038,5,6,11890.00,0.00,71340.00
OI0005273,O001743,P0046,1,3,7120.00,15.00,18156.00
OI0005274,O001743,P0059,2,6,14710.00,0.00,88260.00
OI0005275,O001743,P0009,3,8,5290.00,0.00,42320.00
OI0005276,O001743,P0020,4,2,5780.00,10.00,10404.00
OI0005277,O001743,P0058,5,4,1830.00,0.00,7320.00
OI0005278,O001744,P0027,1,2,4890.00,0.00,9780.00
OI0005279,O001745,P0075,1,8,14230.00,15.00,96764.00
OI0005280,O001745,P0080,2,10,5590.00,0.00,55900.00
OI0005281,O001745,P0025,3,12,13240.00,10.00,142992.00
OI0005282,O001746,P0017,1,9,3480.00,15.00,26622.00
OI0005283,O001746,P0061,2,12,9420.00,5.00,107388.00
OI0005284,O001746,P0009,3,10,5290.00,0.00,52900.00
OI0005285,O001746,P0009,4,1,5290.00,5.00,5025.50
OI0005286,O001747,P0023,1,5,12130.00,0.00,60650.00
OI0005287,O001748,P0068,1,9,2100.00,10.00,17010.00
OI0005288,O001748,P0066,2,7,11920.00,5.00,79268.00
OI0005289,O001749,P0079,1,9,15570.00,5.00,133123.50
OI0005290,O001750,P0069,1,12,12320.00,0.00,147840.00
OI0005291,O001750,P0052,2,2,13500.00,15.00,22950.00
OI0005292,O001751,P0025,1,12,13240.00,0.00,158880.00
OI0005293,O001751,P0063,2,1,3720.00,5.00,3534.00
OI0005294,O001752,P0031,1,12,3650.00,5.00,41610.00
OI0005295,O001752,P0056,2,4,10190.00,5.00,38722.00
OI0005296,O001753,P0012,1,6,6280.00,0.00,37680.00
OI0005297,O001753,P0068,2,3,2100.00,10.00,5670.00
OI0005298,O001753,P0010,3,11,3500.00,15.00,32725.00
OI0005299,O001753,P0062,4,8,8730.00,0.00,69840.00
OI0005300,O001754,P0043,1,5,9450.00,0.00,47250.00
OI0005301,O001755,P0075,1,7,14230.00,0.00,99610.00
OI0005302,O001755,P0062,2,6,8730.00,0.00,52380.00
OI0005303,O001755,P0031,3,11,3650.00,0.00,40150.00
OI0005304,O001755,P0071,4,9,16680.00,0.00,150120.00
OI0005305,O001756,P0006,1,12,570.00,0.00,6840.00
OI0005306,O001756,P0055,2,5,16840.00,0.00,84200.00
OI0005307,O001757,P0044,1,8,13780.00,0.00,110240.00
OI0005308,O001758,P0027,1,6,4890.00,0.00,29340.00
OI0005309,O001758,P0055,2,9,16840.00,0.00,151560.00
OI0005310,O001758,P0036,3,6,10120.00,10.00,54648.00
OI0005311,O001758,P0046,4,9,7120.00,10.00,57672.00
OI0005312,O001758,P0062,5,4,8730.00,0.00,34920.00
OI0005313,O001759,P0010,1,4,3500.00,0.00,14000.00
OI0005314,O001759,P0015,2,7,8020.00,10.00,50526.00
OI0005315,O001759,P0011,3,10,6240.00,0.00,62400.00
OI0005316,O001759,P0025,4,6,13240.00,10.00,71496.00
OI0005317,O001759,P0022,5,6,8500.00,0.00,51000.00
OI0005318,O001760,P0010,1,11,3500.00,0.00,38500.00
OI0005319,O001760,P0032,2,5,330.00,15.00,1402.50
OI0005320,O001760,P0017,3,11,3480.00,15.00,32538.00
OI0005321,O001760,P0007,4,10,4920.00,0.00,49200.00
OI0005322,O001760,P0024,5,10,11180.00,5.00,106210.00
OI0005323,O001761,P0020,1,10,5780.00,0.00,57800.00
OI0005324,O001761,P0020,2,8,5780.00,0.00,46240.00
OI0005325,O001761,P0017,3,5,3480.00,0.00,17400.00
OI0005326,O001761,P0044,4,10,13780.00,0.00,137800.00
OI0005327,O001762,P0075,1,3,14230.00,15.00,36286.50
OI0005328,O001762,P0044,2,5,13780.00,15.00,58565.00
OI0005329,O001762,P0003,3,2,14640.00,0.00,29280.00
OI0005330,O001763,P0059,1,12,14710.00,0.00,176520.00
OI0005331,O001763,P0051,2,11,12120.00,0.00,133320.00
OI0005332,O001764,P0055,1,3,16840.00,5.00,47994.00
OI0005333,O001764,P0030,2,11,340.00,0.00,3740.00
OI0005334,O001764,P0005,3,4,3300.00,0.00,13200.00
OI0005335,O001764,P0014,4,9,14460.00,5.00,123633.00
OI0005336,O001765,P0049,1,2,16150.00,0.00,32300.00
OI0005337,O001765,P0062,2,1,8730.00,0.00,8730.00
OI0005338,O001765,P0062,3,4,8730.00,5.00,33174.00
OI0005339,O001765,P0017,4,1,3480.00,5.00,3306.00
OI0005340,O001765,P0055,5,3,16840.00,0.00,50520.00
OI0005341,O001766,P0074,1,9,10020.00,15.00,76653.00
OI0005342,O001766,P0013,2,9,9840.00,10.00,79704.00
OI0005343,O001766,P0052,3,4,13500.00,0.00,54000.00
OI0005344,O001766,P0059,4,4,14710.00,10.00,52956.00
OI0005345,O001766,P0012,5,3,6280.00,15.00,16014.00
OI0005346,O001767,P0057,1,10,5170.00,0.00,51700.00
OI0005347,O001767,P0076,2,5,8140.00,0.00,40700.00
OI0005348,O001767,P0040,3,4,17530.00,5.00,66614.00
OI0005349,O001767,P0013,4,6,9840.00,10.00,53136.00
OI0005350,O001768,P0017,1,1,3480.00,0.00,3480.00
OI0005351,O001769,P0053,1,8,16730.00,0.00,133840.00
OI0005352,O001769,P0004,2,5,16440.00,10.00,73980.00
OI0005353,O001769,P0058,3,4,1830.00,15.00,6222.00
OI0005354,O001769,P0052,4,7,13500.00,10.00,85050.00
OI0005355,O001770,P0054,1,7,10100.00,0.00,70700.00
OI0005356,O001770,P0062,2,7,8730.00,5.00,58054.50
OI0005357,O001770,P0005,3,11,3300.00,10.00,32670.00
OI0005358,O001770,P0026,4,1,13420.00,0.00,13420.00
OI0005359,O001770,P0021,5,12,17850.00,15.00,182070.00
OI0005360,O001771,P0017,1,2,3480.00,5.00,6612.00
OI0005361,O001771,P0038,2,5,11890.00,0.00,59450.00
OI0005362,O001772,P0049,1,2,16150.00,0.00,32300.00
OI0005363,O001772,P0075,2,7,14230.00,15.00,84668.50
OI0005364,O001772,P0049,3,12,16150.00,15.00,164730.00
OI0005365,O001773,P0073,1,5,1430.00,0.00,7150.00
OI0005366,O001774,P0010,1,12,3500.00,15.00,35700.00
OI0005367,O001775,P0011,1,10,6240.00,5.00,59280.00
OI0005368,O001775,P0008,2,5,5830.00,0.00,29150.00
OI0005369,O001775,P0057,3,5,5170.00,0.00,25850.00
OI0005370,O001775,P0059,4,12,14710.00,0.00,176520.00
OI0005371,O001775,P0044,5,3,13780.00,0.00,41340.00
OI0005372,O001776,P0073,1,8,1430.00,5.00,10868.00
OI0005373,O001776,P0046,2,11,7120.00,5.00,74404.00
OI0005374,O001776,P0055,3,1,16840.00,0.00,16840.00
OI0005375,O001777,P0006,1,2,570.00,0.00,1140.00
OI0005376,O001777,P0063,2,10,3720.00,0.00,37200.00
OI0005377,O001777,P0028,3,12,9080.00,0.00,108960.00
OI0005378,O001777,P0040,4,8,17530.00,10.00,126216.00
OI0005379,O001777,P0042,5,1,2830.00,15.00,2405.50
OI0005380,O001778,P0001,1,2,4300.00,0.00,8600.00
OI0005381,O001778,P0023,2,1,12130.00,5.00,11523.50
OI0005382,O001778,P0058,3,12,1830.00,5.00,20862.00
OI0005383,O001778,P0036,4,11,10120.00,5.00,105754.00
OI0005384,O001778,P0071,5,4,16680.00,5.00,63384.00
OI0005385,O001779,P0075,1,5,14230.00,0.00,71150.00
OI0005386,O001779,P0017,2,11,3480.00,10.00,34452.00
OI0005387,O001779,P0048,3,12,12050.00,10.00,130140.00
OI0005388,O001779,P0050,4,4,14600.00,15.00,49640.00
OI0005389,O001780,P0044,1,11,13780.00,0.00,151580.00
OI0005390,O001780,P0044,2,1,13780.00,0.00,13780.00
OI0005391,O001780,P0070,3,1,13990.00,5.00,13290.50
OI0005392,O001780,P0001,4,11,4300.00,0.00,47300.00
OI0005393,O001780,P0009,5,11,5290.00,0.00,58190.00
OI0005394,O001781,P0077,1,5,14410.00,0.00,72050.00
OI0005395,O001781,P0045,2,1,14880.00,0.00,14880.00
OI0005396,O001782,P0021,1,3,17850.00,0.00,53550.00
OI0005397,O001782,P0022,2,1,8500.00,0.00,8500.00
OI0005398,O001782,P0014,3,12,14460.00,5.00,164844.00
OI0005399,O001783,P0002,1,12,12930.00,10.00,139644.00
OI0005400,O001783,P0024,2,9,11180.00,5.00,95589.00
OI0005401,O001783,P0064,3,12,8250.00,0.00,99000.00
OI0005402,O001783,P0061,4,4,9420.00,0.00,37680.00
OI0005403,O001784,P0025,1,10,13240.00,0.00,132400.00
OI0005404,O001784,P0036,2,11,10120.00,10.00,100188.00
OI0005405,O001784,P0025,3,8,13240.00,15.00,90032.00
OI0005406,O001785,P0049,1,7,16150.00,0.00,113050.00
OI0005407,O001785,P0061,2,12,9420.00,15.00,96084.00
OI0005408,O001785,P0018,3,4,670.00,5.00,2546.00
OI0005409,O001785,P0079,4,2,15570.00,0.00,31140.00
OI0005410,O001786,P0042,1,1,2830.00,0.00,2830.00
OI0005411,O001787,P0034,1,4,10570.00,0.00,42280.00
OI0005412,O001787,P0045,2,12,14880.00,15.00,151776.00
OI0005413,O001787,P0040,3,10,17530.00,0.00,175300.00
OI0005414,O001787,P0030,4,11,340.00,0.00,3740.00
OI0005415,O001788,P0075,1,6,14230.00,0.00,85380.00
OI0005416,O001788,P0016,2,4,8740.00,15.00,29716.00
OI0005417,O001789,P0004,1,9,16440.00,0.00,147960.00
OI0005418,O001789,P0070,2,4,13990.00,0.00,55960.00
OI0005419,O001790,P0003,1,3,14640.00,5.00,41724.00
OI0005420,O001790,P0060,2,4,8800.00,0.00,35200.00
OI0005421,O001790,P0064,3,2,8250.00,0.00,16500.00
OI0005422,O001791,P0024,1,2,11180.00,0.00,22360.00
OI0005423,O001791,P0007,2,1,4920.00,5.00,4674.00
OI0005424,O001791,P0077,3,9,14410.00,0.00,129690.00
OI0005425,O001791,P0058,4,8,1830.00,10.00,13176.00
OI0005426,O001792,P0015,1,11,8020.00,10.00,79398.00
OI0005427,O001792,P0045,2,11,14880.00,0.00,163680.00
OI0005428,O001793,P0029,1,7,8380.00,0.00,58660.00
OI0005429,O001793,P0005,2,5,3300.00,15.00,14025.00
OI0005430,O001793,P0078,3,7,7660.00,10.00,48258.00
OI0005431,O001793,P0054,4,1,10100.00,0.00,10100.00
OI0005432,O001794,P0032,1,10,330.00,0.00,3300.00
OI0005433,O001795,P0048,1,11,12050.00,10.00,119295.00
OI0005434,O001795,P0067,2,7,16160.00,0.00,113120.00
OI0005435,O001795,P0025,3,2,13240.00,5.00,25156.00
OI0005436,O001795,P0002,4,1,12930.00,5.00,12283.50
OI0005437,O001795,P0024,5,6,11180.00,5.00,63726.00
OI0005438,O001796,P0040,1,9,17530.00,10.00,141993.00
OI0005439,O001796,P0075,2,9,14230.00,0.00,128070.00
OI0005440,O001797,P0059,1,6,14710.00,10.00,79434.00
OI0005441,O001797,P0035,2,9,14850.00,0.00,133650.00
OI0005442,O001797,P0052,3,12,13500.00,0.00,162000.00
OI0005443,O001797,P0050,4,1,14600.00,5.00,13870.00
OI0005444,O001797,P0058,5,9,1830.00,10.00,14823.00
OI0005445,O001798,P0008,1,9,5830.00,0.00,52470.00
OI0005446,O001798,P0008,2,3,5830.00,15.00,14866.50
OI0005447,O001798,P0071,3,7,16680.00,0.00,116760.00
OI0005448,O001799,P0048,1,2,12050.00,0.00,24100.00
OI0005449,O001799,P0075,2,3,14230.00,0.00,42690.00
OI0005450,O001799,P0027,3,1,4890.00,0.00,4890.00
OI0005451,O001799,P0034,4,10,10570.00,5.00,100415.00
OI0005452,O001799,P0035,5,12,14850.00,0.00,178200.00
OI0005453,O001800,P0036,1,6,10120.00,0.00,60720.00
OI0005454,O001800,P0001,2,8,4300.00,15.00,29240.00
OI0005455,O001800,P0051,3,9,12120.00,0.00,109080.00
OI0005456,O001801,P0080,1,5,5590.00,5.00,26552.50
OI0005457,O001802,P0022,1,12,8500.00,10.00,91800.00
OI0005458,O001802,P0056,2,7,10190.00,5.00,67763.50
OI0005459,O001802,P0048,3,10,12050.00,0.00,120500.00
OI0005460,O001802,P0056,4,1,10190.00,0.00,10190.00
OI0005461,O001802,P0064,5,12,8250.00,5.00,94050.00
OI0005462,O001803,P0076,1,5,8140.00,10.00,36630.00
OI0005463,O001803,P0025,2,1,13240.00,0.00,13240.00
OI0005464,O001804,P0042,1,2,2830.00,0.00,5660.00
OI0005465,O001804,P0010,2,2,3500.00,0.00,7000.00
OI0005466,O001804,P0017,3,8,3480.00,15.00,23664.00
OI0005467,O001805,P0048,1,2,12050.00,10.00,21690.00
OI0005468,O001805,P0018,2,2,670.00,0.00,1340.00
OI0005469,O001806,P0071,1,3,16680.00,0.00,50040.00
OI0005470,O001807,P0016,1,7,8740.00,5.00,58121.00
OI0005471,O001807,P0029,2,7,8380.00,0.00,58660.00
OI0005472,O001807,P0050,3,10,14600.00,0.00,146000.00
OI0005473,O001808,P0006,1,7,570.00,0.00,3990.00
OI0005474,O001808,P0078,2,3,7660.00,5.00,21831.00
OI0005475,O001808,P0012,3,8,6280.00,0.00,50240.00
OI0005476,O001808,P0023,4,5,12130.00,0.00,60650.00
OI0005477,O001809,P0013,1,5,9840.00,10.00,44280.00
OI0005478,O001809,P0014,2,9,14460.00,15.00,110619.00
OI0005479,O001810,P0076,1,10,8140.00,0.00,81400.00
OI0005480,O001810,P0071,2,8,16680.00,5.00,126768.00
OI0005481,O001811,P0012,1,8,6280.00,5.00,47728.00
OI0005482,O001811,P0068,2,7,2100.00,0.00,14700.00
OI0005483,O001811,P0053,3,5,16730.00,0.00,83650.00
OI0005484,O001812,P0025,1,1,13240.00,10.00,11916.00
OI0005485,O001812,P0026,2,9,13420.00,0.00,120780.00
OI0005486,O001812,P0070,3,10,13990.00,0.00,139900.00
OI0005487,O001812,P0075,4,4,14230.00,0.00,56920.00
OI0005488,O001812,P0031,5,9,3650.00,0.00,32850.00
OI0005489,O001813,P0049,1,12,16150.00,0.00,193800.00
OI0005490,O001813,P0077,2,5,14410.00,0.00,72050.00
OI0005491,O001814,P0013,1,3,9840.00,10.00,26568.00
OI0005492,O001814,P0071,2,2,16680.00,10.00,30024.00
OI0005493,O001815,P0025,1,4,13240.00,10.00,47664.00
OI0005494,O001815,P0019,2,12,7370.00,15.00,75174.00
OI0005495,O001815,P0078,3,11,7660.00,0.00,84260.00
OI0005496,O001816,P0036,1,1,10120.00,0.00,10120.00
OI0005497,O001816,P0048,2,12,12050.00,5.00,137370.00
OI0005498,O001817,P0012,1,2,6280.00,0.00,12560.00
OI0005499,O001817,P0057,2,6,5170.00,15.00,26367.00
OI0005500,O001818,P0064,1,5,8250.00,0.00,41250.00
OI0005501,O001818,P0030,2,10,340.00,15.00,2890.00
OI0005502,O001818,P0077,3,1,14410.00,0.00,14410.00
OI0005503,O001818,P0016,4,6,8740.00,10.00,47196.00
OI0005504,O001818,P0070,5,9,13990.00,0.00,125910.00
OI0005505,O001819,P0010,1,4,3500.00,15.00,11900.00
OI0005506,O001819,P0023,2,4,12130.00,5.00,46094.00
OI0005507,O001819,P0046,3,4,7120.00,10.00,25632.00
OI0005508,O001819,P0048,4,11,12050.00,15.00,112667.50
OI0005509,O001819,P0008,5,8,5830.00,0.00,46640.00
OI0005510,O001820,P0077,1,5,14410.00,0.00,72050.00
OI0005511,O001820,P0064,2,8,8250.00,10.00,59400.00
OI0005512,O001821,P0008,1,6,5830.00,10.00,31482.00
OI0005513,O001821,P0019,2,10,7370.00,0.00,73700.00
OI0005514,O001821,P0019,3,10,7370.00,0.00,73700.00
OI0005515,O001821,P0061,4,5,9420.00,10.00,42390.00
OI0005516,O001821,P0028,5,4,9080.00,5.00,34504.00
OI0005517,O001822,P0051,1,5,12120.00,0.00,60600.00
OI0005518,O001823,P0015,1,8,8020.00,0.00,64160.00
OI0005519,O001823,P0015,2,8,8020.00,0.00,64160.00
OI0005520,O001823,P0058,3,11,1830.00,15.00,17110.50
OI0005521,O001823,P0007,4,6,4920.00,0.00,29520.00
OI0005522,O001823,P0018,5,6,670.00,0.00,4020.00
OI0005523,O001824,P0032,1,10,330.00,0.00,3300.00
OI0005524,O001824,P0021,2,12,17850.00,0.00,214200.00
OI0005525,O001825,P0026,1,3,13420.00,10.00,36234.00
OI0005526,O001826,P0030,1,12,340.00,0.00,4080.00
OI0005527,O001826,P0023,2,12,12130.00,0.00,145560.00
OI0005528,O001826,P0031,3,8,3650.00,0.00,29200.00
OI0005529,O001826,P0005,4,5,3300.00,0.00,16500.00
OI0005530,O001826,P0061,5,10,9420.00,15.00,80070.00
OI0005531,O001827,P0063,1,1,3720.00,10.00,3348.00
OI0005532,O001827,P0016,2,9,8740.00,0.00,78660.00
OI0005533,O001827,P0032,3,12,330.00,10.00,3564.00
OI0005534,O001827,P0073,4,9,1430.00,15.00,10939.50
OI0005535,O001828,P0005,1,11,3300.00,0.00,36300.00
OI0005536,O001828,P0036,2,10,10120.00,10.00,91080.00
OI0005537,O001829,P0021,1,12,17850.00,5.00,203490.00
OI0005538,O001829,P0050,2,3,14600.00,0.00,43800.00
OI0005539,O001829,P0019,3,12,7370.00,0.00,88440.00
OI0005540,O001830,P0061,1,5,9420.00,0.00,47100.00
OI0005541,O001831,P0008,1,5,5830.00,0.00,29150.00
OI0005542,O001831,P0027,2,3,4890.00,10.00,13203.00
OI0005543,O001831,P0007,3,5,4920.00,10.00,22140.00
OI0005544,O001831,P0014,4,5,14460.00,0.00,72300.00
OI0005545,O001832,P0048,1,10,12050.00,0.00,120500.00
OI0005546,O001832,P0053,2,9,16730.00,0.00,150570.00
OI0005547,O001832,P0050,3,6,14600.00,0.00,87600.00
OI0005548,O001833,P0012,1,12,6280.00,5.00,71592.00
OI0005549,O001833,P0060,2,9,8800.00,0.00,79200.00
OI0005550,O001833,P0031,3,8,3650.00,15.00,24820.00
OI0005551,O001834,P0075,1,3,14230.00,0.00,42690.00
OI0005552,O001834,P0051,2,1,12120.00,10.00,10908.00
OI0005553,O001834,P0054,3,12,10100.00,10.00,109080.00
OI0005554,O001834,P0031,4,5,3650.00,5.00,17337.50
OI0005555,O001834,P0065,5,3,10680.00,10.00,28836.00
OI0005556,O001835,P0008,1,9,5830.00,15.00,44599.50
OI0005557,O001835,P0029,2,12,8380.00,0.00,100560.00
OI0005558,O001835,P0077,3,5,14410.00,10.00,64845.00
OI0005559,O001835,P0010,4,3,3500.00,0.00,10500.00
OI0005560,O001835,P0035,5,9,14850.00,15.00,113602.50
OI0005561,O001836,P0039,1,7,3060.00,15.00,18207.00
OI0005562,O001836,P0029,2,9,8380.00,5.00,71649.00
OI0005563,O001837,P0053,1,6,16730.00,0.00,100380.00
OI0005564,O001838,P0045,1,3,14880.00,5.00,42408.00
OI0005565,O001839,P0051,1,6,12120.00,0.00,72720.00
OI0005566,O001839,P0072,2,10,6730.00,0.00,67300.00
OI0005567,O001839,P0075,3,3,14230.00,0.00,42690.00
OI0005568,O001840,P0063,1,12,3720.00,10.00,40176.00
OI0005569,O001840,P0076,2,3,8140.00,0.00,24420.00
OI0005570,O001840,P0023,3,11,12130.00,5.00,126758.50
OI0005571,O001841,P0065,1,1,10680.00,15.00,9078.00
OI0005572,O001841,P0079,2,8,15570.00,10.00,112104.00
OI0005573,O001841,P0013,3,4,9840.00,0.00,39360.00
OI0005574,O001841,P0076,4,2,8140.00,0.00,16280.00
OI0005575,O001842,P0021,1,4,17850.00,0.00,71400.00
OI0005576,O001842,P0063,2,4,3720.00,0.00,14880.00
OI0005577,O001843,P0067,1,8,16160.00,10.00,116352.00
OI0005578,O001843,P0009,2,10,5290.00,5.00,50255.00
OI0005579,O001843,P0062,3,1,8730.00,10.00,7857.00
OI0005580,O001843,P0076,4,1,8140.00,0.00,8140.00
OI0005581,O001843,P0041,5,2,12490.00,10.00,22482.00
OI0005582,O001844,P0052,1,2,13500.00,0.00,27000.00
OI0005583,O001844,P0062,2,12,8730.00,0.00,104760.00
OI0005584,O001845,P0006,1,3,570.00,0.00,1710.00
OI0005585,O001845,P0049,2,2,16150.00,5.00,30685.00
OI0005586,O001846,P0079,1,7,15570.00,10.00,98091.00
OI0005587,O001846,P0006,2,9,570.00,0.00,5130.00
OI0005588,O001846,P0007,3,11,4920.00,10.00,48708.00
OI0005589,O001846,P0008,4,11,5830.00,0.00,64130.00
OI0005590,O001847,P0077,1,3,14410.00,0.00,43230.00
OI0005591,O001847,P0006,2,7,570.00,5.00,3790.50
OI0005592,O001847,P0025,3,9,13240.00,0.00,119160.00
OI0005593,O001847,P0001,4,9,4300.00,15.00,32895.00
OI0005594,O001848,P0016,1,4,8740.00,5.00,33212.00
OI0005595,O001848,P0002,2,8,12930.00,0.00,103440.00
OI0005596,O001848,P0033,3,3,800.00,10.00,2160.00
OI0005597,O001848,P0070,4,5,13990.00,15.00,59457.50
OI0005598,O001848,P0065,5,7,10680.00,15.00,63546.00
OI0005599,O001849,P0060,1,6,8800.00,10.00,47520.00
OI0005600,O001849,P0041,2,5,12490.00,0.00,62450.00
OI0005601,O001849,P0036,3,4,10120.00,0.00,40480.00
OI0005602,O001850,P0013,1,11,9840.00,10.00,97416.00
OI0005603,O001850,P0009,2,2,5290.00,10.00,9522.00
OI0005604,O001850,P0012,3,11,6280.00,0.00,69080.00
OI0005605,O001850,P0080,4,4,5590.00,0.00,22360.00
OI0005606,O001851,P0061,1,1,9420.00,0.00,9420.00
OI0005607,O001851,P0019,2,4,7370.00,0.00,29480.00
OI0005608,O001851,P0020,3,1,5780.00,5.00,5491.00
OI0005609,O001851,P0044,4,9,13780.00,15.00,105417.00
OI0005610,O001852,P0067,1,11,16160.00,10.00,159984.00
OI0005611,O001852,P0045,2,11,14880.00,15.00,139128.00
OI0005612,O001853,P0069,1,6,12320.00,0.00,73920.00
OI0005613,O001854,P0012,1,6,6280.00,0.00,37680.00
OI0005614,O001854,P0022,2,10,8500.00,0.00,85000.00
OI0005615,O001855,P0033,1,12,800.00,0.00,9600.00
OI0005616,O001856,P0049,1,11,16150.00,5.00,168767.50
OI0005617,O001856,P0011,2,9,6240.00,15.00,47736.00
OI0005618,O001856,P0008,3,3,5830.00,15.00,14866.50
OI0005619,O001856,P0047,4,8,2190.00,10.00,15768.00
OI0005620,O001857,P0058,1,8,1830.00,5.00,13908.00
OI0005621,O001857,P0028,2,5,9080.00,0.00,45400.00
OI0005622,O001857,P0067,3,10,16160.00,15.00,137360.00
OI0005623,O001858,P0068,1,11,2100.00,15.00,19635.00
OI0005624,O001858,P0024,2,3,11180.00,15.00,28509.00
OI0005625,O001858,P0073,3,3,1430.00,0.00,4290.00
OI0005626,O001858,P0011,4,10,6240.00,15.00,53040.00
OI0005627,O001858,P0027,5,12,4890.00,0.00,58680.00
OI0005628,O001859,P0051,1,5,12120.00,5.00,57570.00
OI0005629,O001859,P0012,2,10,6280.00,0.00,62800.00
OI0005630,O001859,P0062,3,11,8730.00,0.00,96030.00
OI0005631,O001860,P0020,1,5,5780.00,0.00,28900.00
OI0005632,O001860,P0043,2,3,9450.00,0.00,28350.00
OI0005633,O001860,P0056,3,10,10190.00,10.00,91710.00
OI0005634,O001860,P0076,4,11,8140.00,15.00,76109.00
OI0005635,O001860,P0002,5,11,12930.00,0.00,142230.00
OI0005636,O001861,P0022,1,1,8500.00,0.00,8500.00
OI0005637,O001861,P0037,2,6,6650.00,10.00,35910.00
OI0005638,O001862,P0077,1,9,14410.00,0.00,129690.00
OI0005639,O001862,P0013,2,7,9840.00,5.00,65436.00
OI0005640,O001862,P0028,3,6,9080.00,15.00,46308.00
OI0005641,O001862,P0035,4,2,14850.00,0.00,29700.00
OI0005642,O001862,P0049,5,7,16150.00,0.00,113050.00
OI0005643,O001863,P0008,1,3,5830.00,5.00,16615.50
OI0005644,O001863,P0057,2,2,5170.00,0.00,10340.00
OI0005645,O001864,P0005,1,11,3300.00,15.00,30855.00
OI0005646,O001864,P0061,2,5,9420.00,0.00,47100.00
OI0005647,O001864,P0042,3,12,2830.00,10.00,30564.00
OI0005648,O001864,P0030,4,10,340.00,0.00,3400.00
OI0005649,O001865,P0024,1,2,11180.00,0.00,22360.00
OI0005650,O001865,P0018,2,5,670.00,15.00,2847.50
OI0005651,O001866,P0047,1,10,2190.00,5.00,20805.00
OI0005652,O001866,P0032,2,3,330.00,0.00,990.00
OI0005653,O001866,P0032,3,9,330.00,0.00,2970.00
OI0005654,O001867,P0019,1,10,7370.00,10.00,66330.00
OI0005655,O001867,P0035,2,8,14850.00,0.00,118800.00
OI0005656,O001867,P0076,3,3,8140.00,0.00,24420.00
OI0005657,O001868,P0029,1,4,8380.00,5.00,31844.00
OI0005658,O001868,P0011,2,8,6240.00,0.00,49920.00
OI0005659,O001868,P0071,3,2,16680.00,15.00,28356.00
OI0005660,O001868,P0035,4,11,14850.00,10.00,147015.00
OI0005661,O001868,P0037,5,8,6650.00,0.00,53200.00
OI0005662,O001869,P0075,1,9,14230.00,5.00,121666.50
OI0005663,O001869,P0034,2,3,10570.00,0.00,31710.00
OI0005664,O001869,P0014,3,2,14460.00,0.00,28920.00
OI0005665,O001870,P0009,1,7,5290.00,10.00,33327.00
OI0005666,O001870,P0002,2,12,12930.00,0.00,155160.00
OI0005667,O001870,P0013,3,5,9840.00,10.00,44280.00
OI0005668,O001870,P0052,4,2,13500.00,0.00,27000.00
OI0005669,O001870,P0077,5,7,14410.00,0.00,100870.00
OI0005670,O001871,P0017,1,3,3480.00,10.00,9396.00
OI0005671,O001871,P0005,2,3,3300.00,5.00,9405.00
OI0005672,O001872,P0068,1,11,2100.00,0.00,23100.00
OI0005673,O001873,P0061,1,1,9420.00,0.00,9420.00
OI0005674,O001873,P0038,2,10,11890.00,5.00,112955.00
OI0005675,O001874,P0065,1,11,10680.00,0.00,117480.00
OI0005676,O001875,P0064,1,5,8250.00,5.00,39187.50
OI0005677,O001875,P0022,2,3,8500.00,0.00,25500.00
OI0005678,O001875,P0003,3,7,14640.00,0.00,102480.00
OI0005679,O001875,P0043,4,2,9450.00,10.00,17010.00
OI0005680,O001876,P0033,1,6,800.00,0.00,4800.00
OI0005681,O001877,P0061,1,9,9420.00,10.00,76302.00
OI0005682,O001877,P0051,2,9,12120.00,15.00,92718.00
OI0005683,O001877,P0026,3,2,13420.00,0.00,26840.00
OI0005684,O001878,P0065,1,8,10680.00,0.00,85440.00
OI0005685,O001879,P0059,1,9,14710.00,0.00,132390.00
OI0005686,O001880,P0072,1,8,6730.00,0.00,53840.00
OI0005687,O001880,P0061,2,5,9420.00,0.00,47100.00
OI0005688,O001881,P0028,1,11,9080.00,0.00,99880.00
OI0005689,O001881,P0001,2,2,4300.00,10.00,7740.00
OI0005690,O001882,P0004,1,6,16440.00,10.00,88776.00
OI0005691,O001882,P0057,2,10,5170.00,0.00,51700.00
OI0005692,O001882,P0010,3,2,3500.00,5.00,6650.00
OI0005693,O001882,P0068,4,5,2100.00,0.00,10500.00
OI0005694,O001883,P0048,1,12,12050.00,0.00,144600.00
OI0005695,O001883,P0079,2,2,15570.00,0.00,31140.00
OI0005696,O001883,P0046,3,12,7120.00,15.00,72624.00
OI0005697,O001883,P0026,4,9,13420.00,5.00,114741.00
OI0005698,O001884,P0002,1,5,12930.00,0.00,64650.00
OI0005699,O001884,P0032,2,7,330.00,0.00,2310.00
OI0005700,O001884,P0066,3,11,11920.00,15.00,111452.00
OI0005701,O001885,P0001,1,1,4300.00,10.00,3870.00
OI0005702,O001885,P0076,2,11,8140.00,0.00,89540.00
OI0005703,O001886,P0080,1,10,5590.00,0.00,55900.00
OI0005704,O001887,P0020,1,7,5780.00,15.00,34391.00
OI0005705,O001887,P0064,2,7,8250.00,10.00,51975.00
OI0005706,O001887,P0064,3,10,8250.00,5.00,78375.00
OI0005707,O001887,P0063,4,10,3720.00,15.00,31620.00
OI0005708,O001888,P0008,1,6,5830.00,5.00,33231.00
OI0005709,O001889,P0052,1,12,13500.00,10.00,145800.00
OI0005710,O001890,P0006,1,3,570.00,10.00,1539.00
OI0005711,O001890,P0012,2,7,6280.00,0.00,43960.00
OI0005712,O001890,P0067,3,11,16160.00,10.00,159984.00
OI0005713,O001891,P0022,1,6,8500.00,0.00,51000.00
OI0005714,O001891,P0059,2,11,14710.00,0.00,161810.00
OI0005715,O001891,P0001,3,1,4300.00,0.00,4300.00
OI0005716,O001891,P0047,4,5,2190.00,15.00,9307.50
OI0005717,O001892,P0027,1,12,4890.00,0.00,58680.00
OI0005718,O001892,P0048,2,6,12050.00,0.00,72300.00
OI0005719,O001892,P0012,3,3,6280.00,0.00,18840.00
OI0005720,O001892,P0011,4,6,6240.00,10.00,33696.00
OI0005721,O001892,P0023,5,1,12130.00,5.00,11523.50
OI0005722,O001893,P0064,1,5,8250.00,15.00,35062.50
OI0005723,O001894,P0008,1,2,5830.00,5.00,11077.00
OI0005724,O001894,P0067,2,11,16160.00,5.00,168872.00
OI0005725,O001894,P0042,3,2,2830.00,0.00,5660.00
OI0005726,O001894,P0019,4,5,7370.00,0.00,36850.00
OI0005727,O001895,P0008,1,6,5830.00,5.00,33231.00
OI0005728,O001895,P0042,2,1,2830.00,0.00,2830.00
OI0005729,O001895,P0042,3,10,2830.00,10.00,25470.00
OI0005730,O001895,P0045,4,9,14880.00,0.00,133920.00
OI0005731,O001896,P0019,1,8,7370.00,0.00,58960.00
OI0005732,O001896,P0004,2,1,16440.00,10.00,14796.00
OI0005733,O001896,P0001,3,10,4300.00,0.00,43000.00
OI0005734,O001896,P0061,4,3,9420.00,15.00,24021.00
OI0005735,O001896,P0063,5,3,3720.00,15.00,9486.00
OI0005736,O001897,P0003,1,3,14640.00,5.00,41724.00
OI0005737,O001897,P0025,2,8,13240.00,15.00,90032.00
OI0005738,O001897,P0011,3,9,6240.00,15.00,47736.00
OI0005739,O001897,P0053,4,11,16730.00,0.00,184030.00
OI0005740,O001898,P0016,1,12,8740.00,0.00,104880.00
OI0005741,O001898,P0068,2,7,2100.00,15.00,12495.00
OI0005742,O001898,P0007,3,11,4920.00,0.00,54120.00
OI0005743,O001898,P0029,4,5,8380.00,5.00,39805.00
OI0005744,O001898,P0064,5,2,8250.00,10.00,14850.00
OI0005745,O001899,P0043,1,7,9450.00,15.00,56227.50
OI0005746,O001899,P0049,2,4,16150.00,5.00,61370.00
OI0005747,O001899,P0009,3,11,5290.00,0.00,58190.00
OI0005748,O001900,P0006,1,8,570.00,15.00,3876.00
OI0005749,O001900,P0065,2,8,10680.00,10.00,76896.00
OI0005750,O001900,P0003,3,2,14640.00,5.00,27816.00
OI0005751,O001901,P0033,1,5,800.00,15.00,3400.00
OI0005752,O001901,P0013,2,7,9840.00,10.00,61992.00
OI0005753,O001901,P0054,3,2,10100.00,10.00,18180.00
OI0005754,O001902,P0055,1,4,16840.00,0.00,67360.00
OI0005755,O001902,P0013,2,10,9840.00,10.00,88560.00
OI0005756,O001902,P0006,3,12,570.00,15.00,5814.00
OI0005757,O001903,P0037,1,12,6650.00,0.00,79800.00
OI0005758,O001903,P0046,2,5,7120.00,0.00,35600.00
OI0005759,O001904,P0059,1,5,14710.00,5.00,69872.50
OI0005760,O001904,P0005,2,12,3300.00,15.00,33660.00
OI0005761,O001905,P0050,1,7,14600.00,5.00,97090.00
OI0005762,O001905,P0078,2,4,7660.00,0.00,30640.00
OI0005763,O001905,P0024,3,2,11180.00,10.00,20124.00
OI0005764,O001905,P0038,4,4,11890.00,5.00,45182.00
OI0005765,O001905,P0054,5,11,10100.00,15.00,94435.00
OI0005766,O001906,P0058,1,8,1830.00,0.00,14640.00
OI0005767,O001906,P0052,2,3,13500.00,10.00,36450.00
OI0005768,O001906,P0044,3,5,13780.00,0.00,68900.00
OI0005769,O001907,P0002,1,10,12930.00,0.00,129300.00
OI0005770,O001907,P0002,2,6,12930.00,15.00,65943.00
OI0005771,O001907,P0002,3,11,12930.00,10.00,128007.00
OI0005772,O001907,P0034,4,3,10570.00,10.00,28539.00
OI0005773,O001907,P0010,5,3,3500.00,10.00,9450.00
OI0005774,O001908,P0050,1,6,14600.00,0.00,87600.00
OI0005775,O001909,P0013,1,4,9840.00,0.00,39360.00
OI0005776,O001910,P0025,1,11,13240.00,0.00,145640.00
OI0005777,O001910,P0039,2,2,3060.00,5.00,5814.00
OI0005778,O001910,P0035,3,2,14850.00,0.00,29700.00
OI0005779,O001910,P0003,4,7,14640.00,5.00,97356.00
OI0005780,O001910,P0039,5,10,3060.00,0.00,30600.00
OI0005781,O001911,P0071,1,6,16680.00,10.00,90072.00
OI0005782,O001911,P0060,2,12,8800.00,10.00,95040.00
OI0005783,O001911,P0020,3,11,5780.00,0.00,63580.00
OI0005784,O001911,P0061,4,12,9420.00,0.00,113040.00
OI0005785,O001912,P0032,1,10,330.00,0.00,3300.00
OI0005786,O001912,P0043,2,9,9450.00,15.00,72292.50
OI0005787,O001912,P0057,3,8,5170.00,0.00,41360.00
OI0005788,O001912,P0013,4,2,9840.00,5.00,18696.00
OI0005789,O001913,P0037,1,4,6650.00,0.00,26600.00
OI0005790,O001913,P0066,2,7,11920.00,10.00,75096.00
OI0005791,O001913,P0059,3,9,14710.00,0.00,132390.00
OI0005792,O001914,P0077,1,5,14410.00,0.00,72050.00
OI0005793,O001914,P0063,2,5,3720.00,0.00,18600.00
OI0005794,O001915,P0023,1,8,12130.00,0.00,97040.00
OI0005795,O001915,P0017,2,9,3480.00,0.00,31320.00
OI0005796,O001915,P0063,3,9,3720.00,5.00,31806.00
OI0005797,O001915,P0036,4,11,10120.00,0.00,111320.00
OI0005798,O001915,P0018,5,11,670.00,5.00,7001.50
OI0005799,O001916,P0060,1,5,8800.00,5.00,41800.00
OI0005800,O001916,P0002,2,9,12930.00,0.00,116370.00
OI0005801,O001917,P0066,1,6,11920.00,10.00,64368.00
OI0005802,O001917,P0051,2,11,12120.00,0.00,133320.00
OI0005803,O001917,P0049,3,6,16150.00,10.00,87210.00
OI0005804,O001917,P0069,4,4,12320.00,10.00,44352.00
OI0005805,O001918,P0043,1,4,9450.00,0.00,37800.00
OI0005806,O001918,P0016,2,8,8740.00,15.00,59432.00
OI0005807,O001919,P0064,1,4,8250.00,10.00,29700.00
OI0005808,O001919,P0009,2,3,5290.00,0.00,15870.00
OI0005809,O001919,P0065,3,7,10680.00,0.00,74760.00
OI0005810,O001919,P0067,4,12,16160.00,0.00,193920.00
OI0005811,O001920,P0016,1,6,8740.00,15.00,44574.00
OI0005812,O001920,P0022,2,10,8500.00,5.00,80750.00
OI0005813,O001920,P0066,3,2,11920.00,15.00,20264.00
OI0005814,O001920,P0031,4,9,3650.00,5.00,31207.50
OI0005815,O001921,P0015,1,7,8020.00,5.00,53333.00
OI0005816,O001921,P0047,2,9,2190.00,5.00,18724.50
OI0005817,O001921,P0079,3,12,15570.00,0.00,186840.00
OI0005818,O001922,P0033,1,7,800.00,0.00,5600.00
OI0005819,O001923,P0015,1,7,8020.00,0.00,56140.00
OI0005820,O001924,P0051,1,2,12120.00,10.00,21816.00
OI0005821,O001924,P0043,2,4,9450.00,0.00,37800.00
OI0005822,O001924,P0021,3,4,17850.00,0.00,71400.00
OI0005823,O001924,P0016,4,5,8740.00,0.00,43700.00
OI0005824,O001925,P0067,1,6,16160.00,10.00,87264.00
OI0005825,O001925,P0058,2,11,1830.00,5.00,19123.50
OI0005826,O001926,P0048,1,9,12050.00,0.00,108450.00
OI0005827,O001926,P0073,2,1,1430.00,0.00,1430.00
OI0005828,O001926,P0049,3,2,16150.00,0.00,32300.00
OI0005829,O001927,P0048,1,9,12050.00,0.00,108450.00
OI0005830,O001927,P0006,2,8,570.00,0.00,4560.00
OI0005831,O001927,P0005,3,12,3300.00,10.00,35640.00
OI0005832,O001927,P0006,4,8,570.00,5.00,4332.00
OI0005833,O001927,P0018,5,9,670.00,0.00,6030.00
OI0005834,O001928,P0014,1,4,14460.00,0.00,57840.00
OI0005835,O001928,P0035,2,11,14850.00,0.00,163350.00
OI0005836,O001929,P0080,1,5,5590.00,0.00,27950.00
OI0005837,O001929,P0009,2,10,5290.00,0.00,52900.00
OI0005838,O001929,P0072,3,1,6730.00,15.00,5720.50
OI0005839,O001930,P0028,1,7,9080.00,0.00,63560.00
OI0005840,O001931,P0039,1,12,3060.00,5.00,34884.00
OI0005841,O001931,P0051,2,3,12120.00,0.00,36360.00
OI0005842,O001931,P0021,3,5,17850.00,0.00,89250.00
OI0005843,O001931,P0028,4,8,9080.00,10.00,65376.00
OI0005844,O001931,P0045,5,8,14880.00,10.00,107136.00
OI0005845,O001932,P0013,1,10,9840.00,0.00,98400.00
OI0005846,O001932,P0004,2,1,16440.00,15.00,13974.00
OI0005847,O001932,P0052,3,8,13500.00,10.00,97200.00
OI0005848,O001933,P0076,1,7,8140.00,0.00,56980.00
OI0005849,O001933,P0050,2,3,14600.00,0.00,43800.00
OI0005850,O001933,P0052,3,11,13500.00,5.00,141075.00
OI0005851,O001933,P0033,4,4,800.00,0.00,3200.00
OI0005852,O001934,P0059,1,12,14710.00,0.00,176520.00
OI0005853,O001934,P0030,2,10,340.00,0.00,3400.00
OI0005854,O001934,P0055,3,8,16840.00,10.00,121248.00
OI0005855,O001935,P0063,1,11,3720.00,0.00,40920.00
OI0005856,O001935,P0032,2,1,330.00,15.00,280.50
OI0005857,O001935,P0046,3,3,7120.00,0.00,21360.00
OI0005858,O001935,P0055,4,8,16840.00,0.00,134720.00
OI0005859,O001935,P0059,5,5,14710.00,10.00,66195.00
OI0005860,O001936,P0047,1,7,2190.00,5.00,14563.50
OI0005861,O001936,P0050,2,3,14600.00,10.00,39420.00
OI0005862,O001937,P0077,1,9,14410.00,0.00,129690.00
OI0005863,O001937,P0041,2,10,12490.00,10.00,112410.00
OI0005864,O001937,P0004,3,9,16440.00,0.00,147960.00
OI0005865,O001937,P0023,4,3,12130.00,10.00,32751.00
OI0005866,O001938,P0067,1,3,16160.00,5.00,46056.00
OI0005867,O001939,P0046,1,4,7120.00,15.00,24208.00
OI0005868,O001939,P0030,2,4,340.00,0.00,1360.00
OI0005869,O001939,P0022,3,11,8500.00,15.00,79475.00
OI0005870,O001939,P0047,4,1,2190.00,0.00,2190.00
OI0005871,O001939,P0023,5,12,12130.00,0.00,145560.00
OI0005872,O001940,P0068,1,6,2100.00,15.00,10710.00
OI0005873,O001940,P0004,2,11,16440.00,0.00,180840.00
OI0005874,O001940,P0031,3,2,3650.00,0.00,7300.00
OI0005875,O001940,P0064,4,8,8250.00,10.00,59400.00
OI0005876,O001940,P0017,5,9,3480.00,0.00,31320.00
OI0005877,O001941,P0066,1,10,11920.00,0.00,119200.00
OI0005878,O001941,P0022,2,7,8500.00,0.00,59500.00
OI0005879,O001941,P0004,3,11,16440.00,10.00,162756.00
OI0005880,O001941,P0020,4,8,5780.00,15.00,39304.00
OI0005881,O001941,P0068,5,7,2100.00,10.00,13230.00
OI0005882,O001942,P0024,1,9,11180.00,0.00,100620.00
OI0005883,O001942,P0069,2,3,12320.00,5.00,35112.00
OI0005884,O001942,P0023,3,3,12130.00,15.00,30931.50
OI0005885,O001943,P0020,1,3,5780.00,0.00,17340.00
OI0005886,O001943,P0011,2,2,6240.00,0.00,12480.00
OI0005887,O001943,P0037,3,1,6650.00,10.00,5985.00
OI0005888,O001944,P0047,1,8,2190.00,0.00,17520.00
OI0005889,O001944,P0055,2,5,16840.00,15.00,71570.00
OI0005890,O001944,P0028,3,11,9080.00,0.00,99880.00
OI0005891,O001944,P0010,4,4,3500.00,0.00,14000.00
OI0005892,O001944,P0034,5,11,10570.00,5.00,110456.50
OI0005893,O001945,P0023,1,9,12130.00,10.00,98253.00
OI0005894,O001945,P0071,2,7,16680.00,15.00,99246.00
OI0005895,O001945,P0030,3,4,340.00,10.00,1224.00
OI0005896,O001946,P0024,1,4,11180.00,5.00,42484.00
OI0005897,O001946,P0055,2,12,16840.00,15.00,171768.00
OI0005898,O001946,P0011,3,2,6240.00,5.00,11856.00
OI0005899,O001946,P0039,4,10,3060.00,0.00,30600.00
OI0005900,O001946,P0055,5,3,16840.00,10.00,45468.00
OI0005901,O001947,P0046,1,5,7120.00,0.00,35600.00
OI0005902,O001947,P0012,2,4,6280.00,0.00,25120.00
OI0005903,O001948,P0014,1,7,14460.00,0.00,101220.00
OI0005904,O001948,P0039,2,5,3060.00,0.00,15300.00
OI0005905,O001948,P0021,3,12,17850.00,5.00,203490.00
OI0005906,O001948,P0067,4,3,16160.00,10.00,43632.00
OI0005907,O001948,P0080,5,10,5590.00,15.00,47515.00
OI0005908,O001949,P0014,1,9,14460.00,15.00,110619.00
OI0005909,O001949,P0031,2,6,3650.00,5.00,20805.00
OI0005910,O001949,P0069,3,12,12320.00,0.00,147840.00
OI0005911,O001949,P0020,4,10,5780.00,10.00,52020.00
OI0005912,O001950,P0076,1,2,8140.00,5.00,15466.00
OI0005913,O001950,P0057,2,4,5170.00,5.00,19646.00
OI0005914,O001950,P0027,3,12,4890.00,0.00,58680.00
OI0005915,O001950,P0044,4,11,13780.00,0.00,151580.00
OI0005916,O001951,P0019,1,7,7370.00,0.00,51590.00
OI0005917,O001951,P0038,2,7,11890.00,0.00,83230.00
OI0005918,O001951,P0063,3,4,3720.00,0.00,14880.00
OI0005919,O001952,P0017,1,6,3480.00,0.00,20880.00
OI0005920,O001952,P0039,2,1,3060.00,5.00,2907.00
OI0005921,O001953,P0074,1,9,10020.00,10.00,81162.00
OI0005922,O001953,P0040,2,12,17530.00,0.00,210360.00
OI0005923,O001953,P0051,3,1,12120.00,0.00,12120.00
OI0005924,O001953,P0036,4,8,10120.00,10.00,72864.00
OI0005925,O001953,P0002,5,10,12930.00,0.00,129300.00
OI0005926,O001954,P0033,1,3,800.00,0.00,2400.00
OI0005927,O001954,P0008,2,12,5830.00,5.00,66462.00
OI0005928,O001954,P0002,3,3,12930.00,5.00,36850.50
OI0005929,O001954,P0027,4,11,4890.00,0.00,53790.00
OI0005930,O001954,P0067,5,4,16160.00,5.00,61408.00
OI0005931,O001955,P0021,1,1,17850.00,15.00,15172.50
OI0005932,O001955,P0005,2,2,3300.00,0.00,6600.00
OI0005933,O001955,P0063,3,12,3720.00,15.00,37944.00
OI0005934,O001955,P0014,4,3,14460.00,5.00,41211.00
OI0005935,O001956,P0038,1,3,11890.00,15.00,30319.50
OI0005936,O001956,P0059,2,4,14710.00,0.00,58840.00
OI0005937,O001956,P0030,3,2,340.00,15.00,578.00
OI0005938,O001956,P0047,4,9,2190.00,0.00,19710.00
OI0005939,O001956,P0053,5,1,16730.00,0.00,16730.00
OI0005940,O001957,P0017,1,11,3480.00,10.00,34452.00
OI0005941,O001958,P0066,1,10,11920.00,0.00,119200.00
OI0005942,O001958,P0065,2,10,10680.00,0.00,106800.00
OI0005943,O001958,P0021,3,3,17850.00,5.00,50872.50
OI0005944,O001959,P0080,1,6,5590.00,10.00,30186.00
OI0005945,O001959,P0040,2,9,17530.00,15.00,134104.50
OI0005946,O001959,P0072,3,5,6730.00,0.00,33650.00
OI0005947,O001959,P0067,4,4,16160.00,15.00,54944.00
OI0005948,O001960,P0051,1,11,12120.00,0.00,133320.00
OI0005949,O001961,P0020,1,2,5780.00,5.00,10982.00
OI0005950,O001962,P0056,1,9,10190.00,15.00,77953.50
OI0005951,O001962,P0067,2,1,16160.00,0.00,16160.00
OI0005952,O001962,P0045,3,4,14880.00,0.00,59520.00
OI0005953,O001962,P0059,4,11,14710.00,0.00,161810.00
OI0005954,O001962,P0073,5,7,1430.00,10.00,9009.00
OI0005955,O001963,P0052,1,5,13500.00,0.00,67500.00
OI0005956,O001964,P0006,1,4,570.00,0.00,2280.00
OI0005957,O001965,P0031,1,6,3650.00,10.00,19710.00
OI0005958,O001965,P0061,2,8,9420.00,0.00,75360.00
OI0005959,O001966,P0076,1,3,8140.00,0.00,24420.00
OI0005960,O001966,P0049,2,8,16150.00,5.00,122740.00
OI0005961,O001966,P0027,3,12,4890.00,0.00,58680.00
OI0005962,O001966,P0057,4,12,5170.00,0.00,62040.00
OI0005963,O001966,P0039,5,3,3060.00,0.00,9180.00
OI0005964,O001967,P0011,1,5,6240.00,0.00,31200.00
OI0005965,O001967,P0060,2,4,8800.00,10.00,31680.00
OI0005966,O001967,P0054,3,12,10100.00,5.00,115140.00
OI0005967,O001967,P0026,4,12,13420.00,5.00,152988.00
OI0005968,O001967,P0034,5,3,10570.00,5.00,30124.50
OI0005969,O001968,P0034,1,2,10570.00,0.00,21140.00
OI0005970,O001968,P0078,2,9,7660.00,15.00,58599.00
OI0005971,O001968,P0035,3,2,14850.00,15.00,25245.00
OI0005972,O001968,P0077,4,1,14410.00,0.00,14410.00
OI0005973,O001969,P0028,1,2,9080.00,0.00,18160.00
OI0005974,O001969,P0015,2,9,8020.00,0.00,72180.00
OI0005975,O001969,P0045,3,11,14880.00,10.00,147312.00
OI0005976,O001969,P0048,4,7,12050.00,10.00,75915.00
OI0005977,O001970,P0022,1,11,8500.00,15.00,79475.00
OI0005978,O001970,P0037,2,4,6650.00,0.00,26600.00
OI0005979,O001970,P0043,3,10,9450.00,0.00,94500.00
OI0005980,O001970,P0021,4,7,17850.00,10.00,112455.00
OI0005981,O001971,P0052,1,9,13500.00,0.00,121500.00
OI0005982,O001971,P0029,2,4,8380.00,15.00,28492.00
OI0005983,O001971,P0074,3,6,10020.00,15.00,51102.00
OI0005984,O001971,P0015,4,11,8020.00,5.00,83809.00
OI0005985,O001972,P0031,1,6,3650.00,0.00,21900.00
OI0005986,O001972,P0078,2,12,7660.00,0.00,91920.00
OI0005987,O001973,P0007,1,4,4920.00,15.00,16728.00
OI0005988,O001973,P0028,2,4,9080.00,0.00,36320.00
OI0005989,O001973,P0045,3,5,14880.00,5.00,70680.00
OI0005990,O001974,P0076,1,1,8140.00,5.00,7733.00
OI0005991,O001974,P0034,2,5,10570.00,5.00,50207.50
OI0005992,O001975,P0010,1,6,3500.00,10.00,18900.00
OI0005993,O001975,P0073,2,10,1430.00,0.00,14300.00
OI0005994,O001975,P0057,3,8,5170.00,0.00,41360.00
OI0005995,O001975,P0061,4,8,9420.00,10.00,67824.00
OI0005996,O001976,P0062,1,4,8730.00,0.00,34920.00
OI0005997,O001976,P0065,2,1,10680.00,15.00,9078.00
OI0005998,O001976,P0029,3,6,8380.00,0.00,50280.00
OI0005999,O001977,P0047,1,9,2190.00,0.00,19710.00
OI0006000,O001977,P0076,2,2,8140.00,0.00,16280.00
OI0006001,O001977,P0041,3,5,12490.00,0.00,62450.00
OI0006002,O001978,P0013,1,3,9840.00,15.00,25092.00
OI0006003,O001978,P0014,2,5,14460.00,5.00,68685.00
OI0006004,O001978,P0030,3,3,340.00,15.00,867.00
OI0006005,O001978,P0044,4,5,13780.00,15.00,58565.00
OI0006006,O001979,P0018,1,7,670.00,0.00,4690.00
OI0006007,O001979,P0062,2,7,8730.00,0.00,61110.00
OI0006008,O001979,P0075,3,7,14230.00,0.00,99610.00
OI0006009,O001979,P0068,4,5,2100.00,10.00,9450.00
OI0006010,O001979,P0071,5,10,16680.00,0.00,166800.00
OI0006011,O001980,P0023,1,6,12130.00,0.00,72780.00
OI0006012,O001981,P0036,1,2,10120.00,5.00,19228.00
OI0006013,O001981,P0027,2,10,4890.00,10.00,44010.00
OI0006014,O001981,P0068,3,12,2100.00,0.00,25200.00
OI0006015,O001982,P0077,1,9,14410.00,0.00,129690.00
OI0006016,O001982,P0070,2,2,13990.00,0.00,27980.00
OI0006017,O001982,P0040,3,6,17530.00,5.00,99921.00
OI0006018,O001982,P0023,4,5,12130.00,5.00,57617.50
OI0006019,O001982,P0044,5,11,13780.00,0.00,151580.00
OI0006020,O001983,P0008,1,9,5830.00,0.00,52470.00
OI0006021,O001984,P0017,1,11,3480.00,10.00,34452.00
OI0006022,O001985,P0053,1,5,16730.00,0.00,83650.00
OI0006023,O001985,P0045,2,3,14880.00,0.00,44640.00
OI0006024,O001985,P0024,3,5,11180.00,15.00,47515.00
OI0006025,O001985,P0036,4,11,10120.00,10.00,100188.00
OI0006026,O001985,P0010,5,10,3500.00,10.00,31500.00
OI0006027,O001986,P0038,1,5,11890.00,0.00,59450.00
OI0006028,O001986,P0058,2,9,1830.00,0.00,16470.00
OI0006029,O001986,P0076,3,7,8140.00,15.00,48433.00
OI0006030,O001986,P0021,4,12,17850.00,0.00,214200.00
OI0006031,O001987,P0051,1,3,12120.00,0.00,36360.00
OI0006032,O001987,P0070,2,7,13990.00,0.00,97930.00
OI0006033,O001987,P0029,3,5,8380.00,0.00,41900.00
OI0006034,O001987,P0022,4,9,8500.00,0.00,76500.00
OI0006035,O001988,P0018,1,12,670.00,5.00,7638.00
OI0006036,O001989,P0038,1,4,11890.00,10.00,42804.00
OI0006037,O001989,P0035,2,1,14850.00,0.00,14850.00
OI0006038,O001989,P0012,3,6,6280.00,0.00,37680.00
OI0006039,O001989,P0024,4,6,11180.00,0.00,67080.00
OI0006040,O001990,P0041,1,6,12490.00,15.00,63699.00
OI0006041,O001990,P0035,2,8,14850.00,5.00,112860.00
OI0006042,O001991,P0035,1,7,14850.00,10.00,93555.00
OI0006043,O001991,P0055,2,6,16840.00,15.00,85884.00
OI0006044,O001991,P0054,3,5,10100.00,0.00,50500.00
OI0006045,O001991,P0062,4,7,8730.00,0.00,61110.00
OI0006046,O001992,P0079,1,11,15570.00,15.00,145579.50
OI0006047,O001992,P0064,2,1,8250.00,0.00,8250.00
OI0006048,O001992,P0058,3,1,1830.00,0.00,1830.00
OI0006049,O001992,P0042,4,1,2830.00,0.00,2830.00
OI0006050,O001993,P0005,1,1,3300.00,5.00,3135.00
OI0006051,O001993,P0068,2,1,2100.00,0.00,2100.00
OI0006052,O001993,P0074,3,9,10020.00,10.00,81162.00
OI0006053,O001993,P0044,4,6,13780.00,15.00,70278.00
OI0006054,O001993,P0055,5,12,16840.00,15.00,171768.00
OI0006055,O001994,P0049,1,9,16150.00,0.00,145350.00
OI0006056,O001994,P0065,2,9,10680.00,5.00,91314.00
OI0006057,O001995,P0019,1,12,7370.00,15.00,75174.00
OI0006058,O001996,P0033,1,3,800.00,0.00,2400.00
OI0006059,O001996,P0041,2,12,12490.00,0.00,149880.00
OI0006060,O001996,P0061,3,4,9420.00,0.00,37680.00
OI0006061,O001996,P0023,4,8,12130.00,15.00,82484.00
OI0006062,O001997,P0065,1,10,10680.00,0.00,106800.00
OI0006063,O001997,P0016,2,1,8740.00,10.00,7866.00
OI0006064,O001998,P0028,1,9,9080.00,0.00,81720.00
OI0006065,O001998,P0018,2,7,670.00,10.00,4221.00
OI0006066,O001998,P0002,3,2,12930.00,0.00,25860.00
OI0006067,O001999,P0073,1,4,1430.00,0.00,5720.00
OI0006068,O001999,P0067,2,5,16160.00,0.00,80800.00
OI0006069,O001999,P0013,3,1,9840.00,5.00,9348.00
OI0006070,O002000,P0030,1,7,340.00,5.00,2261.00
OI0006071,O002001,P0069,1,7,12320.00,15.00,73304.00
OI0006072,O002001,P0062,2,4,8730.00,5.00,33174.00
OI0006073,O002001,P0027,3,4,4890.00,10.00,17604.00
OI0006074,O002002,P0037,1,2,6650.00,0.00,13300.00
OI0006075,O002002,P0075,2,9,14230.00,5.00,121666.50
OI0006076,O002002,P0026,3,6,13420.00,5.00,76494.00
OI0006077,O002003,P0027,1,9,4890.00,15.00,37408.50
OI0006078,O002003,P0022,2,8,8500.00,0.00,68000.00
OI0006079,O002004,P0014,1,11,14460.00,5.00,151107.00
OI0006080,O002004,P0028,2,8,9080.00,0.00,72640.00
OI0006081,O002004,P0002,3,4,12930.00,15.00,43962.00
OI0006082,O002005,P0013,1,12,9840.00,10.00,106272.00
OI0006083,O002005,P0055,2,12,16840.00,15.00,171768.00
OI0006084,O002005,P0051,3,12,12120.00,0.00,145440.00
OI0006085,O002006,P0055,1,4,16840.00,0.00,67360.00
OI0006086,O002006,P0079,2,7,15570.00,15.00,92641.50
OI0006087,O002006,P0025,3,12,13240.00,0.00,158880.00
OI0006088,O002006,P0008,4,6,5830.00,0.00,34980.00
OI0006089,O002006,P0031,5,4,3650.00,0.00,14600.00
OI0006090,O002007,P0047,1,7,2190.00,0.00,15330.00
OI0006091,O002007,P0042,2,9,2830.00,0.00,25470.00
OI0006092,O002007,P0042,3,8,2830.00,0.00,22640.00
OI0006093,O002008,P0027,1,2,4890.00,0.00,9780.00
OI0006094,O002008,P0051,2,10,12120.00,0.00,121200.00
OI0006095,O002008,P0003,3,9,14640.00,0.00,131760.00
OI0006096,O002009,P0028,1,11,9080.00,5.00,94886.00
OI0006097,O002010,P0076,1,2,8140.00,0.00,16280.00
OI0006098,O002010,P0045,2,4,14880.00,0.00,59520.00
OI0006099,O002011,P0014,1,4,14460.00,15.00,49164.00
OI0006100,O002011,P0056,2,5,10190.00,5.00,48402.50
OI0006101,O002011,P0028,3,9,9080.00,0.00,81720.00
OI0006102,O002011,P0072,4,10,6730.00,0.00,67300.00
OI0006103,O002012,P0077,1,6,14410.00,10.00,77814.00
OI0006104,O002012,P0072,2,2,6730.00,10.00,12114.00
OI0006105,O002013,P0051,1,6,12120.00,10.00,65448.00
OI0006106,O002014,P0017,1,2,3480.00,5.00,6612.00
OI0006107,O002014,P0026,2,12,13420.00,15.00,136884.00
OI0006108,O002014,P0076,3,9,8140.00,5.00,69597.00
OI0006109,O002015,P0059,1,6,14710.00,0.00,88260.00
OI0006110,O002015,P0066,2,7,11920.00,5.00,79268.00
OI0006111,O002015,P0073,3,8,1430.00,15.00,9724.00
OI0006112,O002015,P0030,4,9,340.00,5.00,2907.00
OI0006113,O002016,P0011,1,3,6240.00,10.00,16848.00
OI0006114,O002016,P0055,2,4,16840.00,15.00,57256.00
OI0006115,O002016,P0023,3,1,12130.00,10.00,10917.00
OI0006116,O002017,P0038,1,6,11890.00,0.00,71340.00
OI0006117,O002017,P0009,2,11,5290.00,5.00,55280.50
OI0006118,O002017,P0067,3,8,16160.00,15.00,109888.00
OI0006119,O002018,P0016,1,8,8740.00,0.00,69920.00
OI0006120,O002018,P0061,2,3,9420.00,0.00,28260.00
OI0006121,O002019,P0031,1,8,3650.00,15.00,24820.00
OI0006122,O002020,P0066,1,8,11920.00,0.00,95360.00
OI0006123,O002020,P0078,2,4,7660.00,0.00,30640.00
OI0006124,O002020,P0064,3,6,8250.00,0.00,49500.00
OI0006125,O002020,P0014,4,11,14460.00,10.00,143154.00
OI0006126,O002020,P0051,5,4,12120.00,10.00,43632.00
OI0006127,O002021,P0058,1,10,1830.00,10.00,16470.00
OI0006128,O002021,P0014,2,8,14460.00,0.00,115680.00
OI0006129,O002022,P0004,1,2,16440.00,10.00,29592.00
OI0006130,O002023,P0014,1,4,14460.00,5.00,54948.00
OI0006131,O002023,P0060,2,2,8800.00,0.00,17600.00
OI0006132,O002023,P0045,3,2,14880.00,0.00,29760.00
OI0006133,O002024,P0052,1,2,13500.00,0.00,27000.00
OI0006134,O002024,P0041,2,8,12490.00,0.00,99920.00
OI0006135,O002024,P0072,3,7,6730.00,0.00,47110.00
OI0006136,O002024,P0020,4,9,5780.00,0.00,52020.00
OI0006137,O002025,P0035,1,4,14850.00,0.00,59400.00
OI0006138,O002025,P0045,2,11,14880.00,0.00,163680.00
OI0006139,O002026,P0036,1,10,10120.00,5.00,96140.00
OI0006140,O002026,P0020,2,2,5780.00,15.00,9826.00
OI0006141,O002027,P0065,1,4,10680.00,15.00,36312.00
OI0006142,O002027,P0022,2,11,8500.00,0.00,93500.00
OI0006143,O002027,P0056,3,4,10190.00,15.00,34646.00
OI0006144,O002027,P0057,4,11,5170.00,15.00,48339.50
OI0006145,O002028,P0025,1,8,13240.00,5.00,100624.00
OI0006146,O002028,P0013,2,4,9840.00,15.00,33456.00
OI0006147,O002028,P0025,3,11,13240.00,0.00,145640.00
OI0006148,O002029,P0071,1,10,16680.00,0.00,166800.00
OI0006149,O002029,P0008,2,5,5830.00,0.00,29150.00
OI0006150,O002029,P0023,3,1,12130.00,0.00,12130.00
OI0006151,O002029,P0029,4,12,8380.00,0.00,100560.00
OI0006152,O002029,P0077,5,12,14410.00,15.00,146982.00
OI0006153,O002030,P0063,1,11,3720.00,10.00,36828.00
OI0006154,O002030,P0030,2,12,340.00,10.00,3672.00
OI0006155,O002031,P0066,1,3,11920.00,10.00,32184.00
OI0006156,O002032,P0076,1,4,8140.00,15.00,27676.00
OI0006157,O002033,P0074,1,4,10020.00,0.00,40080.00
OI0006158,O002033,P0015,2,12,8020.00,5.00,91428.00
OI0006159,O002033,P0027,3,6,4890.00,0.00,29340.00
OI0006160,O002034,P0070,1,3,13990.00,0.00,41970.00
OI0006161,O002034,P0064,2,3,8250.00,10.00,22275.00
OI0006162,O002035,P0041,1,8,12490.00,10.00,89928.00
OI0006163,O002036,P0060,1,1,8800.00,10.00,7920.00
OI0006164,O002037,P0038,1,8,11890.00,0.00,95120.00
OI0006165,O002037,P0080,2,1,5590.00,0.00,5590.00
OI0006166,O002038,P0033,1,3,800.00,5.00,2280.00
OI0006167,O002038,P0050,2,12,14600.00,0.00,175200.00
OI0006168,O002039,P0035,1,8,14850.00,15.00,100980.00
OI0006169,O002039,P0076,2,2,8140.00,0.00,16280.00
OI0006170,O002039,P0024,3,6,11180.00,10.00,60372.00
OI0006171,O002039,P0075,4,12,14230.00,0.00,170760.00
OI0006172,O002039,P0047,5,1,2190.00,5.00,2080.50
OI0006173,O002040,P0031,1,7,3650.00,5.00,24272.50
OI0006174,O002041,P0026,1,1,13420.00,10.00,12078.00
OI0006175,O002041,P0002,2,9,12930.00,0.00,116370.00
OI0006176,O002041,P0026,3,9,13420.00,0.00,120780.00
OI0006177,O002041,P0029,4,2,8380.00,0.00,16760.00
OI0006178,O002042,P0038,1,8,11890.00,0.00,95120.00
OI0006179,O002042,P0057,2,2,5170.00,5.00,9823.00
OI0006180,O002042,P0055,3,8,16840.00,0.00,134720.00
OI0006181,O002042,P0054,4,7,10100.00,10.00,63630.00
OI0006182,O002043,P0046,1,4,7120.00,0.00,28480.00
OI0006183,O002044,P0027,1,3,4890.00,10.00,13203.00
OI0006184,O002044,P0054,2,5,10100.00,10.00,45450.00
OI0006185,O002044,P0010,3,2,3500.00,5.00,6650.00
OI0006186,O002044,P0073,4,9,1430.00,10.00,11583.00
OI0006187,O002045,P0049,1,5,16150.00,0.00,80750.00
OI0006188,O002045,P0015,2,12,8020.00,15.00,81804.00
OI0006189,O002046,P0010,1,8,3500.00,15.00,23800.00
OI0006190,O002046,P0005,2,5,3300.00,10.00,14850.00
OI0006191,O002047,P0009,1,2,5290.00,0.00,10580.00
OI0006192,O002047,P0015,2,5,8020.00,5.00,38095.00
OI0006193,O002047,P0069,3,4,12320.00,0.00,49280.00
OI0006194,O002047,P0015,4,2,8020.00,0.00,16040.00
OI0006195,O002047,P0001,5,10,4300.00,10.00,38700.00
OI0006196,O002048,P0042,1,11,2830.00,15.00,26460.50
OI0006197,O002049,P0027,1,5,4890.00,0.00,24450.00
OI0006198,O002049,P0026,2,8,13420.00,0.00,107360.00
OI0006199,O002049,P0048,3,8,12050.00,10.00,86760.00
OI0006200,O002049,P0008,4,11,5830.00,5.00,60923.50
OI0006201,O002049,P0019,5,6,7370.00,15.00,37587.00
OI0006202,O002050,P0079,1,8,15570.00,10.00,112104.00
OI0006203,O002050,P0049,2,2,16150.00,0.00,32300.00
OI0006204,O002050,P0030,3,3,340.00,0.00,1020.00
OI0006205,O002050,P0005,4,11,3300.00,5.00,34485.00
OI0006206,O002051,P0061,1,2,9420.00,10.00,16956.00
OI0006207,O002051,P0019,2,8,7370.00,0.00,58960.00
OI0006208,O002051,P0028,3,6,9080.00,0.00,54480.00
OI0006209,O002052,P0045,1,6,14880.00,10.00,80352.00
OI0006210,O002053,P0075,1,4,14230.00,10.00,51228.00
OI0006211,O002053,P0066,2,1,11920.00,10.00,10728.00
OI0006212,O002053,P0057,3,9,5170.00,10.00,41877.00
OI0006213,O002053,P0041,4,7,12490.00,0.00,87430.00
OI0006214,O002053,P0068,5,11,2100.00,0.00,23100.00
OI0006215,O002054,P0039,1,7,3060.00,5.00,20349.00
OI0006216,O002055,P0062,1,4,8730.00,0.00,34920.00
OI0006217,O002055,P0062,2,7,8730.00,0.00,61110.00
OI0006218,O002056,P0019,1,3,7370.00,10.00,19899.00
OI0006219,O002057,P0052,1,7,13500.00,10.00,85050.00
OI0006220,O002057,P0042,2,5,2830.00,0.00,14150.00
OI0006221,O002058,P0047,1,10,2190.00,0.00,21900.00
OI0006222,O002058,P0023,2,12,12130.00,5.00,138282.00
OI0006223,O002058,P0026,3,7,13420.00,10.00,84546.00
OI0006224,O002058,P0049,4,4,16150.00,5.00,61370.00
OI0006225,O002058,P0001,5,11,4300.00,0.00,47300.00
OI0006226,O002059,P0028,1,9,9080.00,0.00,81720.00
OI0006227,O002059,P0072,2,12,6730.00,0.00,80760.00
OI0006228,O002060,P0004,1,8,16440.00,15.00,111792.00
OI0006229,O002060,P0026,2,10,13420.00,5.00,127490.00
OI0006230,O002061,P0035,1,1,14850.00,0.00,14850.00
OI0006231,O002061,P0015,2,9,8020.00,5.00,68571.00
OI0006232,O002061,P0050,3,10,14600.00,0.00,146000.00
OI0006233,O002061,P0021,4,11,17850.00,10.00,176715.00
OI0006234,O002062,P0044,1,9,13780.00,10.00,111618.00
OI0006235,O002062,P0077,2,12,14410.00,0.00,172920.00
OI0006236,O002062,P0023,3,1,12130.00,0.00,12130.00
OI0006237,O002062,P0054,4,2,10100.00,0.00,20200.00
OI0006238,O002063,P0012,1,10,6280.00,10.00,56520.00
OI0006239,O002064,P0028,1,4,9080.00,0.00,36320.00
OI0006240,O002064,P0020,2,11,5780.00,0.00,63580.00
OI0006241,O002065,P0017,1,11,3480.00,5.00,36366.00
OI0006242,O002065,P0033,2,2,800.00,0.00,1600.00
OI0006243,O002066,P0031,1,2,3650.00,5.00,6935.00
OI0006244,O002066,P0029,2,9,8380.00,10.00,67878.00
OI0006245,O002066,P0031,3,12,3650.00,0.00,43800.00
OI0006246,O002067,P0022,1,10,8500.00,10.00,76500.00
OI0006247,O002067,P0022,2,9,8500.00,0.00,76500.00
OI0006248,O002067,P0013,3,10,9840.00,0.00,98400.00
OI0006249,O002067,P0043,4,1,9450.00,5.00,8977.50
OI0006250,O002067,P0047,5,5,2190.00,5.00,10402.50
OI0006251,O002068,P0004,1,9,16440.00,15.00,125766.00
OI0006252,O002068,P0014,2,1,14460.00,5.00,13737.00
OI0006253,O002068,P0062,3,12,8730.00,10.00,94284.00
OI0006254,O002068,P0052,4,12,13500.00,10.00,145800.00
OI0006255,O002068,P0063,5,3,3720.00,0.00,11160.00
OI0006256,O002069,P0054,1,10,10100.00,0.00,101000.00
OI0006257,O002069,P0047,2,5,2190.00,5.00,10402.50
OI0006258,O002069,P0053,3,1,16730.00,10.00,15057.00
OI0006259,O002069,P0045,4,6,14880.00,15.00,75888.00
OI0006260,O002070,P0039,1,9,3060.00,10.00,24786.00
OI0006261,O002070,P0045,2,1,14880.00,15.00,12648.00
OI0006262,O002070,P0009,3,2,5290.00,5.00,10051.00
OI0006263,O002071,P0051,1,4,12120.00,10.00,43632.00
OI0006264,O002071,P0041,2,12,12490.00,0.00,149880.00
OI0006265,O002071,P0073,3,7,1430.00,0.00,10010.00
OI0006266,O002071,P0037,4,4,6650.00,10.00,23940.00
OI0006267,O002072,P0060,1,4,8800.00,10.00,31680.00
OI0006268,O002072,P0067,2,6,16160.00,0.00,96960.00
OI0006269,O002072,P0012,3,10,6280.00,15.00,53380.00
OI0006270,O002072,P0045,4,12,14880.00,0.00,178560.00
OI0006271,O002072,P0048,5,6,12050.00,10.00,65070.00
OI0006272,O002073,P0047,1,9,2190.00,0.00,19710.00
OI0006273,O002073,P0021,2,6,17850.00,0.00,107100.00
OI0006274,O002073,P0014,3,8,14460.00,0.00,115680.00
OI0006275,O002073,P0075,4,5,14230.00,0.00,71150.00
OI0006276,O002074,P0035,1,2,14850.00,0.00,29700.00
OI0006277,O002074,P0042,2,4,2830.00,10.00,10188.00
OI0006278,O002074,P0064,3,3,8250.00,0.00,24750.00
OI0006279,O002075,P0076,1,8,8140.00,0.00,65120.00
OI0006280,O002075,P0061,2,10,9420.00,0.00,94200.00
OI0006281,O002075,P0054,3,1,10100.00,0.00,10100.00
OI0006282,O002075,P0001,4,6,4300.00,10.00,23220.00
OI0006283,O002076,P0012,1,6,6280.00,0.00,37680.00
OI0006284,O002077,P0060,1,8,8800.00,15.00,59840.00
OI0006285,O002077,P0029,2,4,8380.00,0.00,33520.00
OI0006286,O002077,P0035,3,8,14850.00,0.00,118800.00
OI0006287,O002078,P0040,1,5,17530.00,5.00,83267.50
OI0006288,O002078,P0065,2,12,10680.00,10.00,115344.00
OI0006289,O002078,P0020,3,2,5780.00,0.00,11560.00
OI0006290,O002079,P0026,1,2,13420.00,0.00,26840.00
OI0006291,O002079,P0026,2,12,13420.00,0.00,161040.00
OI0006292,O002079,P0033,3,6,800.00,5.00,4560.00
OI0006293,O002079,P0007,4,10,4920.00,0.00,49200.00
OI0006294,O002080,P0057,1,9,5170.00,10.00,41877.00
OI0006295,O002080,P0066,2,5,11920.00,10.00,53640.00
OI0006296,O002080,P0066,3,5,11920.00,0.00,59600.00
OI0006297,O002081,P0050,1,5,14600.00,15.00,62050.00
OI0006298,O002081,P0014,2,11,14460.00,0.00,159060.00
OI0006299,O002081,P0032,3,11,330.00,0.00,3630.00
OI0006300,O002081,P0071,4,10,16680.00,10.00,150120.00
OI0006301,O002082,P0004,1,11,16440.00,0.00,180840.00
OI0006302,O002082,P0038,2,1,11890.00,0.00,11890.00
OI0006303,O002082,P0028,3,7,9080.00,5.00,60382.00
OI0006304,O002083,P0050,1,7,14600.00,0.00,102200.00
OI0006305,O002084,P0020,1,3,5780.00,15.00,14739.00
OI0006306,O002084,P0009,2,8,5290.00,5.00,40204.00
OI0006307,O002084,P0043,3,1,9450.00,5.00,8977.50
OI0006308,O002085,P0036,1,12,10120.00,0.00,121440.00
OI0006309,O002085,P0075,2,7,14230.00,10.00,89649.00
OI0006310,O002085,P0015,3,6,8020.00,15.00,40902.00
OI0006311,O002085,P0024,4,11,11180.00,0.00,122980.00
OI0006312,O002086,P0071,1,6,16680.00,0.00,100080.00
OI0006313,O002086,P0047,2,4,2190.00,0.00,8760.00
OI0006314,O002087,P0002,1,11,12930.00,10.00,128007.00
OI0006315,O002087,P0053,2,11,16730.00,0.00,184030.00
OI0006316,O002087,P0065,3,9,10680.00,10.00,86508.00
OI0006317,O002087,P0036,4,7,10120.00,5.00,67298.00
OI0006318,O002088,P0041,1,8,12490.00,10.00,89928.00
OI0006319,O002088,P0052,2,4,13500.00,5.00,51300.00
OI0006320,O002088,P0034,3,2,10570.00,10.00,19026.00
OI0006321,O002088,P0037,4,8,6650.00,0.00,53200.00
OI0006322,O002088,P0017,5,3,3480.00,5.00,9918.00
OI0006323,O002089,P0009,1,11,5290.00,0.00,58190.00
OI0006324,O002089,P0040,2,10,17530.00,0.00,175300.00
OI0006325,O002089,P0062,3,2,8730.00,5.00,16587.00
OI0006326,O002089,P0043,4,1,9450.00,0.00,9450.00
OI0006327,O002090,P0051,1,4,12120.00,0.00,48480.00
OI0006328,O002090,P0025,2,4,13240.00,10.00,47664.00
OI0006329,O002090,P0051,3,9,12120.00,0.00,109080.00
OI0006330,O002090,P0075,4,5,14230.00,0.00,71150.00
OI0006331,O002090,P0049,5,11,16150.00,0.00,177650.00
OI0006332,O002091,P0064,1,5,8250.00,0.00,41250.00
OI0006333,O002091,P0021,2,7,17850.00,15.00,106207.50
OI0006334,O002091,P0007,3,9,4920.00,0.00,44280.00
OI0006335,O002092,P0048,1,2,12050.00,0.00,24100.00
OI0006336,O002092,P0040,2,10,17530.00,0.00,175300.00
OI0006337,O002093,P0008,1,2,5830.00,0.00,11660.00
OI0006338,O002093,P0072,2,12,6730.00,0.00,80760.00
OI0006339,O002093,P0058,3,11,1830.00,0.00,20130.00
OI0006340,O002093,P0038,4,2,11890.00,0.00,23780.00
OI0006341,O002093,P0079,5,7,15570.00,0.00,108990.00
OI0006342,O002094,P0075,1,9,14230.00,5.00,121666.50
OI0006343,O002094,P0051,2,12,12120.00,0.00,145440.00
OI0006344,O002094,P0025,3,10,13240.00,0.00,132400.00
OI0006345,O002095,P0013,1,4,9840.00,5.00,37392.00
OI0006346,O002096,P0024,1,9,11180.00,0.00,100620.00
OI0006347,O002097,P0035,1,3,14850.00,10.00,40095.00
OI0006348,O002097,P0010,2,6,3500.00,5.00,19950.00
OI0006349,O002097,P0049,3,4,16150.00,5.00,61370.00
OI0006350,O002097,P0038,4,3,11890.00,0.00,35670.00
OI0006351,O002098,P0004,1,8,16440.00,0.00,131520.00
OI0006352,O002098,P0073,2,2,1430.00,0.00,2860.00
OI0006353,O002098,P0048,3,2,12050.00,15.00,20485.00
OI0006354,O002098,P0020,4,5,5780.00,0.00,28900.00
OI0006355,O002099,P0036,1,8,10120.00,10.00,72864.00
OI0006356,O002100,P0025,1,12,13240.00,0.00,158880.00
OI0006357,O002100,P0063,2,3,3720.00,0.00,11160.00
OI0006358,O002101,P0059,1,12,14710.00,0.00,176520.00
OI0006359,O002101,P0055,2,3,16840.00,0.00,50520.00
OI0006360,O002102,P0044,1,6,13780.00,0.00,82680.00
OI0006361,O002103,P0020,1,5,5780.00,15.00,24565.00
OI0006362,O002103,P0024,2,1,11180.00,5.00,10621.00
OI0006363,O002103,P0022,3,8,8500.00,10.00,61200.00
OI0006364,O002103,P0054,4,8,10100.00,0.00,80800.00
OI0006365,O002103,P0018,5,4,670.00,0.00,2680.00
OI0006366,O002104,P0026,1,12,13420.00,0.00,161040.00
OI0006367,O002104,P0080,2,1,5590.00,0.00,5590.00
OI0006368,O002104,P0015,3,5,8020.00,0.00,40100.00
OI0006369,O002104,P0074,4,3,10020.00,0.00,30060.00
OI0006370,O002105,P0026,1,3,13420.00,0.00,40260.00
OI0006371,O002105,P0039,2,7,3060.00,0.00,21420.00
OI0006372,O002105,P0014,3,4,14460.00,0.00,57840.00
OI0006373,O002105,P0023,4,8,12130.00,0.00,97040.00
OI0006374,O002106,P0039,1,7,3060.00,0.00,21420.00
OI0006375,O002106,P0035,2,5,14850.00,15.00,63112.50
OI0006376,O002107,P0058,1,7,1830.00,15.00,10888.50
OI0006377,O002107,P0039,2,6,3060.00,5.00,17442.00
OI0006378,O002108,P0053,1,2,16730.00,15.00,28441.00
OI0006379,O002108,P0014,2,12,14460.00,10.00,156168.00
OI0006380,O002109,P0001,1,3,4300.00,0.00,12900.00
OI0006381,O002109,P0002,2,11,12930.00,15.00,120895.50
OI0006382,O002110,P0048,1,4,12050.00,5.00,45790.00
OI0006383,O002110,P0069,2,10,12320.00,15.00,104720.00
OI0006384,O002110,P0016,3,2,8740.00,0.00,17480.00
OI0006385,O002110,P0005,4,4,3300.00,10.00,11880.00
OI0006386,O002110,P0049,5,2,16150.00,5.00,30685.00
OI0006387,O002111,P0003,1,9,14640.00,15.00,111996.00
OI0006388,O002111,P0022,2,10,8500.00,0.00,85000.00
OI0006389,O002111,P0053,3,6,16730.00,15.00,85323.00
OI0006390,O002111,P0070,4,6,13990.00,0.00,83940.00
OI0006391,O002111,P0011,5,10,6240.00,0.00,62400.00
OI0006392,O002112,P0067,1,7,16160.00,5.00,107464.00
OI0006393,O002112,P0010,2,11,3500.00,0.00,38500.00
OI0006394,O002112,P0075,3,9,14230.00,10.00,115263.00
OI0006395,O002113,P0070,1,5,13990.00,15.00,59457.50
OI0006396,O002114,P0005,1,3,3300.00,5.00,9405.00
OI0006397,O002114,P0044,2,1,13780.00,0.00,13780.00
OI0006398,O002114,P0044,3,2,13780.00,15.00,23426.00
OI0006399,O002115,P0070,1,12,13990.00,15.00,142698.00
OI0006400,O002115,P0013,2,1,9840.00,10.00,8856.00
OI0006401,O002115,P0069,3,4,12320.00,15.00,41888.00
OI0006402,O002115,P0003,4,1,14640.00,5.00,13908.00
OI0006403,O002116,P0043,1,4,9450.00,0.00,37800.00
OI0006404,O002116,P0018,2,8,670.00,0.00,5360.00
OI0006405,O002116,P0067,3,7,16160.00,10.00,101808.00
OI0006406,O002117,P0052,1,7,13500.00,0.00,94500.00
OI0006407,O002118,P0003,1,8,14640.00,5.00,111264.00
OI0006408,O002118,P0006,2,12,570.00,5.00,6498.00
OI0006409,O002119,P0066,1,8,11920.00,5.00,90592.00
OI0006410,O002119,P0014,2,4,14460.00,15.00,49164.00
OI0006411,O002120,P0005,1,7,3300.00,15.00,19635.00
OI0006412,O002120,P0070,2,8,13990.00,10.00,100728.00
OI0006413,O002120,P0024,3,12,11180.00,0.00,134160.00
OI0006414,O002120,P0078,4,10,7660.00,0.00,76600.00
OI0006415,O002121,P0007,1,3,4920.00,0.00,14760.00
OI0006416,O002121,P0071,2,5,16680.00,5.00,79230.00
OI0006417,O002121,P0013,3,7,9840.00,0.00,68880.00
OI0006418,O002122,P0007,1,1,4920.00,0.00,4920.00
OI0006419,O002122,P0036,2,6,10120.00,15.00,51612.00
OI0006420,O002123,P0009,1,8,5290.00,0.00,42320.00
OI0006421,O002124,P0032,1,1,330.00,10.00,297.00
OI0006422,O002124,P0069,2,4,12320.00,0.00,49280.00
OI0006423,O002124,P0015,3,2,8020.00,15.00,13634.00
OI0006424,O002124,P0041,4,7,12490.00,0.00,87430.00
OI0006425,O002124,P0046,5,1,7120.00,0.00,7120.00
OI0006426,O002125,P0033,1,1,800.00,0.00,800.00
OI0006427,O002125,P0005,2,2,3300.00,10.00,5940.00
OI0006428,O002126,P0002,1,2,12930.00,0.00,25860.00
OI0006429,O002127,P0028,1,9,9080.00,5.00,77634.00
OI0006430,O002127,P0017,2,9,3480.00,0.00,31320.00
OI0006431,O002128,P0056,1,1,10190.00,15.00,8661.50
OI0006432,O002128,P0037,2,7,6650.00,0.00,46550.00
OI0006433,O002128,P0050,3,3,14600.00,5.00,41610.00
OI0006434,O002129,P0079,1,8,15570.00,10.00,112104.00
OI0006435,O002129,P0024,2,2,11180.00,0.00,22360.00
OI0006436,O002129,P0042,3,6,2830.00,0.00,16980.00
OI0006437,O002130,P0077,1,6,14410.00,0.00,86460.00
OI0006438,O002130,P0032,2,6,330.00,15.00,1683.00
OI0006439,O002131,P0076,1,9,8140.00,5.00,69597.00
OI0006440,O002132,P0023,1,10,12130.00,15.00,103105.00
OI0006441,O002132,P0064,2,10,8250.00,15.00,70125.00
OI0006442,O002132,P0005,3,1,3300.00,5.00,3135.00
OI0006443,O002132,P0036,4,11,10120.00,5.00,105754.00
OI0006444,O002132,P0010,5,9,3500.00,0.00,31500.00
OI0006445,O002133,P0071,1,7,16680.00,10.00,105084.00
OI0006446,O002133,P0048,2,11,12050.00,0.00,132550.00
OI0006447,O002133,P0053,3,3,16730.00,0.00,50190.00
OI0006448,O002133,P0079,4,11,15570.00,15.00,145579.50
OI0006449,O002133,P0033,5,5,800.00,0.00,4000.00
OI0006450,O002134,P0011,1,10,6240.00,0.00,62400.00
OI0006451,O002134,P0045,2,2,14880.00,0.00,29760.00
OI0006452,O002134,P0025,3,7,13240.00,0.00,92680.00
OI0006453,O002135,P0054,1,10,10100.00,10.00,90900.00
OI0006454,O002135,P0024,2,6,11180.00,0.00,67080.00
OI0006455,O002135,P0068,3,7,2100.00,10.00,13230.00
OI0006456,O002135,P0004,4,3,16440.00,5.00,46854.00
OI0006457,O002136,P0029,1,1,8380.00,0.00,8380.00
OI0006458,O002137,P0017,1,8,3480.00,5.00,26448.00
OI0006459,O002137,P0048,2,1,12050.00,0.00,12050.00
OI0006460,O002137,P0013,3,9,9840.00,0.00,88560.00
OI0006461,O002137,P0043,4,11,9450.00,15.00,88357.50
OI0006462,O002137,P0058,5,1,1830.00,0.00,1830.00
OI0006463,O002138,P0052,1,11,13500.00,0.00,148500.00
OI0006464,O002138,P0030,2,11,340.00,5.00,3553.00
OI0006465,O002139,P0031,1,8,3650.00,0.00,29200.00
OI0006466,O002139,P0076,2,6,8140.00,0.00,48840.00
OI0006467,O002139,P0075,3,4,14230.00,15.00,48382.00
OI0006468,O002140,P0034,1,9,10570.00,0.00,95130.00
OI0006469,O002141,P0012,1,12,6280.00,0.00,75360.00
OI0006470,O002141,P0077,2,10,14410.00,15.00,122485.00
OI0006471,O002141,P0029,3,6,8380.00,5.00,47766.00
OI0006472,O002142,P0032,1,4,330.00,0.00,1320.00
OI0006473,O002143,P0069,1,3,12320.00,0.00,36960.00
OI0006474,O002144,P0065,1,2,10680.00,15.00,18156.00
OI0006475,O002144,P0010,2,12,3500.00,5.00,39900.00
OI0006476,O002144,P0024,3,10,11180.00,0.00,111800.00
OI0006477,O002145,P0039,1,4,3060.00,0.00,12240.00
OI0006478,O002145,P0012,2,6,6280.00,0.00,37680.00
OI0006479,O002145,P0074,3,2,10020.00,10.00,18036.00
OI0006480,O002145,P0051,4,10,12120.00,0.00,121200.00
OI0006481,O002145,P0017,5,12,3480.00,5.00,39672.00
OI0006482,O002146,P0073,1,12,1430.00,0.00,17160.00
OI0006483,O002146,P0031,2,9,3650.00,0.00,32850.00
OI0006484,O002146,P0029,3,6,8380.00,0.00,50280.00
OI0006485,O002146,P0043,4,3,9450.00,5.00,26932.50
OI0006486,O002146,P0014,5,7,14460.00,0.00,101220.00
OI0006487,O002147,P0039,1,2,3060.00,0.00,6120.00
OI0006488,O002147,P0016,2,2,8740.00,0.00,17480.00
OI0006489,O002147,P0028,3,12,9080.00,0.00,108960.00
OI0006490,O002148,P0032,1,1,330.00,5.00,313.50
OI0006491,O002148,P0013,2,4,9840.00,15.00,33456.00
OI0006492,O002149,P0066,1,12,11920.00,0.00,143040.00
OI0006493,O002149,P0012,2,12,6280.00,5.00,71592.00
OI0006494,O002149,P0028,3,12,9080.00,0.00,108960.00
OI0006495,O002149,P0011,4,4,6240.00,5.00,23712.00
OI0006496,O002150,P0080,1,1,5590.00,5.00,5310.50
OI0006497,O002150,P0040,2,10,17530.00,5.00,166535.00
OI0006498,O002151,P0016,1,8,8740.00,5.00,66424.00
OI0006499,O002151,P0043,2,7,9450.00,0.00,66150.00
OI0006500,O002151,P0056,3,10,10190.00,15.00,86615.00
OI0006501,O002151,P0016,4,9,8740.00,0.00,78660.00
OI0006502,O002151,P0069,5,6,12320.00,10.00,66528.00
OI0006503,O002152,P0046,1,2,7120.00,10.00,12816.00
OI0006504,O002153,P0022,1,10,8500.00,15.00,72250.00
OI0006505,O002154,P0036,1,5,10120.00,10.00,45540.00
OI0006506,O002154,P0057,2,11,5170.00,0.00,56870.00
OI0006507,O002155,P0039,1,10,3060.00,0.00,30600.00
OI0006508,O002155,P0071,2,1,16680.00,0.00,16680.00
OI0006509,O002156,P0038,1,7,11890.00,0.00,83230.00
OI0006510,O002156,P0021,2,10,17850.00,0.00,178500.00
OI0006511,O002156,P0035,3,8,14850.00,10.00,106920.00
OI0006512,O002157,P0060,1,10,8800.00,5.00,83600.00
OI0006513,O002157,P0010,2,3,3500.00,5.00,9975.00
OI0006514,O002158,P0072,1,8,6730.00,5.00,51148.00
OI0006515,O002158,P0018,2,3,670.00,10.00,1809.00
OI0006516,O002158,P0053,3,5,16730.00,15.00,71102.50
OI0006517,O002158,P0024,4,6,11180.00,15.00,57018.00
OI0006518,O002159,P0066,1,2,11920.00,0.00,23840.00
OI0006519,O002159,P0030,2,3,340.00,0.00,1020.00
OI0006520,O002160,P0036,1,3,10120.00,0.00,30360.00
OI0006521,O002161,P0077,1,3,14410.00,5.00,41068.50
OI0006522,O002161,P0038,2,2,11890.00,0.00,23780.00
OI0006523,O002161,P0066,3,5,11920.00,0.00,59600.00
OI0006524,O002162,P0059,1,7,14710.00,5.00,97821.50
OI0006525,O002163,P0062,1,11,8730.00,15.00,81625.50
OI0006526,O002163,P0072,2,2,6730.00,0.00,13460.00
OI0006527,O002163,P0074,3,2,10020.00,15.00,17034.00
OI0006528,O002163,P0030,4,6,340.00,15.00,1734.00
OI0006529,O002163,P0056,5,6,10190.00,0.00,61140.00
OI0006530,O002164,P0033,1,11,800.00,0.00,8800.00
OI0006531,O002164,P0046,2,10,7120.00,15.00,60520.00
OI0006532,O002164,P0052,3,11,13500.00,5.00,141075.00
OI0006533,O002164,P0057,4,10,5170.00,0.00,51700.00
OI0006534,O002165,P0072,1,6,6730.00,10.00,36342.00
OI0006535,O002165,P0023,2,4,12130.00,10.00,43668.00
OI0006536,O002165,P0052,3,3,13500.00,15.00,34425.00
OI0006537,O002166,P0077,1,10,14410.00,5.00,136895.00
OI0006538,O002166,P0076,2,6,8140.00,0.00,48840.00
OI0006539,O002167,P0063,1,12,3720.00,0.00,44640.00
OI0006540,O002167,P0067,2,6,16160.00,0.00,96960.00
OI0006541,O002167,P0047,3,7,2190.00,5.00,14563.50
OI0006542,O002168,P0018,1,3,670.00,0.00,2010.00
OI0006543,O002168,P0001,2,7,4300.00,15.00,25585.00
OI0006544,O002168,P0073,3,12,1430.00,10.00,15444.00
OI0006545,O002168,P0060,4,2,8800.00,10.00,15840.00
OI0006546,O002168,P0032,5,8,330.00,0.00,2640.00
OI0006547,O002169,P0033,1,2,800.00,15.00,1360.00
OI0006548,O002169,P0079,2,7,15570.00,15.00,92641.50
OI0006549,O002169,P0014,3,3,14460.00,15.00,36873.00
OI0006550,O002169,P0009,4,6,5290.00,0.00,31740.00
OI0006551,O002170,P0047,1,3,2190.00,15.00,5584.50
OI0006552,O002170,P0055,2,10,16840.00,0.00,168400.00
OI0006553,O002171,P0003,1,10,14640.00,10.00,131760.00
OI0006554,O002171,P0066,2,3,11920.00,15.00,30396.00
OI0006555,O002171,P0050,3,6,14600.00,0.00,87600.00
OI0006556,O002171,P0051,4,9,12120.00,0.00,109080.00
OI0006557,O002172,P0044,1,8,13780.00,5.00,104728.00
OI0006558,O002172,P0075,2,1,14230.00,10.00,12807.00
OI0006559,O002172,P0009,3,11,5290.00,0.00,58190.00
OI0006560,O002172,P0043,4,12,9450.00,15.00,96390.00
OI0006561,O002173,P0023,1,1,12130.00,0.00,12130.00
OI0006562,O002174,P0058,1,4,1830.00,0.00,7320.00
OI0006563,O002174,P0071,2,10,16680.00,10.00,150120.00
OI0006564,O002174,P0057,3,11,5170.00,15.00,48339.50
OI0006565,O002175,P0065,1,9,10680.00,10.00,86508.00
OI0006566,O002175,P0076,2,1,8140.00,10.00,7326.00
OI0006567,O002175,P0007,3,5,4920.00,15.00,20910.00
OI0006568,O002175,P0065,4,7,10680.00,0.00,74760.00
OI0006569,O002175,P0003,5,3,14640.00,0.00,43920.00
OI0006570,O002176,P0047,1,12,2190.00,15.00,22338.00
OI0006571,O002176,P0030,2,8,340.00,5.00,2584.00
OI0006572,O002176,P0013,3,8,9840.00,5.00,74784.00
OI0006573,O002176,P0019,4,4,7370.00,0.00,29480.00
OI0006574,O002177,P0034,1,1,10570.00,0.00,10570.00
OI0006575,O002177,P0040,2,5,17530.00,5.00,83267.50
OI0006576,O002177,P0028,3,3,9080.00,5.00,25878.00
OI0006577,O002177,P0040,4,1,17530.00,15.00,14900.50
OI0006578,O002177,P0009,5,10,5290.00,10.00,47610.00
OI0006579,O002178,P0020,1,10,5780.00,10.00,52020.00
OI0006580,O002178,P0080,2,11,5590.00,0.00,61490.00
OI0006581,O002178,P0046,3,10,7120.00,0.00,71200.00
OI0006582,O002178,P0018,4,4,670.00,15.00,2278.00
OI0006583,O002178,P0012,5,9,6280.00,5.00,53694.00
OI0006584,O002179,P0022,1,10,8500.00,5.00,80750.00
OI0006585,O002179,P0032,2,3,330.00,15.00,841.50
OI0006586,O002179,P0035,3,5,14850.00,0.00,74250.00
OI0006587,O002179,P0065,4,4,10680.00,0.00,42720.00
OI0006588,O002179,P0036,5,8,10120.00,5.00,76912.00
OI0006589,O002180,P0016,1,11,8740.00,0.00,96140.00
OI0006590,O002181,P0041,1,4,12490.00,5.00,47462.00
OI0006591,O002181,P0062,2,12,8730.00,5.00,99522.00
OI0006592,O002182,P0026,1,9,13420.00,0.00,120780.00
OI0006593,O002183,P0074,1,9,10020.00,15.00,76653.00
OI0006594,O002183,P0061,2,3,9420.00,15.00,24021.00
OI0006595,O002183,P0035,3,9,14850.00,15.00,113602.50
OI0006596,O002183,P0031,4,8,3650.00,10.00,26280.00
OI0006597,O002183,P0022,5,1,8500.00,0.00,8500.00
OI0006598,O002184,P0013,1,11,9840.00,15.00,92004.00
OI0006599,O002184,P0020,2,7,5780.00,0.00,40460.00
OI0006600,O002184,P0039,3,4,3060.00,10.00,11016.00
OI0006601,O002184,P0013,4,2,9840.00,0.00,19680.00
OI0006602,O002185,P0053,1,8,16730.00,10.00,120456.00
OI0006603,O002185,P0048,2,10,12050.00,15.00,102425.00
OI0006604,O002186,P0018,1,7,670.00,15.00,3986.50
OI0006605,O002186,P0070,2,4,13990.00,0.00,55960.00
OI0006606,O002187,P0056,1,8,10190.00,15.00,69292.00
OI0006607,O002187,P0079,2,2,15570.00,15.00,26469.00
OI0006608,O002187,P0004,3,11,16440.00,0.00,180840.00
OI0006609,O002188,P0046,1,3,7120.00,0.00,21360.00
OI0006610,O002188,P0009,2,2,5290.00,10.00,9522.00
OI0006611,O002188,P0061,3,1,9420.00,10.00,8478.00
OI0006612,O002189,P0028,1,6,9080.00,0.00,54480.00
OI0006613,O002189,P0031,2,10,3650.00,5.00,34675.00
OI0006614,O002190,P0071,1,6,16680.00,0.00,100080.00
OI0006615,O002190,P0076,2,6,8140.00,15.00,41514.00
OI0006616,O002190,P0044,3,12,13780.00,0.00,165360.00
OI0006617,O002190,P0007,4,2,4920.00,0.00,9840.00
OI0006618,O002191,P0030,1,12,340.00,15.00,3468.00
OI0006619,O002191,P0068,2,9,2100.00,0.00,18900.00
OI0006620,O002191,P0053,3,12,16730.00,5.00,190722.00
OI0006621,O002191,P0065,4,12,10680.00,0.00,128160.00
OI0006622,O002192,P0045,1,1,14880.00,0.00,14880.00
OI0006623,O002192,P0031,2,10,3650.00,0.00,36500.00
OI0006624,O002193,P0027,1,3,4890.00,0.00,14670.00
OI0006625,O002193,P0021,2,9,17850.00,15.00,136552.50
OI0006626,O002193,P0058,3,5,1830.00,10.00,8235.00
OI0006627,O002193,P0019,4,11,7370.00,10.00,72963.00
OI0006628,O002194,P0005,1,5,3300.00,15.00,14025.00
OI0006629,O002194,P0033,2,3,800.00,5.00,2280.00
OI0006630,O002195,P0043,1,10,9450.00,0.00,94500.00
OI0006631,O002195,P0076,2,7,8140.00,0.00,56980.00
OI0006632,O002195,P0069,3,4,12320.00,0.00,49280.00
OI0006633,O002195,P0036,4,5,10120.00,0.00,50600.00
OI0006634,O002196,P0056,1,6,10190.00,0.00,61140.00
OI0006635,O002196,P0027,2,3,4890.00,10.00,13203.00
OI0006636,O002196,P0003,3,8,14640.00,15.00,99552.00
OI0006637,O002196,P0031,4,9,3650.00,0.00,32850.00
OI0006638,O002197,P0049,1,4,16150.00,5.00,61370.00
OI0006639,O002197,P0009,2,4,5290.00,15.00,17986.00
OI0006640,O002197,P0046,3,12,7120.00,15.00,72624.00
OI0006641,O002197,P0060,4,9,8800.00,0.00,79200.00
OI0006642,O002198,P0070,1,4,13990.00,15.00,47566.00
OI0006643,O002198,P0032,2,9,330.00,0.00,2970.00
OI0006644,O002198,P0069,3,9,12320.00,5.00,105336.00
OI0006645,O002199,P0017,1,6,3480.00,10.00,18792.00
OI0006646,O002199,P0045,2,2,14880.00,15.00,25296.00
OI0006647,O002199,P0062,3,3,8730.00,0.00,26190.00
OI0006648,O002199,P0075,4,11,14230.00,15.00,133050.50
OI0006649,O002200,P0016,1,4,8740.00,0.00,34960.00
OI0006650,O002200,P0032,2,5,330.00,15.00,1402.50
OI0006651,O002200,P0033,3,6,800.00,0.00,4800.00
OI0006652,O002200,P0008,4,8,5830.00,15.00,39644.00
OI0006653,O002201,P0071,1,1,16680.00,0.00,16680.00
OI0006654,O002201,P0070,2,12,13990.00,0.00,167880.00
OI0006655,O002202,P0023,1,3,12130.00,0.00,36390.00
OI0006656,O002202,P0059,2,6,14710.00,15.00,75021.00
OI0006657,O002202,P0080,3,10,5590.00,0.00,55900.00
OI0006658,O002203,P0020,1,8,5780.00,5.00,43928.00
OI0006659,O002203,P0008,2,3,5830.00,10.00,15741.00
OI0006660,O002203,P0052,3,10,13500.00,0.00,135000.00
OI0006661,O002203,P0029,4,12,8380.00,15.00,85476.00
OI0006662,O002204,P0063,1,10,3720.00,15.00,31620.00
OI0006663,O002205,P0076,1,2,8140.00,0.00,16280.00
OI0006664,O002206,P0071,1,3,16680.00,5.00,47538.00
OI0006665,O002206,P0019,2,7,7370.00,0.00,51590.00
OI0006666,O002206,P0025,3,3,13240.00,0.00,39720.00
OI0006667,O002206,P0049,4,4,16150.00,0.00,64600.00
OI0006668,O002207,P0010,1,5,3500.00,0.00,17500.00
OI0006669,O002207,P0023,2,10,12130.00,0.00,121300.00
OI0006670,O002207,P0013,3,8,9840.00,0.00,78720.00
OI0006671,O002207,P0025,4,10,13240.00,15.00,112540.00
OI0006672,O002208,P0020,1,3,5780.00,0.00,17340.00
OI0006673,O002208,P0020,2,10,5780.00,15.00,49130.00
OI0006674,O002209,P0015,1,4,8020.00,10.00,28872.00
OI0006675,O002209,P0067,2,10,16160.00,5.00,153520.00
OI0006676,O002209,P0076,3,6,8140.00,10.00,43956.00
OI0006677,O002209,P0019,4,4,7370.00,15.00,25058.00
OI0006678,O002210,P0069,1,9,12320.00,5.00,105336.00
OI0006679,O002210,P0021,2,7,17850.00,10.00,112455.00
OI0006680,O002210,P0057,3,10,5170.00,0.00,51700.00
OI0006681,O002211,P0071,1,6,16680.00,15.00,85068.00
OI0006682,O002212,P0052,1,7,13500.00,0.00,94500.00
OI0006683,O002212,P0079,2,9,15570.00,0.00,140130.00
OI0006684,O002212,P0068,3,2,2100.00,5.00,3990.00
OI0006685,O002212,P0014,4,5,14460.00,5.00,68685.00
OI0006686,O002212,P0068,5,4,2100.00,5.00,7980.00
OI0006687,O002213,P0012,1,3,6280.00,0.00,18840.00
OI0006688,O002214,P0016,1,5,8740.00,10.00,39330.00
OI0006689,O002214,P0039,2,10,3060.00,5.00,29070.00
OI0006690,O002214,P0061,3,6,9420.00,0.00,56520.00
OI0006691,O002214,P0001,4,11,4300.00,5.00,44935.00
OI0006692,O002214,P0002,5,9,12930.00,15.00,98914.50
OI0006693,O002215,P0036,1,3,10120.00,0.00,30360.00
OI0006694,O002215,P0012,2,7,6280.00,10.00,39564.00
OI0006695,O002215,P0010,3,1,3500.00,5.00,3325.00
OI0006696,O002215,P0059,4,11,14710.00,0.00,161810.00
OI0006697,O002216,P0041,1,6,12490.00,5.00,71193.00
OI0006698,O002216,P0004,2,1,16440.00,15.00,13974.00
OI0006699,O002216,P0070,3,8,13990.00,15.00,95132.00
OI0006700,O002217,P0019,1,12,7370.00,0.00,88440.00
OI0006701,O002218,P0012,1,7,6280.00,0.00,43960.00
OI0006702,O002218,P0060,2,1,8800.00,5.00,8360.00
OI0006703,O002218,P0051,3,1,12120.00,0.00,12120.00
OI0006704,O002218,P0030,4,10,340.00,0.00,3400.00
OI0006705,O002219,P0033,1,6,800.00,5.00,4560.00
OI0006706,O002219,P0080,2,10,5590.00,5.00,53105.00
OI0006707,O002220,P0051,1,11,12120.00,5.00,126654.00
OI0006708,O002220,P0047,2,10,2190.00,5.00,20805.00
OI0006709,O002221,P0076,1,7,8140.00,0.00,56980.00
OI0006710,O002221,P0021,2,3,17850.00,0.00,53550.00
OI0006711,O002221,P0030,3,7,340.00,10.00,2142.00
OI0006712,O002222,P0030,1,2,340.00,0.00,680.00
OI0006713,O002222,P0013,2,7,9840.00,15.00,58548.00
OI0006714,O002222,P0067,3,8,16160.00,10.00,116352.00
OI0006715,O002222,P0046,4,2,7120.00,15.00,12104.00
OI0006716,O002222,P0007,5,9,4920.00,5.00,42066.00
OI0006717,O002223,P0007,1,9,4920.00,0.00,44280.00
OI0006718,O002223,P0047,2,10,2190.00,10.00,19710.00
OI0006719,O002223,P0072,3,1,6730.00,0.00,6730.00
OI0006720,O002223,P0062,4,9,8730.00,15.00,66784.50
OI0006721,O002223,P0061,5,10,9420.00,15.00,80070.00
OI0006722,O002224,P0002,1,3,12930.00,15.00,32971.50
OI0006723,O002224,P0063,2,8,3720.00,0.00,29760.00
OI0006724,O002225,P0025,1,2,13240.00,10.00,23832.00
OI0006725,O002225,P0012,2,3,6280.00,0.00,18840.00
OI0006726,O002226,P0011,1,11,6240.00,15.00,58344.00
OI0006727,O002226,P0058,2,4,1830.00,0.00,7320.00
OI0006728,O002226,P0068,3,1,2100.00,15.00,1785.00
OI0006729,O002226,P0039,4,12,3060.00,0.00,36720.00
OI0006730,O002227,P0054,1,3,10100.00,0.00,30300.00
OI0006731,O002228,P0018,1,3,670.00,0.00,2010.00
OI0006732,O002229,P0042,1,9,2830.00,0.00,25470.00
OI0006733,O002229,P0027,2,12,4890.00,5.00,55746.00
OI0006734,O002229,P0013,3,3,9840.00,0.00,29520.00
OI0006735,O002229,P0078,4,6,7660.00,15.00,39066.00
OI0006736,O002229,P0004,5,8,16440.00,15.00,111792.00
OI0006737,O002230,P0065,1,8,10680.00,5.00,81168.00
OI0006738,O002231,P0061,1,12,9420.00,0.00,113040.00
OI0006739,O002231,P0067,2,5,16160.00,10.00,72720.00
OI0006740,O002231,P0017,3,2,3480.00,10.00,6264.00
OI0006741,O002231,P0059,4,8,14710.00,5.00,111796.00
OI0006742,O002232,P0038,1,1,11890.00,0.00,11890.00
OI0006743,O002232,P0015,2,12,8020.00,5.00,91428.00
OI0006744,O002232,P0038,3,12,11890.00,5.00,135546.00
OI0006745,O002232,P0038,4,1,11890.00,0.00,11890.00
OI0006746,O002233,P0024,1,4,11180.00,15.00,38012.00
OI0006747,O002233,P0034,2,1,10570.00,5.00,10041.50
OI0006748,O002233,P0003,3,10,14640.00,5.00,139080.00
OI0006749,O002234,P0048,1,11,12050.00,0.00,132550.00
OI0006750,O002234,P0001,2,11,4300.00,15.00,40205.00
OI0006751,O002235,P0005,1,4,3300.00,0.00,13200.00
OI0006752,O002235,P0044,2,7,13780.00,10.00,86814.00
OI0006753,O002236,P0061,1,12,9420.00,5.00,107388.00
OI0006754,O002236,P0033,2,12,800.00,15.00,8160.00
OI0006755,O002236,P0036,3,11,10120.00,5.00,105754.00
OI0006756,O002237,P0030,1,4,340.00,10.00,1224.00
OI0006757,O002237,P0075,2,5,14230.00,15.00,60477.50
OI0006758,O002237,P0033,3,4,800.00,0.00,3200.00
OI0006759,O002238,P0008,1,7,5830.00,0.00,40810.00
OI0006760,O002238,P0007,2,9,4920.00,15.00,37638.00
OI0006761,O002238,P0051,3,2,12120.00,0.00,24240.00
OI0006762,O002238,P0060,4,7,8800.00,5.00,58520.00
OI0006763,O002239,P0062,1,10,8730.00,10.00,78570.00
OI0006764,O002239,P0048,2,2,12050.00,0.00,24100.00
OI0006765,O002239,P0034,3,4,10570.00,0.00,42280.00
OI0006766,O002240,P0031,1,12,3650.00,10.00,39420.00
OI0006767,O002240,P0052,2,11,13500.00,0.00,148500.00
OI0006768,O002240,P0024,3,12,11180.00,5.00,127452.00
OI0006769,O002240,P0048,4,12,12050.00,0.00,144600.00
OI0006770,O002241,P0017,1,11,3480.00,0.00,38280.00
OI0006771,O002242,P0023,1,11,12130.00,15.00,113415.50
OI0006772,O002242,P0057,2,12,5170.00,0.00,62040.00
OI0006773,O002242,P0007,3,11,4920.00,0.00,54120.00
OI0006774,O002243,P0017,1,10,3480.00,5.00,33060.00
OI0006775,O002243,P0066,2,8,11920.00,0.00,95360.00
OI0006776,O002243,P0050,3,5,14600.00,10.00,65700.00
OI0006777,O002244,P0027,1,9,4890.00,5.00,41809.50
OI0006778,O002244,P0046,2,11,7120.00,0.00,78320.00
OI0006779,O002244,P0011,3,3,6240.00,10.00,16848.00
OI0006780,O002244,P0006,4,12,570.00,15.00,5814.00
OI0006781,O002244,P0041,5,11,12490.00,10.00,123651.00
OI0006782,O002245,P0014,1,3,14460.00,0.00,43380.00
OI0006783,O002245,P0047,2,6,2190.00,10.00,11826.00
OI0006784,O002245,P0080,3,4,5590.00,0.00,22360.00
OI0006785,O002246,P0057,1,5,5170.00,0.00,25850.00
OI0006786,O002246,P0013,2,6,9840.00,15.00,50184.00
OI0006787,O002246,P0077,3,4,14410.00,0.00,57640.00
OI0006788,O002246,P0056,4,9,10190.00,0.00,91710.00
OI0006789,O002247,P0042,1,4,2830.00,10.00,10188.00
OI0006790,O002247,P0020,2,11,5780.00,0.00,63580.00
OI0006791,O002247,P0063,3,2,3720.00,15.00,6324.00
OI0006792,O002247,P0043,4,1,9450.00,15.00,8032.50
OI0006793,O002248,P0047,1,1,2190.00,0.00,2190.00
OI0006794,O002249,P0064,1,2,8250.00,5.00,15675.00
OI0006795,O002249,P0027,2,5,4890.00,0.00,24450.00
OI0006796,O002249,P0005,3,3,3300.00,0.00,9900.00
OI0006797,O002250,P0037,1,6,6650.00,0.00,39900.00
OI0006798,O002250,P0060,2,4,8800.00,0.00,35200.00
OI0006799,O002250,P0074,3,12,10020.00,10.00,108216.00
OI0006800,O002250,P0025,4,11,13240.00,0.00,145640.00
OI0006801,O002251,P0042,1,12,2830.00,10.00,30564.00
OI0006802,O002251,P0012,2,12,6280.00,0.00,75360.00
OI0006803,O002251,P0051,3,2,12120.00,0.00,24240.00
OI0006804,O002251,P0036,4,4,10120.00,0.00,40480.00
OI0006805,O002252,P0026,1,9,13420.00,0.00,120780.00
OI0006806,O002252,P0072,2,12,6730.00,0.00,80760.00
OI0006807,O002252,P0032,3,6,330.00,15.00,1683.00
OI0006808,O002252,P0043,4,9,9450.00,0.00,85050.00
OI0006809,O002252,P0062,5,12,8730.00,0.00,104760.00
OI0006810,O002253,P0069,1,2,12320.00,0.00,24640.00
OI0006811,O002253,P0003,2,5,14640.00,10.00,65880.00
OI0006812,O002253,P0053,3,11,16730.00,10.00,165627.00
OI0006813,O002254,P0027,1,2,4890.00,5.00,9291.00
OI0006814,O002254,P0045,2,2,14880.00,15.00,25296.00
OI0006815,O002254,P0078,3,1,7660.00,10.00,6894.00
OI0006816,O002254,P0049,4,8,16150.00,10.00,116280.00
OI0006817,O002255,P0047,1,8,2190.00,10.00,15768.00
OI0006818,O002256,P0026,1,6,13420.00,0.00,80520.00
OI0006819,O002256,P0071,2,9,16680.00,5.00,142614.00
OI0006820,O002256,P0029,3,10,8380.00,5.00,79610.00
OI0006821,O002257,P0064,1,4,8250.00,10.00,29700.00
OI0006822,O002257,P0009,2,3,5290.00,5.00,15076.50
OI0006823,O002257,P0054,3,9,10100.00,0.00,90900.00
OI0006824,O002257,P0014,4,12,14460.00,0.00,173520.00
OI0006825,O002257,P0074,5,1,10020.00,5.00,9519.00
OI0006826,O002258,P0039,1,2,3060.00,0.00,6120.00
OI0006827,O002258,P0055,2,6,16840.00,0.00,101040.00
OI0006828,O002258,P0076,3,11,8140.00,10.00,80586.00
OI0006829,O002258,P0058,4,8,1830.00,10.00,13176.00
OI0006830,O002258,P0020,5,7,5780.00,0.00,40460.00
OI0006831,O002259,P0071,1,2,16680.00,0.00,33360.00
OI0006832,O002259,P0057,2,6,5170.00,0.00,31020.00
OI0006833,O002260,P0014,1,9,14460.00,5.00,123633.00
OI0006834,O002261,P0073,1,11,1430.00,0.00,15730.00
OI0006835,O002261,P0030,2,4,340.00,0.00,1360.00
OI0006836,O002262,P0033,1,8,800.00,15.00,5440.00
OI0006837,O002262,P0015,2,6,8020.00,0.00,48120.00
OI0006838,O002263,P0010,1,9,3500.00,0.00,31500.00
OI0006839,O002264,P0066,1,8,11920.00,15.00,81056.00
OI0006840,O002265,P0020,1,8,5780.00,0.00,46240.00
OI0006841,O002265,P0055,2,2,16840.00,0.00,33680.00
OI0006842,O002266,P0058,1,1,1830.00,0.00,1830.00
OI0006843,O002267,P0014,1,2,14460.00,10.00,26028.00
OI0006844,O002267,P0013,2,9,9840.00,10.00,79704.00
OI0006845,O002267,P0079,3,9,15570.00,0.00,140130.00
OI0006846,O002267,P0068,4,12,2100.00,5.00,23940.00
OI0006847,O002267,P0003,5,1,14640.00,0.00,14640.00
OI0006848,O002268,P0010,1,8,3500.00,15.00,23800.00
OI0006849,O002268,P0066,2,1,11920.00,5.00,11324.00
OI0006850,O002269,P0060,1,10,8800.00,10.00,79200.00
OI0006851,O002269,P0060,2,1,8800.00,15.00,7480.00
OI0006852,O002269,P0039,3,8,3060.00,0.00,24480.00
OI0006853,O002269,P0064,4,12,8250.00,0.00,99000.00
OI0006854,O002269,P0067,5,1,16160.00,0.00,16160.00
OI0006855,O002270,P0042,1,1,2830.00,0.00,2830.00
OI0006856,O002270,P0076,2,12,8140.00,0.00,97680.00
OI0006857,O002271,P0049,1,8,16150.00,5.00,122740.00
OI0006858,O002271,P0066,2,7,11920.00,0.00,83440.00
OI0006859,O002272,P0003,1,9,14640.00,15.00,111996.00
OI0006860,O002272,P0066,2,7,11920.00,0.00,83440.00
OI0006861,O002272,P0025,3,3,13240.00,5.00,37734.00
OI0006862,O002272,P0045,4,9,14880.00,10.00,120528.00
OI0006863,O002272,P0049,5,10,16150.00,0.00,161500.00
OI0006864,O002273,P0005,1,9,3300.00,0.00,29700.00
OI0006865,O002273,P0043,2,12,9450.00,10.00,102060.00
OI0006866,O002274,P0032,1,2,330.00,15.00,561.00
OI0006867,O002274,P0024,2,10,11180.00,5.00,106210.00
OI0006868,O002275,P0055,1,7,16840.00,0.00,117880.00
OI0006869,O002276,P0076,1,2,8140.00,5.00,15466.00
OI0006870,O002276,P0077,2,3,14410.00,0.00,43230.00
OI0006871,O002276,P0019,3,11,7370.00,0.00,81070.00
OI0006872,O002276,P0044,4,1,13780.00,10.00,12402.00
OI0006873,O002276,P0022,5,3,8500.00,0.00,25500.00
OI0006874,O002277,P0010,1,9,3500.00,15.00,26775.00
OI0006875,O002277,P0078,2,11,7660.00,10.00,75834.00
OI0006876,O002277,P0059,3,8,14710.00,0.00,117680.00
OI0006877,O002278,P0046,1,5,7120.00,0.00,35600.00
OI0006878,O002278,P0064,2,10,8250.00,10.00,74250.00
OI0006879,O002279,P0034,1,12,10570.00,15.00,107814.00
OI0006880,O002279,P0055,2,6,16840.00,15.00,85884.00
OI0006881,O002279,P0049,3,5,16150.00,0.00,80750.00
OI0006882,O002280,P0068,1,12,2100.00,15.00,21420.00
OI0006883,O002280,P0016,2,10,8740.00,10.00,78660.00
OI0006884,O002280,P0030,3,9,340.00,0.00,3060.00
OI0006885,O002280,P0076,4,10,8140.00,15.00,69190.00
OI0006886,O002281,P0069,1,12,12320.00,5.00,140448.00
OI0006887,O002281,P0075,2,6,14230.00,15.00,72573.00
OI0006888,O002281,P0075,3,9,14230.00,15.00,108859.50
OI0006889,O002281,P0029,4,5,8380.00,15.00,35615.00
OI0006890,O002281,P0061,5,8,9420.00,0.00,75360.00
OI0006891,O002282,P0043,1,9,9450.00,15.00,72292.50
OI0006892,O002282,P0077,2,8,14410.00,0.00,115280.00
OI0006893,O002283,P0070,1,2,13990.00,0.00,27980.00
OI0006894,O002283,P0053,2,5,16730.00,15.00,71102.50
OI0006895,O002284,P0002,1,9,12930.00,0.00,116370.00
OI0006896,O002285,P0051,1,9,12120.00,0.00,109080.00
OI0006897,O002285,P0061,2,8,9420.00,0.00,75360.00
OI0006898,O002286,P0030,1,7,340.00,0.00,2380.00
OI0006899,O002286,P0025,2,12,13240.00,15.00,135048.00
OI0006900,O002286,P0050,3,3,14600.00,10.00,39420.00
OI0006901,O002286,P0042,4,12,2830.00,0.00,33960.00
OI0006902,O002287,P0062,1,7,8730.00,15.00,51943.50
OI0006903,O002287,P0049,2,7,16150.00,10.00,101745.00
OI0006904,O002288,P0066,1,12,11920.00,0.00,143040.00
OI0006905,O002288,P0022,2,3,8500.00,0.00,25500.00
OI0006906,O002289,P0073,1,5,1430.00,0.00,7150.00
OI0006907,O002289,P0059,2,11,14710.00,0.00,161810.00
OI0006908,O002289,P0005,3,8,3300.00,5.00,25080.00
OI0006909,O002289,P0069,4,7,12320.00,15.00,73304.00
OI0006910,O002290,P0076,1,6,8140.00,5.00,46398.00
OI0006911,O002290,P0010,2,9,3500.00,0.00,31500.00
OI0006912,O002291,P0067,1,7,16160.00,15.00,96152.00
OI0006913,O002291,P0053,2,4,16730.00,0.00,66920.00
OI0006914,O002291,P0078,3,9,7660.00,5.00,65493.00
OI0006915,O002292,P0017,1,1,3480.00,0.00,3480.00
OI0006916,O002293,P0077,1,12,14410.00,0.00,172920.00
OI0006917,O002293,P0003,2,2,14640.00,0.00,29280.00
OI0006918,O002293,P0046,3,11,7120.00,5.00,74404.00
OI0006919,O002294,P0017,1,8,3480.00,0.00,27840.00
OI0006920,O002294,P0073,2,7,1430.00,0.00,10010.00
OI0006921,O002294,P0026,3,3,13420.00,0.00,40260.00
OI0006922,O002294,P0015,4,6,8020.00,0.00,48120.00
OI0006923,O002295,P0067,1,10,16160.00,0.00,161600.00
OI0006924,O002296,P0029,1,9,8380.00,15.00,64107.00
OI0006925,O002296,P0022,2,3,8500.00,5.00,24225.00
OI0006926,O002296,P0046,3,3,7120.00,10.00,19224.00
OI0006927,O002296,P0069,4,8,12320.00,15.00,83776.00
OI0006928,O002297,P0001,1,3,4300.00,0.00,12900.00
OI0006929,O002298,P0028,1,10,9080.00,5.00,86260.00
OI0006930,O002298,P0078,2,1,7660.00,0.00,7660.00
OI0006931,O002299,P0009,1,10,5290.00,0.00,52900.00
OI0006932,O002300,P0037,1,6,6650.00,15.00,33915.00
OI0006933,O002301,P0017,1,11,3480.00,15.00,32538.00
OI0006934,O002301,P0064,2,12,8250.00,10.00,89100.00
OI0006935,O002301,P0038,3,4,11890.00,5.00,45182.00
OI0006936,O002302,P0021,1,3,17850.00,5.00,50872.50
OI0006937,O002302,P0039,2,5,3060.00,0.00,15300.00
OI0006938,O002303,P0039,1,1,3060.00,5.00,2907.00
OI0006939,O002303,P0009,2,3,5290.00,0.00,15870.00
OI0006940,O002304,P0080,1,4,5590.00,0.00,22360.00
OI0006941,O002304,P0012,2,10,6280.00,0.00,62800.00
OI0006942,O002304,P0036,3,12,10120.00,0.00,121440.00
OI0006943,O002304,P0061,4,6,9420.00,0.00,56520.00
OI0006944,O002305,P0069,1,9,12320.00,0.00,110880.00
OI0006945,O002305,P0017,2,10,3480.00,15.00,29580.00
OI0006946,O002306,P0026,1,8,13420.00,15.00,91256.00
OI0006947,O002306,P0043,2,9,9450.00,15.00,72292.50
OI0006948,O002306,P0020,3,12,5780.00,15.00,58956.00
OI0006949,O002306,P0068,4,6,2100.00,0.00,12600.00
OI0006950,O002307,P0066,1,8,11920.00,15.00,81056.00
OI0006951,O002308,P0011,1,9,6240.00,15.00,47736.00
OI0006952,O002308,P0067,2,5,16160.00,5.00,76760.00
OI0006953,O002308,P0026,3,5,13420.00,15.00,57035.00
OI0006954,O002308,P0018,4,11,670.00,5.00,7001.50
OI0006955,O002309,P0007,1,4,4920.00,0.00,19680.00
OI0006956,O002309,P0024,2,3,11180.00,5.00,31863.00
OI0006957,O002310,P0025,1,7,13240.00,10.00,83412.00
OI0006958,O002310,P0045,2,1,14880.00,5.00,14136.00
OI0006959,O002310,P0019,3,8,7370.00,15.00,50116.00
OI0006960,O002310,P0054,4,9,10100.00,10.00,81810.00
OI0006961,O002310,P0054,5,9,10100.00,0.00,90900.00
OI0006962,O002311,P0025,1,4,13240.00,0.00,52960.00
OI0006963,O002311,P0013,2,3,9840.00,5.00,28044.00
OI0006964,O002311,P0076,3,4,8140.00,5.00,30932.00
OI0006965,O002311,P0015,4,4,8020.00,15.00,27268.00
OI0006966,O002312,P0028,1,5,9080.00,0.00,45400.00
OI0006967,O002312,P0030,2,10,340.00,0.00,3400.00
OI0006968,O002312,P0027,3,9,4890.00,0.00,44010.00
OI0006969,O002312,P0015,4,1,8020.00,15.00,6817.00
OI0006970,O002312,P0068,5,11,2100.00,15.00,19635.00
OI0006971,O002313,P0028,1,7,9080.00,0.00,63560.00
OI0006972,O002313,P0015,2,11,8020.00,0.00,88220.00
OI0006973,O002314,P0060,1,3,8800.00,10.00,23760.00
OI0006974,O002314,P0024,2,8,11180.00,15.00,76024.00
OI0006975,O002314,P0024,3,1,11180.00,0.00,11180.00
OI0006976,O002315,P0039,1,12,3060.00,0.00,36720.00
OI0006977,O002316,P0029,1,8,8380.00,0.00,67040.00
OI0006978,O002317,P0049,1,5,16150.00,0.00,80750.00
OI0006979,O002317,P0069,2,3,12320.00,10.00,33264.00
OI0006980,O002318,P0046,1,9,7120.00,0.00,64080.00
OI0006981,O002318,P0023,2,10,12130.00,0.00,121300.00
OI0006982,O002318,P0034,3,5,10570.00,5.00,50207.50
OI0006983,O002318,P0045,4,7,14880.00,0.00,104160.00
OI0006984,O002319,P0030,1,10,340.00,0.00,3400.00
OI0006985,O002319,P0028,2,7,9080.00,5.00,60382.00
OI0006986,O002319,P0060,3,1,8800.00,10.00,7920.00
OI0006987,O002319,P0033,4,11,800.00,5.00,8360.00
OI0006988,O002320,P0072,1,5,6730.00,0.00,33650.00
OI0006989,O002320,P0021,2,10,17850.00,10.00,160650.00
OI0006990,O002321,P0024,1,12,11180.00,0.00,134160.00
OI0006991,O002322,P0056,1,8,10190.00,5.00,77444.00
OI0006992,O002322,P0071,2,12,16680.00,15.00,170136.00
OI0006993,O002322,P0011,3,4,6240.00,10.00,22464.00
OI0006994,O002322,P0021,4,4,17850.00,0.00,71400.00
OI0006995,O002323,P0021,1,8,17850.00,0.00,142800.00
OI0006996,O002323,P0068,2,10,2100.00,10.00,18900.00
OI0006997,O002323,P0048,3,6,12050.00,0.00,72300.00
OI0006998,O002323,P0069,4,7,12320.00,0.00,86240.00
OI0006999,O002323,P0051,5,7,12120.00,15.00,72114.00
OI0007000,O002324,P0024,1,11,11180.00,0.00,122980.00
OI0007001,O002324,P0001,2,10,4300.00,0.00,43000.00
OI0007002,O002324,P0046,3,11,7120.00,0.00,78320.00
OI0007003,O002324,P0059,4,10,14710.00,5.00,139745.00
OI0007004,O002325,P0080,1,8,5590.00,5.00,42484.00
OI0007005,O002326,P0006,1,12,570.00,5.00,6498.00
OI0007006,O002326,P0031,2,11,3650.00,0.00,40150.00
OI0007007,O002327,P0077,1,3,14410.00,0.00,43230.00
OI0007008,O002327,P0015,2,3,8020.00,0.00,24060.00
OI0007009,O002327,P0079,3,9,15570.00,0.00,140130.00
OI0007010,O002327,P0054,4,5,10100.00,10.00,45450.00
OI0007011,O002327,P0047,5,10,2190.00,5.00,20805.00
OI0007012,O002328,P0055,1,4,16840.00,15.00,57256.00
OI0007013,O002328,P0034,2,2,10570.00,10.00,19026.00
OI0007014,O002328,P0058,3,6,1830.00,10.00,9882.00
OI0007015,O002328,P0052,4,11,13500.00,10.00,133650.00
OI0007016,O002329,P0027,1,8,4890.00,0.00,39120.00
OI0007017,O002329,P0015,2,4,8020.00,15.00,27268.00
OI0007018,O002329,P0001,3,12,4300.00,0.00,51600.00
OI0007019,O002329,P0044,4,12,13780.00,0.00,165360.00
OI0007020,O002330,P0069,1,3,12320.00,15.00,31416.00
OI0007021,O002330,P0008,2,4,5830.00,0.00,23320.00
OI0007022,O002330,P0004,3,11,16440.00,0.00,180840.00
OI0007023,O002330,P0012,4,11,6280.00,15.00,58718.00
OI0007024,O002331,P0054,1,4,10100.00,0.00,40400.00
OI0007025,O002332,P0062,1,1,8730.00,10.00,7857.00
OI0007026,O002333,P0007,1,3,4920.00,0.00,14760.00
OI0007027,O002333,P0001,2,7,4300.00,0.00,30100.00
OI0007028,O002334,P0075,1,9,14230.00,5.00,121666.50
OI0007029,O002334,P0049,2,3,16150.00,0.00,48450.00
OI0007030,O002334,P0042,3,1,2830.00,0.00,2830.00
OI0007031,O002334,P0021,4,12,17850.00,0.00,214200.00
OI0007032,O002334,P0023,5,1,12130.00,10.00,10917.00
OI0007033,O002335,P0053,1,8,16730.00,0.00,133840.00
OI0007034,O002335,P0014,2,8,14460.00,5.00,109896.00
OI0007035,O002335,P0076,3,10,8140.00,10.00,73260.00
OI0007036,O002336,P0003,1,11,14640.00,0.00,161040.00
OI0007037,O002337,P0030,1,7,340.00,0.00,2380.00
OI0007038,O002337,P0043,2,9,9450.00,10.00,76545.00
OI0007039,O002338,P0025,1,11,13240.00,10.00,131076.00
OI0007040,O002338,P0018,2,8,670.00,5.00,5092.00
OI0007041,O002338,P0026,3,8,13420.00,15.00,91256.00
OI0007042,O002338,P0080,4,4,5590.00,5.00,21242.00
OI0007043,O002339,P0077,1,7,14410.00,5.00,95826.50
OI0007044,O002340,P0011,1,7,6240.00,5.00,41496.00
OI0007045,O002340,P0078,2,11,7660.00,0.00,84260.00
OI0007046,O002340,P0076,3,9,8140.00,10.00,65934.00
OI0007047,O002341,P0064,1,8,8250.00,15.00,56100.00
OI0007048,O002341,P0074,2,12,10020.00,0.00,120240.00
OI0007049,O002342,P0043,1,10,9450.00,0.00,94500.00
OI0007050,O002342,P0001,2,1,4300.00,5.00,4085.00
OI0007051,O002342,P0022,3,5,8500.00,0.00,42500.00
OI0007052,O002343,P0044,1,8,13780.00,15.00,93704.00
OI0007053,O002343,P0028,2,9,9080.00,0.00,81720.00
OI0007054,O002343,P0030,3,9,340.00,5.00,2907.00
OI0007055,O002344,P0073,1,3,1430.00,0.00,4290.00
OI0007056,O002344,P0050,2,4,14600.00,0.00,58400.00
OI0007057,O002344,P0047,3,6,2190.00,15.00,11169.00
OI0007058,O002345,P0079,1,10,15570.00,0.00,155700.00
OI0007059,O002345,P0001,2,5,4300.00,5.00,20425.00
OI0007060,O002346,P0020,1,3,5780.00,10.00,15606.00
OI0007061,O002346,P0002,2,4,12930.00,15.00,43962.00
OI0007062,O002346,P0029,3,10,8380.00,10.00,75420.00
OI0007063,O002346,P0013,4,2,9840.00,0.00,19680.00
OI0007064,O002346,P0076,5,3,8140.00,10.00,21978.00
OI0007065,O002347,P0065,1,2,10680.00,5.00,20292.00
OI0007066,O002347,P0006,2,8,570.00,0.00,4560.00
OI0007067,O002348,P0043,1,8,9450.00,5.00,71820.00
OI0007068,O002348,P0045,2,6,14880.00,0.00,89280.00
OI0007069,O002348,P0078,3,8,7660.00,5.00,58216.00
OI0007070,O002348,P0018,4,8,670.00,5.00,5092.00
OI0007071,O002348,P0063,5,8,3720.00,15.00,25296.00
OI0007072,O002349,P0047,1,10,2190.00,0.00,21900.00
OI0007073,O002349,P0058,2,12,1830.00,10.00,19764.00
OI0007074,O002349,P0070,3,7,13990.00,0.00,97930.00
OI0007075,O002349,P0043,4,2,9450.00,5.00,17955.00
OI0007076,O002349,P0059,5,3,14710.00,15.00,37510.50
OI0007077,O002350,P0005,1,6,3300.00,10.00,17820.00
OI0007078,O002350,P0064,2,9,8250.00,0.00,74250.00
OI0007079,O002351,P0004,1,11,16440.00,15.00,153714.00
OI0007080,O002352,P0020,1,1,5780.00,0.00,5780.00
OI0007081,O002352,P0060,2,6,8800.00,10.00,47520.00
OI0007082,O002352,P0031,3,10,3650.00,0.00,36500.00
OI0007083,O002352,P0077,4,11,14410.00,0.00,158510.00
OI0007084,O002353,P0001,1,10,4300.00,0.00,43000.00
OI0007085,O002353,P0029,2,7,8380.00,10.00,52794.00
OI0007086,O002353,P0079,3,9,15570.00,0.00,140130.00
OI0007087,O002353,P0069,4,4,12320.00,5.00,46816.00
OI0007088,O002353,P0045,5,7,14880.00,0.00,104160.00
OI0007089,O002354,P0018,1,6,670.00,0.00,4020.00
OI0007090,O002354,P0019,2,10,7370.00,0.00,73700.00
OI0007091,O002355,P0044,1,10,13780.00,15.00,117130.00
OI0007092,O002355,P0006,2,3,570.00,15.00,1453.50
OI0007093,O002355,P0006,3,6,570.00,15.00,2907.00
OI0007094,O002356,P0074,1,1,10020.00,0.00,10020.00
OI0007095,O002356,P0072,2,12,6730.00,0.00,80760.00
OI0007096,O002356,P0019,3,12,7370.00,0.00,88440.00
OI0007097,O002356,P0070,4,12,13990.00,5.00,159486.00
OI0007098,O002357,P0044,1,8,13780.00,15.00,93704.00
OI0007099,O002358,P0005,1,6,3300.00,15.00,16830.00
OI0007100,O002358,P0043,2,12,9450.00,0.00,113400.00
OI0007101,O002358,P0075,3,2,14230.00,10.00,25614.00
OI0007102,O002359,P0058,1,1,1830.00,5.00,1738.50
OI0007103,O002359,P0048,2,6,12050.00,0.00,72300.00
OI0007104,O002360,P0075,1,2,14230.00,0.00,28460.00
OI0007105,O002360,P0039,2,8,3060.00,5.00,23256.00
OI0007106,O002360,P0040,3,6,17530.00,5.00,99921.00
OI0007107,O002360,P0059,4,11,14710.00,0.00,161810.00
OI0007108,O002361,P0074,1,4,10020.00,5.00,38076.00
OI0007109,O002361,P0048,2,2,12050.00,0.00,24100.00
OI0007110,O002361,P0006,3,11,570.00,0.00,6270.00
OI0007111,O002361,P0022,4,5,8500.00,15.00,36125.00
OI0007112,O002361,P0045,5,2,14880.00,0.00,29760.00
OI0007113,O002362,P0064,1,3,8250.00,0.00,24750.00
OI0007114,O002362,P0071,2,3,16680.00,5.00,47538.00
OI0007115,O002362,P0034,3,3,10570.00,0.00,31710.00
OI0007116,O002363,P0064,1,7,8250.00,0.00,57750.00
OI0007117,O002363,P0060,2,7,8800.00,10.00,55440.00
OI0007118,O002364,P0064,1,1,8250.00,0.00,8250.00
OI0007119,O002364,P0011,2,2,6240.00,0.00,12480.00
OI0007120,O002364,P0073,3,1,1430.00,10.00,1287.00
OI0007121,O002364,P0030,4,10,340.00,0.00,3400.00
OI0007122,O002364,P0030,5,10,340.00,0.00,3400.00
OI0007123,O002365,P0041,1,1,12490.00,0.00,12490.00
OI0007124,O002365,P0063,2,7,3720.00,5.00,24738.00
OI0007125,O002366,P0080,1,10,5590.00,15.00,47515.00
OI0007126,O002366,P0044,2,5,13780.00,0.00,68900.00
OI0007127,O002366,P0006,3,12,570.00,10.00,6156.00
OI0007128,O002366,P0010,4,8,3500.00,10.00,25200.00
OI0007129,O002366,P0022,5,12,8500.00,15.00,86700.00
OI0007130,O002367,P0020,1,9,5780.00,0.00,52020.00
OI0007131,O002367,P0041,2,8,12490.00,0.00,99920.00
OI0007132,O002368,P0054,1,11,10100.00,0.00,111100.00
OI0007133,O002368,P0053,2,9,16730.00,5.00,143041.50
OI0007134,O002368,P0033,3,4,800.00,0.00,3200.00
OI0007135,O002368,P0046,4,8,7120.00,0.00,56960.00
OI0007136,O002369,P0047,1,7,2190.00,0.00,15330.00
OI0007137,O002369,P0049,2,1,16150.00,0.00,16150.00
OI0007138,O002369,P0022,3,2,8500.00,0.00,17000.00
OI0007139,O002369,P0068,4,2,2100.00,15.00,3570.00
OI0007140,O002370,P0074,1,12,10020.00,0.00,120240.00
OI0007141,O002370,P0061,2,10,9420.00,0.00,94200.00
OI0007142,O002371,P0029,1,2,8380.00,0.00,16760.00
OI0007143,O002371,P0024,2,1,11180.00,0.00,11180.00
OI0007144,O002371,P0063,3,3,3720.00,0.00,11160.00
OI0007145,O002372,P0041,1,11,12490.00,0.00,137390.00
OI0007146,O002372,P0036,2,6,10120.00,5.00,57684.00
OI0007147,O002372,P0028,3,7,9080.00,0.00,63560.00
OI0007148,O002372,P0070,4,7,13990.00,0.00,97930.00
OI0007149,O002372,P0073,5,4,1430.00,0.00,5720.00
OI0007150,O002373,P0005,1,2,3300.00,0.00,6600.00
OI0007151,O002374,P0015,1,11,8020.00,15.00,74987.00
OI0007152,O002374,P0060,2,3,8800.00,0.00,26400.00
OI0007153,O002374,P0045,3,4,14880.00,10.00,53568.00
OI0007154,O002374,P0052,4,9,13500.00,0.00,121500.00
OI0007155,O002374,P0071,5,11,16680.00,0.00,183480.00
OI0007156,O002375,P0022,1,10,8500.00,15.00,72250.00
OI0007157,O002375,P0045,2,4,14880.00,0.00,59520.00
OI0007158,O002375,P0037,3,5,6650.00,10.00,29925.00
OI0007159,O002375,P0020,4,12,5780.00,5.00,65892.00
OI0007160,O002375,P0066,5,6,11920.00,10.00,64368.00
OI0007161,O002376,P0005,1,7,3300.00,0.00,23100.00
OI0007162,O002377,P0015,1,12,8020.00,5.00,91428.00
OI0007163,O002377,P0064,2,10,8250.00,0.00,82500.00
OI0007164,O002377,P0002,3,10,12930.00,0.00,129300.00
OI0007165,O002377,P0065,4,11,10680.00,0.00,117480.00
OI0007166,O002377,P0042,5,12,2830.00,0.00,33960.00
OI0007167,O002378,P0018,1,3,670.00,5.00,1909.50
OI0007168,O002378,P0039,2,9,3060.00,0.00,27540.00
OI0007169,O002378,P0035,3,11,14850.00,0.00,163350.00
OI0007170,O002378,P0032,4,11,330.00,0.00,3630.00
OI0007171,O002379,P0074,1,3,10020.00,5.00,28557.00
OI0007172,O002379,P0071,2,5,16680.00,10.00,75060.00
OI0007173,O002379,P0025,3,5,13240.00,10.00,59580.00
OI0007174,O002379,P0040,4,8,17530.00,10.00,126216.00
OI0007175,O002380,P0034,1,4,10570.00,5.00,40166.00
OI0007176,O002381,P0062,1,10,8730.00,0.00,87300.00
OI0007177,O002381,P0041,2,9,12490.00,0.00,112410.00
OI0007178,O002381,P0032,3,11,330.00,15.00,3085.50
OI0007179,O002381,P0009,4,8,5290.00,5.00,40204.00
OI0007180,O002381,P0067,5,5,16160.00,5.00,76760.00
OI0007181,O002382,P0038,1,12,11890.00,15.00,121278.00
OI0007182,O002382,P0079,2,8,15570.00,0.00,124560.00
OI0007183,O002382,P0018,3,1,670.00,15.00,569.50
OI0007184,O002383,P0005,1,11,3300.00,15.00,30855.00
OI0007185,O002383,P0019,2,4,7370.00,10.00,26532.00
OI0007186,O002383,P0017,3,12,3480.00,0.00,41760.00
OI0007187,O002383,P0033,4,4,800.00,5.00,3040.00
OI0007188,O002384,P0003,1,7,14640.00,5.00,97356.00
OI0007189,O002384,P0003,2,5,14640.00,15.00,62220.00
OI0007190,O002384,P0033,3,3,800.00,0.00,2400.00
OI0007191,O002384,P0017,4,4,3480.00,0.00,13920.00
OI0007192,O002384,P0053,5,7,16730.00,10.00,105399.00
OI0007193,O002385,P0045,1,9,14880.00,0.00,133920.00
OI0007194,O002386,P0019,1,12,7370.00,15.00,75174.00
OI0007195,O002386,P0058,2,5,1830.00,0.00,9150.00
OI0007196,O002386,P0058,3,10,1830.00,5.00,17385.00
OI0007197,O002386,P0047,4,3,2190.00,0.00,6570.00
OI0007198,O002387,P0076,1,3,8140.00,5.00,23199.00
OI0007199,O002387,P0013,2,7,9840.00,15.00,58548.00
OI0007200,O002387,P0043,3,3,9450.00,15.00,24097.50
OI0007201,O002388,P0021,1,10,17850.00,10.00,160650.00
OI0007202,O002388,P0051,2,10,12120.00,15.00,103020.00
OI0007203,O002389,P0020,1,12,5780.00,15.00,58956.00
OI0007204,O002389,P0019,2,8,7370.00,15.00,50116.00
OI0007205,O002390,P0063,1,11,3720.00,0.00,40920.00
OI0007206,O002390,P0051,2,9,12120.00,5.00,103626.00
OI0007207,O002391,P0044,1,6,13780.00,15.00,70278.00
OI0007208,O002391,P0016,2,2,8740.00,0.00,17480.00
OI0007209,O002391,P0049,3,2,16150.00,10.00,29070.00
OI0007210,O002391,P0037,4,11,6650.00,10.00,65835.00
OI0007211,O002391,P0076,5,3,8140.00,5.00,23199.00
OI0007212,O002392,P0002,1,7,12930.00,10.00,81459.00
OI0007213,O002392,P0018,2,9,670.00,0.00,6030.00
OI0007214,O002392,P0060,3,11,8800.00,0.00,96800.00
OI0007215,O002392,P0046,4,7,7120.00,5.00,47348.00
OI0007216,O002392,P0013,5,3,9840.00,15.00,25092.00
OI0007217,O002393,P0079,1,9,15570.00,0.00,140130.00
OI0007218,O002393,P0065,2,4,10680.00,10.00,38448.00
OI0007219,O002393,P0004,3,4,16440.00,0.00,65760.00
OI0007220,O002394,P0009,1,4,5290.00,10.00,19044.00
OI0007221,O002394,P0029,2,11,8380.00,10.00,82962.00
OI0007222,O002394,P0045,3,1,14880.00,0.00,14880.00
OI0007223,O002394,P0075,4,1,14230.00,10.00,12807.00
OI0007224,O002394,P0071,5,5,16680.00,5.00,79230.00
OI0007225,O002395,P0051,1,5,12120.00,0.00,60600.00
OI0007226,O002395,P0066,2,3,11920.00,10.00,32184.00
OI0007227,O002395,P0005,3,7,3300.00,0.00,23100.00
OI0007228,O002395,P0057,4,3,5170.00,0.00,15510.00
OI0007229,O002395,P0058,5,11,1830.00,0.00,20130.00
OI0007230,O002396,P0038,1,7,11890.00,15.00,70745.50
OI0007231,O002396,P0034,2,1,10570.00,15.00,8984.50
OI0007232,O002396,P0006,3,2,570.00,15.00,969.00
OI0007233,O002396,P0010,4,5,3500.00,0.00,17500.00
OI0007234,O002396,P0051,5,6,12120.00,0.00,72720.00
OI0007235,O002397,P0064,1,8,8250.00,10.00,59400.00
OI0007236,O002397,P0036,2,12,10120.00,15.00,103224.00
OI0007237,O002397,P0057,3,8,5170.00,0.00,41360.00
OI0007238,O002397,P0018,4,6,670.00,10.00,3618.00
OI0007239,O002397,P0049,5,6,16150.00,15.00,82365.00
OI0007240,O002398,P0003,1,10,14640.00,15.00,124440.00
OI0007241,O002398,P0034,2,8,10570.00,0.00,84560.00
OI0007242,O002399,P0036,1,11,10120.00,0.00,111320.00
OI0007243,O002399,P0023,2,6,12130.00,15.00,61863.00
OI0007244,O002399,P0063,3,11,3720.00,0.00,40920.00
OI0007245,O002400,P0015,1,9,8020.00,15.00,61353.00
OI0007246,O002400,P0024,2,5,11180.00,15.00,47515.00
OI0007247,O002400,P0067,3,2,16160.00,0.00,32320.00
OI0007248,O002400,P0006,4,12,570.00,0.00,6840.00
OI0007249,O002400,P0012,5,8,6280.00,5.00,47728.00
OI0007250,O002401,P0046,1,7,7120.00,10.00,44856.00
OI0007251,O002402,P0061,1,3,9420.00,0.00,28260.00
OI0007252,O002402,P0075,2,7,14230.00,0.00,99610.00
OI0007253,O002402,P0054,3,4,10100.00,15.00,34340.00
OI0007254,O002403,P0053,1,11,16730.00,0.00,184030.00
OI0007255,O002403,P0032,2,2,330.00,5.00,627.00
OI0007256,O002404,P0062,1,12,8730.00,0.00,104760.00
OI0007257,O002405,P0006,1,5,570.00,0.00,2850.00
OI0007258,O002405,P0074,2,7,10020.00,5.00,66633.00
OI0007259,O002405,P0066,3,3,11920.00,0.00,35760.00
OI0007260,O002405,P0008,4,1,5830.00,0.00,5830.00
OI0007261,O002405,P0023,5,1,12130.00,0.00,12130.00
OI0007262,O002406,P0042,1,1,2830.00,0.00,2830.00
OI0007263,O002406,P0047,2,3,2190.00,5.00,6241.50
OI0007264,O002406,P0059,3,7,14710.00,10.00,92673.00
OI0007265,O002406,P0029,4,4,8380.00,0.00,33520.00
OI0007266,O002407,P0024,1,12,11180.00,15.00,114036.00
OI0007267,O002408,P0009,1,11,5290.00,0.00,58190.00
OI0007268,O002408,P0011,2,2,6240.00,10.00,11232.00
OI0007269,O002409,P0013,1,11,9840.00,15.00,92004.00
OI0007270,O002409,P0048,2,6,12050.00,0.00,72300.00
OI0007271,O002409,P0043,3,2,9450.00,0.00,18900.00
OI0007272,O002409,P0014,4,10,14460.00,0.00,144600.00
OI0007273,O002410,P0034,1,12,10570.00,15.00,107814.00
OI0007274,O002410,P0012,2,6,6280.00,0.00,37680.00
OI0007275,O002410,P0048,3,3,12050.00,0.00,36150.00
OI0007276,O002410,P0070,4,3,13990.00,0.00,41970.00
OI0007277,O002411,P0072,1,11,6730.00,0.00,74030.00
OI0007278,O002411,P0075,2,6,14230.00,0.00,85380.00
OI0007279,O002411,P0010,3,11,3500.00,0.00,38500.00
OI0007280,O002411,P0060,4,11,8800.00,15.00,82280.00
OI0007281,O002412,P0059,1,4,14710.00,5.00,55898.00
OI0007282,O002412,P0029,2,4,8380.00,10.00,30168.00
OI0007283,O002413,P0068,1,6,2100.00,0.00,12600.00
OI0007284,O002413,P0034,2,1,10570.00,5.00,10041.50
OI0007285,O002413,P0071,3,9,16680.00,15.00,127602.00
OI0007286,O002413,P0059,4,8,14710.00,15.00,100028.00
OI0007287,O002413,P0066,5,6,11920.00,15.00,60792.00
OI0007288,O002414,P0049,1,6,16150.00,0.00,96900.00
OI0007289,O002414,P0039,2,11,3060.00,5.00,31977.00
OI0007290,O002414,P0007,3,1,4920.00,5.00,4674.00
OI0007291,O002414,P0062,4,2,8730.00,0.00,17460.00
OI0007292,O002415,P0024,1,2,11180.00,15.00,19006.00
OI0007293,O002415,P0070,2,10,13990.00,0.00,139900.00
OI0007294,O002416,P0010,1,5,3500.00,0.00,17500.00
OI0007295,O002416,P0044,2,8,13780.00,0.00,110240.00
OI0007296,O002416,P0076,3,4,8140.00,0.00,32560.00
OI0007297,O002416,P0024,4,1,11180.00,0.00,11180.00
OI0007298,O002416,P0040,5,10,17530.00,0.00,175300.00
OI0007299,O002417,P0024,1,4,11180.00,0.00,44720.00
OI0007300,O002417,P0068,2,3,2100.00,0.00,6300.00
OI0007301,O002417,P0010,3,9,3500.00,0.00,31500.00
OI0007302,O002417,P0059,4,2,14710.00,5.00,27949.00
OI0007303,O002418,P0072,1,9,6730.00,5.00,57541.50
OI0007304,O002418,P0019,2,2,7370.00,10.00,13266.00
OI0007305,O002418,P0065,3,4,10680.00,0.00,42720.00
OI0007306,O002418,P0033,4,5,800.00,0.00,4000.00
OI0007307,O002418,P0042,5,9,2830.00,15.00,21649.50
OI0007308,O002419,P0059,1,10,14710.00,0.00,147100.00
OI0007309,O002419,P0038,2,10,11890.00,0.00,118900.00
OI0007310,O002419,P0005,3,2,3300.00,5.00,6270.00
OI0007311,O002420,P0074,1,12,10020.00,0.00,120240.00
OI0007312,O002420,P0070,2,9,13990.00,0.00,125910.00
OI0007313,O002420,P0015,3,5,8020.00,15.00,34085.00
OI0007314,O002420,P0034,4,9,10570.00,15.00,80860.50
OI0007315,O002421,P0043,1,6,9450.00,0.00,56700.00
OI0007316,O002421,P0043,2,7,9450.00,0.00,66150.00
OI0007317,O002421,P0035,3,7,14850.00,10.00,93555.00
OI0007318,O002422,P0057,1,5,5170.00,15.00,21972.50
OI0007319,O002422,P0063,2,8,3720.00,10.00,26784.00
OI0007320,O002422,P0078,3,7,7660.00,0.00,53620.00
OI0007321,O002422,P0079,4,4,15570.00,10.00,56052.00
OI0007322,O002422,P0064,5,3,8250.00,0.00,24750.00
OI0007323,O002423,P0071,1,10,16680.00,0.00,166800.00
OI0007324,O002424,P0038,1,10,11890.00,5.00,112955.00
OI0007325,O002425,P0073,1,7,1430.00,5.00,9509.50
OI0007326,O002425,P0079,2,8,15570.00,5.00,118332.00
OI0007327,O002425,P0025,3,8,13240.00,10.00,95328.00
OI0007328,O002426,P0028,1,4,9080.00,15.00,30872.00
OI0007329,O002426,P0059,2,6,14710.00,10.00,79434.00
OI0007330,O002426,P0034,3,2,10570.00,10.00,19026.00
OI0007331,O002426,P0056,4,6,10190.00,10.00,55026.00
OI0007332,O002426,P0060,5,3,8800.00,5.00,25080.00
OI0007333,O002427,P0045,1,1,14880.00,0.00,14880.00
OI0007334,O002427,P0040,2,6,17530.00,0.00,105180.00
OI0007335,O002427,P0079,3,1,15570.00,0.00,15570.00
OI0007336,O002427,P0006,4,2,570.00,10.00,1026.00
OI0007337,O002427,P0053,5,6,16730.00,0.00,100380.00
OI0007338,O002428,P0001,1,4,4300.00,10.00,15480.00
OI0007339,O002428,P0013,2,4,9840.00,5.00,37392.00
OI0007340,O002428,P0006,3,1,570.00,10.00,513.00
OI0007341,O002429,P0030,1,1,340.00,0.00,340.00
OI0007342,O002429,P0023,2,9,12130.00,5.00,103711.50
OI0007343,O002429,P0027,3,3,4890.00,5.00,13936.50
OI0007344,O002429,P0012,4,1,6280.00,15.00,5338.00
OI0007345,O002430,P0071,1,6,16680.00,5.00,95076.00
OI0007346,O002431,P0039,1,3,3060.00,0.00,9180.00
OI0007347,O002431,P0023,2,10,12130.00,0.00,121300.00
OI0007348,O002431,P0003,3,12,14640.00,0.00,175680.00
OI0007349,O002432,P0064,1,8,8250.00,0.00,66000.00
OI0007350,O002432,P0068,2,11,2100.00,5.00,21945.00
OI0007351,O002432,P0060,3,3,8800.00,5.00,25080.00
OI0007352,O002433,P0027,1,12,4890.00,0.00,58680.00
OI0007353,O002433,P0006,2,10,570.00,10.00,5130.00
OI0007354,O002434,P0063,1,9,3720.00,10.00,30132.00
OI0007355,O002434,P0019,2,11,7370.00,5.00,77016.50
OI0007356,O002434,P0076,3,7,8140.00,0.00,56980.00
OI0007357,O002435,P0003,1,8,14640.00,0.00,117120.00
OI0007358,O002435,P0055,2,2,16840.00,0.00,33680.00
OI0007359,O002435,P0021,3,6,17850.00,0.00,107100.00
OI0007360,O002435,P0040,4,7,17530.00,0.00,122710.00
OI0007361,O002435,P0060,5,6,8800.00,0.00,52800.00
OI0007362,O002436,P0021,1,1,17850.00,15.00,15172.50
OI0007363,O002436,P0060,2,12,8800.00,5.00,100320.00
OI0007364,O002436,P0072,3,8,6730.00,10.00,48456.00
OI0007365,O002436,P0011,4,9,6240.00,0.00,56160.00
OI0007366,O002436,P0053,5,8,16730.00,5.00,127148.00
OI0007367,O002437,P0057,1,4,5170.00,0.00,20680.00
OI0007368,O002437,P0021,2,7,17850.00,5.00,118702.50
OI0007369,O002437,P0044,3,1,13780.00,0.00,13780.00
OI0007370,O002437,P0071,4,5,16680.00,0.00,83400.00
OI0007371,O002438,P0014,1,5,14460.00,10.00,65070.00
OI0007372,O002438,P0030,2,5,340.00,0.00,1700.00
OI0007373,O002438,P0056,3,3,10190.00,5.00,29041.50
OI0007374,O002438,P0040,4,12,17530.00,0.00,210360.00
OI0007375,O002439,P0010,1,11,3500.00,5.00,36575.00
OI0007376,O002439,P0047,2,8,2190.00,10.00,15768.00
OI0007377,O002439,P0071,3,8,16680.00,0.00,133440.00
OI0007378,O002440,P0044,1,5,13780.00,10.00,62010.00
OI0007379,O002441,P0078,1,6,7660.00,10.00,41364.00
OI0007380,O002442,P0031,1,4,3650.00,0.00,14600.00
OI0007381,O002443,P0006,1,9,570.00,0.00,5130.00
OI0007382,O002443,P0001,2,10,4300.00,0.00,43000.00
OI0007383,O002443,P0044,3,7,13780.00,15.00,81991.00
OI0007384,O002444,P0070,1,2,13990.00,15.00,23783.00
OI0007385,O002444,P0013,2,8,9840.00,0.00,78720.00
OI0007386,O002444,P0036,3,12,10120.00,0.00,121440.00
OI0007387,O002445,P0001,1,8,4300.00,10.00,30960.00
OI0007388,O002445,P0006,2,9,570.00,15.00,4360.50
OI0007389,O002445,P0007,3,8,4920.00,0.00,39360.00
OI0007390,O002445,P0029,4,11,8380.00,0.00,92180.00
OI0007391,O002445,P0032,5,4,330.00,5.00,1254.00
OI0007392,O002446,P0074,1,8,10020.00,15.00,68136.00
OI0007393,O002446,P0040,2,4,17530.00,0.00,70120.00
OI0007394,O002446,P0008,3,10,5830.00,10.00,52470.00
OI0007395,O002446,P0005,4,2,3300.00,10.00,5940.00
OI0007396,O002446,P0076,5,9,8140.00,0.00,73260.00
OI0007397,O002447,P0008,1,1,5830.00,15.00,4955.50
OI0007398,O002447,P0073,2,6,1430.00,0.00,8580.00
OI0007399,O002447,P0050,3,12,14600.00,0.00,175200.00
OI0007400,O002448,P0077,1,8,14410.00,10.00,103752.00
OI0007401,O002448,P0071,2,5,16680.00,15.00,70890.00
OI0007402,O002449,P0026,1,6,13420.00,0.00,80520.00
OI0007403,O002449,P0042,2,1,2830.00,0.00,2830.00
OI0007404,O002450,P0037,1,4,6650.00,0.00,26600.00
OI0007405,O002451,P0049,1,6,16150.00,10.00,87210.00
OI0007406,O002451,P0040,2,7,17530.00,10.00,110439.00
OI0007407,O002452,P0011,1,9,6240.00,10.00,50544.00
OI0007408,O002452,P0035,2,5,14850.00,0.00,74250.00
OI0007409,O002452,P0046,3,5,7120.00,0.00,35600.00
OI0007410,O002452,P0029,4,7,8380.00,0.00,58660.00
OI0007411,O002453,P0003,1,4,14640.00,5.00,55632.00
OI0007412,O002453,P0074,2,9,10020.00,5.00,85671.00
OI0007413,O002453,P0047,3,7,2190.00,5.00,14563.50
OI0007414,O002453,P0077,4,10,14410.00,0.00,144100.00
OI0007415,O002453,P0019,5,7,7370.00,0.00,51590.00
OI0007416,O002454,P0079,1,12,15570.00,0.00,186840.00
OI0007417,O002454,P0029,2,8,8380.00,5.00,63688.00
OI0007418,O002454,P0012,3,2,6280.00,0.00,12560.00
OI0007419,O002454,P0039,4,8,3060.00,0.00,24480.00
OI0007420,O002454,P0026,5,10,13420.00,0.00,134200.00
OI0007421,O002455,P0068,1,2,2100.00,0.00,4200.00
OI0007422,O002456,P0053,1,7,16730.00,10.00,105399.00
OI0007423,O002456,P0069,2,4,12320.00,0.00,49280.00
OI0007424,O002456,P0055,3,4,16840.00,5.00,63992.00
OI0007425,O002456,P0034,4,12,10570.00,15.00,107814.00
OI0007426,O002457,P0040,1,12,17530.00,0.00,210360.00
OI0007427,O002458,P0019,1,10,7370.00,0.00,73700.00
OI0007428,O002458,P0004,2,5,16440.00,15.00,69870.00
OI0007429,O002459,P0068,1,5,2100.00,5.00,9975.00
OI0007430,O002460,P0032,1,11,330.00,0.00,3630.00
OI0007431,O002460,P0016,2,3,8740.00,5.00,24909.00
OI0007432,O002460,P0051,3,8,12120.00,0.00,96960.00
OI0007433,O002460,P0006,4,11,570.00,0.00,6270.00
OI0007434,O002461,P0027,1,10,4890.00,15.00,41565.00
OI0007435,O002461,P0029,2,6,8380.00,0.00,50280.00
OI0007436,O002461,P0023,3,6,12130.00,0.00,72780.00
OI0007437,O002461,P0013,4,3,9840.00,15.00,25092.00
OI0007438,O002461,P0019,5,5,7370.00,0.00,36850.00
OI0007439,O002462,P0069,1,3,12320.00,10.00,33264.00
OI0007440,O002462,P0066,2,1,11920.00,10.00,10728.00
OI0007441,O002462,P0076,3,3,8140.00,0.00,24420.00
OI0007442,O002462,P0074,4,3,10020.00,5.00,28557.00
OI0007443,O002462,P0063,5,7,3720.00,10.00,23436.00
OI0007444,O002463,P0054,1,8,10100.00,10.00,72720.00
OI0007445,O002463,P0080,2,8,5590.00,0.00,44720.00
OI0007446,O002463,P0073,3,4,1430.00,0.00,5720.00
OI0007447,O002463,P0073,4,9,1430.00,15.00,10939.50
OI0007448,O002463,P0052,5,3,13500.00,10.00,36450.00
OI0007449,O002464,P0031,1,3,3650.00,0.00,10950.00
OI0007450,O002465,P0004,1,12,16440.00,15.00,167688.00
OI0007451,O002466,P0005,1,12,3300.00,0.00,39600.00
OI0007452,O002466,P0056,2,7,10190.00,5.00,67763.50
OI0007453,O002466,P0036,3,8,10120.00,15.00,68816.00
OI0007454,O002466,P0075,4,7,14230.00,0.00,99610.00
OI0007455,O002466,P0063,5,10,3720.00,5.00,35340.00
OI0007456,O002467,P0073,1,6,1430.00,0.00,8580.00
OI0007457,O002467,P0055,2,6,16840.00,0.00,101040.00
OI0007458,O002468,P0003,1,9,14640.00,15.00,111996.00
OI0007459,O002468,P0064,2,5,8250.00,10.00,37125.00
OI0007460,O002468,P0009,3,5,5290.00,0.00,26450.00
OI0007461,O002468,P0068,4,5,2100.00,0.00,10500.00
OI0007462,O002469,P0063,1,11,3720.00,5.00,38874.00
OI0007463,O002469,P0036,2,9,10120.00,0.00,91080.00
OI0007464,O002470,P0057,1,2,5170.00,15.00,8789.00
OI0007465,O002470,P0026,2,1,13420.00,10.00,12078.00
OI0007466,O002471,P0048,1,11,12050.00,0.00,132550.00
OI0007467,O002472,P0006,1,5,570.00,15.00,2422.50
OI0007468,O002472,P0080,2,5,5590.00,10.00,25155.00
OI0007469,O002472,P0056,3,6,10190.00,0.00,61140.00
OI0007470,O002472,P0013,4,11,9840.00,0.00,108240.00
OI0007471,O002473,P0069,1,9,12320.00,10.00,99792.00
OI0007472,O002473,P0070,2,4,13990.00,0.00,55960.00
OI0007473,O002474,P0062,1,10,8730.00,15.00,74205.00
OI0007474,O002474,P0078,2,3,7660.00,0.00,22980.00
OI0007475,O002475,P0017,1,3,3480.00,5.00,9918.00
OI0007476,O002475,P0021,2,8,17850.00,10.00,128520.00
OI0007477,O002475,P0060,3,12,8800.00,10.00,95040.00
OI0007478,O002475,P0026,4,6,13420.00,15.00,68442.00
OI0007479,O002476,P0079,1,7,15570.00,0.00,108990.00
OI0007480,O002476,P0005,2,12,3300.00,0.00,39600.00
OI0007481,O002477,P0004,1,12,16440.00,15.00,167688.00
OI0007482,O002478,P0011,1,4,6240.00,0.00,24960.00
OI0007483,O002478,P0007,2,8,4920.00,10.00,35424.00
OI0007484,O002478,P0010,3,12,3500.00,0.00,42000.00
OI0007485,O002478,P0013,4,12,9840.00,10.00,106272.00
OI0007486,O002478,P0015,5,9,8020.00,10.00,64962.00
OI0007487,O002479,P0020,1,8,5780.00,15.00,39304.00
OI0007488,O002479,P0073,2,2,1430.00,10.00,2574.00
OI0007489,O002479,P0012,3,4,6280.00,0.00,25120.00
OI0007490,O002479,P0002,4,7,12930.00,0.00,90510.00
OI0007491,O002480,P0067,1,1,16160.00,15.00,13736.00
OI0007492,O002480,P0024,2,4,11180.00,0.00,44720.00
OI0007493,O002480,P0050,3,8,14600.00,0.00,116800.00
OI0007494,O002480,P0017,4,2,3480.00,0.00,6960.00
OI0007495,O002481,P0074,1,3,10020.00,0.00,30060.00
OI0007496,O002481,P0080,2,11,5590.00,0.00,61490.00
OI0007497,O002481,P0009,3,8,5290.00,0.00,42320.00
OI0007498,O002481,P0078,4,8,7660.00,15.00,52088.00
OI0007499,O002482,P0070,1,12,13990.00,15.00,142698.00
OI0007500,O002482,P0014,2,9,14460.00,5.00,123633.00
OI0007501,O002482,P0035,3,1,14850.00,0.00,14850.00
OI0007502,O002483,P0009,1,10,5290.00,5.00,50255.00
OI0007503,O002483,P0048,2,6,12050.00,0.00,72300.00
OI0007504,O002483,P0062,3,12,8730.00,0.00,104760.00
OI0007505,O002484,P0034,1,4,10570.00,0.00,42280.00
OI0007506,O002484,P0036,2,1,10120.00,15.00,8602.00
OI0007507,O002484,P0062,3,2,8730.00,5.00,16587.00
OI0007508,O002485,P0047,1,8,2190.00,0.00,17520.00
OI0007509,O002486,P0053,1,5,16730.00,0.00,83650.00
OI0007510,O002486,P0039,2,1,3060.00,0.00,3060.00
OI0007511,O002486,P0068,3,11,2100.00,0.00,23100.00
OI0007512,O002487,P0058,1,11,1830.00,15.00,17110.50
OI0007513,O002487,P0038,2,7,11890.00,15.00,70745.50
OI0007514,O002487,P0002,3,8,12930.00,0.00,103440.00
OI0007515,O002487,P0052,4,11,13500.00,0.00,148500.00
OI0007516,O002488,P0028,1,1,9080.00,10.00,8172.00
OI0007517,O002488,P0064,2,1,8250.00,0.00,8250.00
OI0007518,O002489,P0056,1,2,10190.00,5.00,19361.00
OI0007519,O002490,P0032,1,9,330.00,0.00,2970.00
OI0007520,O002491,P0031,1,5,3650.00,15.00,15512.50
OI0007521,O002491,P0071,2,7,16680.00,0.00,116760.00
OI0007522,O002492,P0004,1,3,16440.00,10.00,44388.00
OI0007523,O002492,P0017,2,7,3480.00,5.00,23142.00
OI0007524,O002493,P0070,1,2,13990.00,0.00,27980.00
OI0007525,O002494,P0050,1,2,14600.00,5.00,27740.00
OI0007526,O002494,P0008,2,5,5830.00,0.00,29150.00
OI0007527,O002494,P0077,3,5,14410.00,0.00,72050.00
OI0007528,O002494,P0060,4,8,8800.00,10.00,63360.00
OI0007529,O002495,P0018,1,3,670.00,0.00,2010.00
OI0007530,O002496,P0034,1,2,10570.00,5.00,20083.00
OI0007531,O002496,P0045,2,11,14880.00,0.00,163680.00
OI0007532,O002497,P0064,1,6,8250.00,5.00,47025.00
OI0007533,O002497,P0018,2,3,670.00,5.00,1909.50
OI0007534,O002497,P0042,3,10,2830.00,5.00,26885.00
OI0007535,O002497,P0059,4,3,14710.00,0.00,44130.00
OI0007536,O002497,P0078,5,9,7660.00,0.00,68940.00
OI0007537,O002498,P0076,1,2,8140.00,0.00,16280.00
OI0007538,O002499,P0018,1,3,670.00,0.00,2010.00
OI0007539,O002499,P0080,2,6,5590.00,5.00,31863.00
OI0007540,O002499,P0074,3,4,10020.00,0.00,40080.00
OI0007541,O002499,P0013,4,6,9840.00,10.00,53136.00
OI0007542,O002500,P0004,1,9,16440.00,15.00,125766.00
OI0007543,O002501,P0053,1,5,16730.00,0.00,83650.00
OI0007544,O002502,P0073,1,12,1430.00,0.00,17160.00
OI0007545,O002502,P0047,2,7,2190.00,0.00,15330.00
OI0007546,O002502,P0053,3,4,16730.00,0.00,66920.00
OI0007547,O002502,P0073,4,11,1430.00,0.00,15730.00
OI0007548,O002502,P0018,5,11,670.00,15.00,6264.50
OI0007549,O002503,P0014,1,4,14460.00,0.00,57840.00
OI0007550,O002504,P0070,1,4,13990.00,10.00,50364.00
OI0007551,O002505,P0054,1,7,10100.00,5.00,67165.00
OI0007552,O002505,P0028,2,4,9080.00,0.00,36320.00
OI0007553,O002505,P0053,3,2,16730.00,15.00,28441.00
OI0007554,O002505,P0050,4,10,14600.00,0.00,146000.00
OI0007555,O002506,P0035,1,10,14850.00,0.00,148500.00
OI0007556,O002506,P0047,2,1,2190.00,5.00,2080.50
OI0007557,O002506,P0059,3,1,14710.00,5.00,13974.50
OI0007558,O002506,P0067,4,7,16160.00,0.00,113120.00
OI0007559,O002506,P0062,5,12,8730.00,0.00,104760.00
OI0007560,O002507,P0063,1,9,3720.00,15.00,28458.00
OI0007561,O002507,P0057,2,9,5170.00,15.00,39550.50
OI0007562,O002508,P0031,1,4,3650.00,0.00,14600.00
OI0007563,O002508,P0050,2,10,14600.00,0.00,146000.00
OI0007564,O002508,P0020,3,2,5780.00,10.00,10404.00
OI0007565,O002508,P0057,4,7,5170.00,0.00,36190.00
OI0007566,O002509,P0016,1,3,8740.00,0.00,26220.00
OI0007567,O002509,P0014,2,3,14460.00,10.00,39042.00
OI0007568,O002509,P0074,3,11,10020.00,0.00,110220.00
OI0007569,O002509,P0018,4,9,670.00,10.00,5427.00
OI0007570,O002509,P0043,5,10,9450.00,0.00,94500.00
OI0007571,O002510,P0068,1,12,2100.00,0.00,25200.00
OI0007572,O002511,P0078,1,12,7660.00,0.00,91920.00
OI0007573,O002511,P0024,2,10,11180.00,5.00,106210.00
OI0007574,O002511,P0060,3,9,8800.00,5.00,75240.00
OI0007575,O002511,P0059,4,8,14710.00,0.00,117680.00
OI0007576,O002511,P0035,5,3,14850.00,0.00,44550.00
OI0007577,O002512,P0031,1,12,3650.00,5.00,41610.00
OI0007578,O002512,P0048,2,5,12050.00,15.00,51212.50
OI0007579,O002513,P0077,1,10,14410.00,5.00,136895.00
OI0007580,O002513,P0048,2,8,12050.00,5.00,91580.00
OI0007581,O002513,P0020,3,3,5780.00,0.00,17340.00
OI0007582,O002513,P0035,4,11,14850.00,0.00,163350.00
OI0007583,O002513,P0012,5,5,6280.00,0.00,31400.00
OI0007584,O002514,P0054,1,2,10100.00,10.00,18180.00
OI0007585,O002514,P0018,2,3,670.00,0.00,2010.00
OI0007586,O002515,P0018,1,5,670.00,0.00,3350.00
OI0007587,O002515,P0044,2,9,13780.00,0.00,124020.00
OI0007588,O002515,P0064,3,3,8250.00,0.00,24750.00
OI0007589,O002516,P0012,1,11,6280.00,5.00,65626.00
OI0007590,O002516,P0018,2,11,670.00,0.00,7370.00
OI0007591,O002516,P0075,3,12,14230.00,0.00,170760.00
OI0007592,O002516,P0068,4,8,2100.00,0.00,16800.00
OI0007593,O002516,P0067,5,4,16160.00,0.00,64640.00
OI0007594,O002517,P0046,1,3,7120.00,0.00,21360.00
OI0007595,O002517,P0076,2,1,8140.00,0.00,8140.00
OI0007596,O002517,P0031,3,5,3650.00,0.00,18250.00
OI0007597,O002518,P0079,1,12,15570.00,0.00,186840.00
OI0007598,O002518,P0041,2,2,12490.00,0.00,24980.00
OI0007599,O002519,P0080,1,4,5590.00,10.00,20124.00
OI0007600,O002519,P0006,2,8,570.00,0.00,4560.00
OI0007601,O002519,P0028,3,7,9080.00,0.00,63560.00
OI0007602,O002520,P0060,1,5,8800.00,0.00,44000.00
OI0007603,O002521,P0029,1,11,8380.00,0.00,92180.00
OI0007604,O002521,P0047,2,1,2190.00,0.00,2190.00
OI0007605,O002522,P0036,1,3,10120.00,15.00,25806.00
OI0007606,O002522,P0033,2,9,800.00,0.00,7200.00
OI0007607,O002522,P0046,3,5,7120.00,5.00,33820.00
OI0007608,O002522,P0067,4,10,16160.00,0.00,161600.00
OI0007609,O002523,P0030,1,11,340.00,0.00,3740.00
OI0007610,O002523,P0060,2,7,8800.00,0.00,61600.00
OI0007611,O002523,P0035,3,5,14850.00,10.00,66825.00
OI0007612,O002523,P0076,4,3,8140.00,10.00,21978.00
OI0007613,O002523,P0040,5,5,17530.00,10.00,78885.00
OI0007614,O002524,P0041,1,12,12490.00,10.00,134892.00
OI0007615,O002524,P0028,2,11,9080.00,5.00,94886.00
OI0007616,O002525,P0063,1,2,3720.00,5.00,7068.00
OI0007617,O002526,P0047,1,10,2190.00,10.00,19710.00
OI0007618,O002526,P0058,2,9,1830.00,10.00,14823.00
OI0007619,O002526,P0061,3,8,9420.00,5.00,71592.00
OI0007620,O002527,P0051,1,5,12120.00,0.00,60600.00
OI0007621,O002527,P0024,2,3,11180.00,5.00,31863.00
OI0007622,O002527,P0010,3,3,3500.00,10.00,9450.00
OI0007623,O002528,P0054,1,7,10100.00,5.00,67165.00
OI0007624,O002528,P0019,2,11,7370.00,0.00,81070.00
OI0007625,O002528,P0077,3,6,14410.00,0.00,86460.00
OI0007626,O002528,P0065,4,4,10680.00,10.00,38448.00
OI0007627,O002528,P0080,5,8,5590.00,0.00,44720.00
OI0007628,O002529,P0027,1,2,4890.00,10.00,8802.00
OI0007629,O002529,P0078,2,12,7660.00,15.00,78132.00
OI0007630,O002530,P0046,1,9,7120.00,0.00,64080.00
OI0007631,O002530,P0029,2,3,8380.00,5.00,23883.00
OI0007632,O002531,P0055,1,5,16840.00,0.00,84200.00
OI0007633,O002532,P0019,1,11,7370.00,0.00,81070.00
OI0007634,O002532,P0079,2,5,15570.00,15.00,66172.50
OI0007635,O002533,P0016,1,9,8740.00,5.00,74727.00
OI0007636,O002533,P0057,2,9,5170.00,10.00,41877.00
OI0007637,O002534,P0049,1,10,16150.00,10.00,145350.00
OI0007638,O002534,P0067,2,8,16160.00,10.00,116352.00
OI0007639,O002535,P0021,1,3,17850.00,0.00,53550.00
OI0007640,O002535,P0011,2,10,6240.00,0.00,62400.00
OI0007641,O002536,P0072,1,10,6730.00,0.00,67300.00
OI0007642,O002536,P0052,2,10,13500.00,0.00,135000.00
OI0007643,O002536,P0038,3,6,11890.00,15.00,60639.00
OI0007644,O002536,P0040,4,8,17530.00,15.00,119204.00
OI0007645,O002537,P0005,1,8,3300.00,0.00,26400.00
OI0007646,O002537,P0079,2,4,15570.00,0.00,62280.00
OI0007647,O002537,P0018,3,6,670.00,0.00,4020.00
OI0007648,O002538,P0050,1,4,14600.00,5.00,55480.00
OI0007649,O002538,P0048,2,7,12050.00,0.00,84350.00
OI0007650,O002538,P0037,3,11,6650.00,0.00,73150.00
OI0007651,O002538,P0010,4,3,3500.00,15.00,8925.00
OI0007652,O002539,P0042,1,1,2830.00,0.00,2830.00
OI0007653,O002539,P0052,2,3,13500.00,5.00,38475.00
OI0007654,O002540,P0058,1,12,1830.00,10.00,19764.00
OI0007655,O002540,P0066,2,12,11920.00,15.00,121584.00
OI0007656,O002540,P0080,3,4,5590.00,15.00,19006.00
OI0007657,O002541,P0075,1,4,14230.00,15.00,48382.00
OI0007658,O002541,P0063,2,11,3720.00,10.00,36828.00
OI0007659,O002541,P0053,3,6,16730.00,15.00,85323.00
OI0007660,O002542,P0038,1,4,11890.00,10.00,42804.00
OI0007661,O002542,P0037,2,3,6650.00,0.00,19950.00
OI0007662,O002542,P0010,3,6,3500.00,0.00,21000.00
OI0007663,O002542,P0074,4,4,10020.00,10.00,36072.00
OI0007664,O002542,P0077,5,7,14410.00,0.00,100870.00
OI0007665,O002543,P0075,1,3,14230.00,15.00,36286.50
OI0007666,O002543,P0023,2,8,12130.00,15.00,82484.00
OI0007667,O002543,P0034,3,4,10570.00,0.00,42280.00
OI0007668,O002543,P0074,4,3,10020.00,0.00,30060.00
OI0007669,O002544,P0048,1,3,12050.00,10.00,32535.00
OI0007670,O002544,P0064,2,12,8250.00,10.00,89100.00
OI0007671,O002544,P0013,3,11,9840.00,5.00,102828.00
OI0007672,O002545,P0042,1,12,2830.00,0.00,33960.00
OI0007673,O002545,P0004,2,4,16440.00,0.00,65760.00
OI0007674,O002545,P0053,3,8,16730.00,0.00,133840.00
OI0007675,O002546,P0029,1,4,8380.00,0.00,33520.00
OI0007676,O002547,P0028,1,12,9080.00,10.00,98064.00
OI0007677,O002547,P0063,2,10,3720.00,0.00,37200.00
OI0007678,O002547,P0028,3,9,9080.00,5.00,77634.00
OI0007679,O002547,P0001,4,6,4300.00,0.00,25800.00
OI0007680,O002547,P0061,5,2,9420.00,15.00,16014.00
OI0007681,O002548,P0030,1,10,340.00,10.00,3060.00
OI0007682,O002548,P0070,2,3,13990.00,0.00,41970.00
OI0007683,O002549,P0039,1,1,3060.00,10.00,2754.00
OI0007684,O002549,P0026,2,12,13420.00,10.00,144936.00
OI0007685,O002549,P0038,3,7,11890.00,5.00,79068.50
OI0007686,O002549,P0057,4,4,5170.00,0.00,20680.00
OI0007687,O002549,P0060,5,1,8800.00,0.00,8800.00
OI0007688,O002550,P0075,1,9,14230.00,0.00,128070.00
OI0007689,O002550,P0023,2,7,12130.00,5.00,80664.50
OI0007690,O002550,P0034,3,10,10570.00,10.00,95130.00
OI0007691,O002550,P0069,4,10,12320.00,15.00,104720.00
OI0007692,O002551,P0035,1,12,14850.00,5.00,169290.00
OI0007693,O002551,P0076,2,3,8140.00,15.00,20757.00
OI0007694,O002551,P0053,3,1,16730.00,5.00,15893.50
OI0007695,O002551,P0017,4,3,3480.00,0.00,10440.00
OI0007696,O002552,P0071,1,1,16680.00,0.00,16680.00
OI0007697,O002552,P0009,2,10,5290.00,0.00,52900.00
OI0007698,O002553,P0075,1,3,14230.00,15.00,36286.50
OI0007699,O002553,P0004,2,6,16440.00,10.00,88776.00
OI0007700,O002553,P0035,3,2,14850.00,10.00,26730.00
OI0007701,O002553,P0060,4,8,8800.00,15.00,59840.00
OI0007702,O002553,P0001,5,8,4300.00,5.00,32680.00
OI0007703,O002554,P0027,1,7,4890.00,0.00,34230.00
OI0007704,O002554,P0070,2,2,13990.00,15.00,23783.00
OI0007705,O002554,P0060,3,6,8800.00,10.00,47520.00
OI0007706,O002554,P0015,4,5,8020.00,0.00,40100.00
OI0007707,O002554,P0080,5,8,5590.00,0.00,44720.00
OI0007708,O002555,P0015,1,3,8020.00,15.00,20451.00
OI0007709,O002555,P0003,2,8,14640.00,0.00,117120.00
OI0007710,O002555,P0047,3,1,2190.00,0.00,2190.00
OI0007711,O002555,P0029,4,3,8380.00,15.00,21369.00
OI0007712,O002555,P0008,5,5,5830.00,0.00,29150.00
OI0007713,O002556,P0033,1,7,800.00,5.00,5320.00
OI0007714,O002557,P0034,1,4,10570.00,10.00,38052.00
OI0007715,O002558,P0027,1,5,4890.00,0.00,24450.00
OI0007716,O002558,P0067,2,6,16160.00,15.00,82416.00
OI0007717,O002558,P0028,3,1,9080.00,5.00,8626.00
OI0007718,O002558,P0022,4,9,8500.00,5.00,72675.00
OI0007719,O002559,P0045,1,2,14880.00,0.00,29760.00
OI0007720,O002560,P0034,1,6,10570.00,5.00,60249.00
OI0007721,O002561,P0004,1,4,16440.00,0.00,65760.00
OI0007722,O002562,P0062,1,4,8730.00,5.00,33174.00
OI0007723,O002562,P0032,2,4,330.00,5.00,1254.00
OI0007724,O002562,P0040,3,1,17530.00,0.00,17530.00
OI0007725,O002563,P0020,1,5,5780.00,0.00,28900.00
OI0007726,O002563,P0070,2,10,13990.00,0.00,139900.00
OI0007727,O002564,P0064,1,7,8250.00,15.00,49087.50
OI0007728,O002564,P0080,2,2,5590.00,0.00,11180.00
OI0007729,O002565,P0035,1,9,14850.00,0.00,133650.00
OI0007730,O002565,P0029,2,7,8380.00,0.00,58660.00
OI0007731,O002565,P0040,3,2,17530.00,0.00,35060.00
OI0007732,O002565,P0042,4,2,2830.00,0.00,5660.00
OI0007733,O002566,P0048,1,1,12050.00,0.00,12050.00
OI0007734,O002566,P0011,2,9,6240.00,5.00,53352.00
OI0007735,O002566,P0015,3,4,8020.00,0.00,32080.00
OI0007736,O002566,P0053,4,3,16730.00,0.00,50190.00
OI0007737,O002567,P0009,1,8,5290.00,5.00,40204.00
OI0007738,O002567,P0070,2,6,13990.00,0.00,83940.00
OI0007739,O002567,P0075,3,6,14230.00,10.00,76842.00
OI0007740,O002567,P0027,4,6,4890.00,10.00,26406.00
OI0007741,O002567,P0023,5,5,12130.00,0.00,60650.00
OI0007742,O002568,P0056,1,10,10190.00,0.00,101900.00
OI0007743,O002569,P0062,1,4,8730.00,0.00,34920.00
OI0007744,O002570,P0015,1,1,8020.00,15.00,6817.00
OI0007745,O002571,P0029,1,7,8380.00,10.00,52794.00
OI0007746,O002571,P0052,2,8,13500.00,5.00,102600.00
OI0007747,O002572,P0010,1,5,3500.00,5.00,16625.00
OI0007748,O002572,P0001,2,5,4300.00,0.00,21500.00
OI0007749,O002573,P0079,1,11,15570.00,0.00,171270.00
OI0007750,O002573,P0079,2,8,15570.00,0.00,124560.00
OI0007751,O002573,P0055,3,11,16840.00,0.00,185240.00
OI0007752,O002574,P0045,1,8,14880.00,0.00,119040.00
OI0007753,O002575,P0039,1,8,3060.00,0.00,24480.00
OI0007754,O002576,P0002,1,1,12930.00,10.00,11637.00
OI0007755,O002577,P0010,1,11,3500.00,0.00,38500.00
OI0007756,O002577,P0076,2,10,8140.00,15.00,69190.00
OI0007757,O002577,P0017,3,3,3480.00,0.00,10440.00
OI0007758,O002577,P0027,4,5,4890.00,10.00,22005.00
OI0007759,O002577,P0049,5,6,16150.00,5.00,92055.00
OI0007760,O002578,P0033,1,4,800.00,0.00,3200.00
OI0007761,O002578,P0015,2,8,8020.00,15.00,54536.00
OI0007762,O002578,P0007,3,12,4920.00,15.00,50184.00
OI0007763,O002578,P0074,4,9,10020.00,0.00,90180.00
OI0007764,O002578,P0059,5,1,14710.00,0.00,14710.00
OI0007765,O002579,P0014,1,10,14460.00,0.00,144600.00
OI0007766,O002579,P0008,2,8,5830.00,10.00,41976.00
OI0007767,O002579,P0041,3,10,12490.00,0.00,124900.00
OI0007768,O002580,P0061,1,4,9420.00,5.00,35796.00
OI0007769,O002580,P0052,2,7,13500.00,10.00,85050.00
OI0007770,O002580,P0071,3,5,16680.00,5.00,79230.00
OI0007771,O002581,P0005,1,2,3300.00,5.00,6270.00
OI0007772,O002581,P0035,2,9,14850.00,0.00,133650.00
OI0007773,O002581,P0063,3,1,3720.00,10.00,3348.00
OI0007774,O002582,P0066,1,8,11920.00,5.00,90592.00
OI0007775,O002582,P0004,2,1,16440.00,15.00,13974.00
OI0007776,O002582,P0051,3,8,12120.00,0.00,96960.00
OI0007777,O002583,P0025,1,8,13240.00,0.00,105920.00
OI0007778,O002584,P0042,1,12,2830.00,0.00,33960.00
OI0007779,O002585,P0008,1,3,5830.00,5.00,16615.50
OI0007780,O002585,P0042,2,7,2830.00,15.00,16838.50
OI0007781,O002585,P0012,3,7,6280.00,10.00,39564.00
OI0007782,O002586,P0074,1,1,10020.00,10.00,9018.00
OI0007783,O002586,P0021,2,4,17850.00,0.00,71400.00
OI0007784,O002586,P0019,3,4,7370.00,10.00,26532.00
OI0007785,O002586,P0009,4,2,5290.00,0.00,10580.00
OI0007786,O002587,P0001,1,7,4300.00,0.00,30100.00
OI0007787,O002587,P0058,2,1,1830.00,0.00,1830.00
OI0007788,O002587,P0034,3,1,10570.00,10.00,9513.00
OI0007789,O002587,P0017,4,3,3480.00,15.00,8874.00
OI0007790,O002587,P0048,5,7,12050.00,0.00,84350.00
OI0007791,O002588,P0068,1,3,2100.00,0.00,6300.00
OI0007792,O002588,P0019,2,10,7370.00,5.00,70015.00
OI0007793,O002588,P0032,3,10,330.00,0.00,3300.00
OI0007794,O002588,P0023,4,4,12130.00,5.00,46094.00
OI0007795,O002589,P0041,1,2,12490.00,5.00,23731.00
OI0007796,O002589,P0041,2,11,12490.00,0.00,137390.00
OI0007797,O002589,P0026,3,5,13420.00,0.00,67100.00
OI0007798,O002589,P0015,4,2,8020.00,10.00,14436.00
OI0007799,O002590,P0049,1,6,16150.00,15.00,82365.00
OI0007800,O002590,P0030,2,9,340.00,0.00,3060.00
OI0007801,O002591,P0055,1,1,16840.00,15.00,14314.00
OI0007802,O002591,P0049,2,12,16150.00,0.00,193800.00
OI0007803,O002591,P0065,3,2,10680.00,0.00,21360.00
OI0007804,O002592,P0030,1,6,340.00,0.00,2040.00
OI0007805,O002592,P0020,2,7,5780.00,15.00,34391.00
OI0007806,O002592,P0001,3,12,4300.00,0.00,51600.00
OI0007807,O002592,P0052,4,11,13500.00,15.00,126225.00
OI0007808,O002593,P0073,1,7,1430.00,0.00,10010.00
OI0007809,O002593,P0037,2,5,6650.00,5.00,31587.50
OI0007810,O002594,P0032,1,12,330.00,5.00,3762.00
OI0007811,O002595,P0018,1,5,670.00,10.00,3015.00
OI0007812,O002595,P0047,2,2,2190.00,10.00,3942.00
OI0007813,O002595,P0074,3,11,10020.00,5.00,104709.00
OI0007814,O002596,P0052,1,10,13500.00,5.00,128250.00
OI0007815,O002596,P0080,2,8,5590.00,15.00,38012.00
OI0007816,O002596,P0046,3,2,7120.00,10.00,12816.00
OI0007817,O002597,P0031,1,1,3650.00,0.00,3650.00
OI0007818,O002597,P0073,2,8,1430.00,15.00,9724.00
OI0007819,O002597,P0072,3,12,6730.00,5.00,76722.00
OI0007820,O002597,P0001,4,3,4300.00,5.00,12255.00
OI0007821,O002598,P0046,1,3,7120.00,5.00,20292.00
OI0007822,O002598,P0020,2,12,5780.00,0.00,69360.00
OI0007823,O002598,P0046,3,10,7120.00,0.00,71200.00
OI0007824,O002598,P0032,4,9,330.00,0.00,2970.00
OI0007825,O002599,P0015,1,10,8020.00,0.00,80200.00
OI0007826,O002600,P0041,1,4,12490.00,15.00,42466.00
OI0007827,O002600,P0039,2,11,3060.00,5.00,31977.00
OI0007828,O002601,P0022,1,12,8500.00,5.00,96900.00
OI0007829,O002601,P0030,2,2,340.00,10.00,612.00
OI0007830,O002602,P0008,1,11,5830.00,0.00,64130.00
OI0007831,O002603,P0048,1,1,12050.00,0.00,12050.00
OI0007832,O002603,P0011,2,8,6240.00,0.00,49920.00
OI0007833,O002603,P0063,3,12,3720.00,0.00,44640.00
OI0007834,O002603,P0013,4,2,9840.00,0.00,19680.00
OI0007835,O002604,P0024,1,4,11180.00,0.00,44720.00
OI0007836,O002604,P0051,2,4,12120.00,0.00,48480.00
OI0007837,O002604,P0019,3,9,7370.00,15.00,56380.50
OI0007838,O002604,P0020,4,6,5780.00,15.00,29478.00
OI0007839,O002605,P0031,1,2,3650.00,10.00,6570.00
OI0007840,O002605,P0072,2,6,6730.00,0.00,40380.00
OI0007841,O002605,P0014,3,8,14460.00,10.00,104112.00
OI0007842,O002605,P0021,4,2,17850.00,0.00,35700.00
OI0007843,O002606,P0059,1,7,14710.00,5.00,97821.50
OI0007844,O002606,P0053,2,7,16730.00,15.00,99543.50
OI0007845,O002606,P0008,3,6,5830.00,5.00,33231.00
OI0007846,O002606,P0070,4,8,13990.00,0.00,111920.00
OI0007847,O002607,P0064,1,1,8250.00,5.00,7837.50
OI0007848,O002607,P0071,2,10,16680.00,0.00,166800.00
OI0007849,O002608,P0019,1,9,7370.00,0.00,66330.00
OI0007850,O002608,P0075,2,10,14230.00,0.00,142300.00
OI0007851,O002609,P0009,1,1,5290.00,0.00,5290.00
OI0007852,O002609,P0043,2,3,9450.00,0.00,28350.00
OI0007853,O002609,P0065,3,12,10680.00,15.00,108936.00
OI0007854,O002609,P0065,4,10,10680.00,0.00,106800.00
OI0007855,O002609,P0048,5,6,12050.00,10.00,65070.00
OI0007856,O002610,P0050,1,10,14600.00,5.00,138700.00
OI0007857,O002610,P0079,2,3,15570.00,5.00,44374.50
OI0007858,O002610,P0038,3,4,11890.00,0.00,47560.00
OI0007859,O002610,P0011,4,2,6240.00,0.00,12480.00
OI0007860,O002610,P0009,5,10,5290.00,5.00,50255.00
OI0007861,O002611,P0072,1,4,6730.00,0.00,26920.00
OI0007862,O002611,P0076,2,7,8140.00,5.00,54131.00
OI0007863,O002612,P0058,1,2,1830.00,5.00,3477.00
OI0007864,O002612,P0056,2,2,10190.00,0.00,20380.00
OI0007865,O002612,P0038,3,8,11890.00,0.00,95120.00
OI0007866,O002613,P0014,1,10,14460.00,5.00,137370.00
OI0007867,O002613,P0002,2,8,12930.00,5.00,98268.00
OI0007868,O002614,P0009,1,10,5290.00,0.00,52900.00
OI0007869,O002614,P0037,2,5,6650.00,10.00,29925.00
OI0007870,O002614,P0073,3,9,1430.00,0.00,12870.00
OI0007871,O002614,P0078,4,4,7660.00,0.00,30640.00
OI0007872,O002615,P0068,1,11,2100.00,5.00,21945.00
OI0007873,O002615,P0015,2,1,8020.00,10.00,7218.00
OI0007874,O002615,P0058,3,10,1830.00,10.00,16470.00
OI0007875,O002616,P0079,1,8,15570.00,0.00,124560.00
OI0007876,O002616,P0080,2,1,5590.00,0.00,5590.00
OI0007877,O002617,P0006,1,1,570.00,0.00,570.00
OI0007878,O002617,P0051,2,3,12120.00,5.00,34542.00
OI0007879,O002617,P0018,3,10,670.00,0.00,6700.00
OI0007880,O002617,P0027,4,1,4890.00,15.00,4156.50
OI0007881,O002618,P0066,1,3,11920.00,5.00,33972.00
OI0007882,O002618,P0009,2,12,5290.00,0.00,63480.00
OI0007883,O002618,P0042,3,5,2830.00,0.00,14150.00
OI0007884,O002618,P0074,4,10,10020.00,10.00,90180.00
OI0007885,O002618,P0050,5,7,14600.00,0.00,102200.00
OI0007886,O002619,P0063,1,8,3720.00,10.00,26784.00
OI0007887,O002619,P0069,2,3,12320.00,15.00,31416.00
OI0007888,O002619,P0013,3,12,9840.00,0.00,118080.00
OI0007889,O002620,P0062,1,1,8730.00,15.00,7420.50
OI0007890,O002620,P0071,2,4,16680.00,0.00,66720.00
OI0007891,O002620,P0018,3,5,670.00,10.00,3015.00
OI0007892,O002620,P0014,4,4,14460.00,5.00,54948.00
OI0007893,O002621,P0051,1,12,12120.00,10.00,130896.00
OI0007894,O002621,P0001,2,2,4300.00,0.00,8600.00
OI0007895,O002621,P0080,3,8,5590.00,10.00,40248.00
OI0007896,O002622,P0044,1,11,13780.00,0.00,151580.00
OI0007897,O002622,P0007,2,3,4920.00,5.00,14022.00
OI0007898,O002622,P0070,3,6,13990.00,0.00,83940.00
OI0007899,O002623,P0061,1,8,9420.00,5.00,71592.00
OI0007900,O002623,P0001,2,6,4300.00,15.00,21930.00
OI0007901,O002623,P0051,3,2,12120.00,10.00,21816.00
OI0007902,O002624,P0080,1,6,5590.00,5.00,31863.00
OI0007903,O002625,P0055,1,7,16840.00,15.00,100198.00
OI0007904,O002625,P0059,2,9,14710.00,0.00,132390.00
OI0007905,O002626,P0066,1,1,11920.00,0.00,11920.00
OI0007906,O002626,P0031,2,7,3650.00,0.00,25550.00
OI0007907,O002626,P0022,3,8,8500.00,0.00,68000.00
OI0007908,O002627,P0006,1,3,570.00,0.00,1710.00
OI0007909,O002627,P0015,2,7,8020.00,0.00,56140.00
OI0007910,O002628,P0026,1,2,13420.00,5.00,25498.00
OI0007911,O002628,P0004,2,3,16440.00,10.00,44388.00
OI0007912,O002628,P0029,3,5,8380.00,0.00,41900.00
OI0007913,O002629,P0018,1,9,670.00,15.00,5125.50
OI0007914,O002629,P0079,2,9,15570.00,0.00,140130.00
OI0007915,O002630,P0026,1,2,13420.00,0.00,26840.00
OI0007916,O002631,P0026,1,12,13420.00,10.00,144936.00
OI0007917,O002631,P0021,2,11,17850.00,0.00,196350.00
OI0007918,O002631,P0076,3,10,8140.00,0.00,81400.00
OI0007919,O002632,P0016,1,2,8740.00,0.00,17480.00
OI0007920,O002632,P0047,2,3,2190.00,5.00,6241.50
OI0007921,O002633,P0033,1,6,800.00,15.00,4080.00
OI0007922,O002633,P0016,2,7,8740.00,10.00,55062.00
OI0007923,O002634,P0006,1,10,570.00,0.00,5700.00
OI0007924,O002634,P0014,2,11,14460.00,5.00,151107.00
OI0007925,O002634,P0010,3,2,3500.00,10.00,6300.00
OI0007926,O002634,P0010,4,6,3500.00,0.00,21000.00
OI0007927,O002634,P0075,5,3,14230.00,10.00,38421.00
OI0007928,O002635,P0052,1,2,13500.00,5.00,25650.00
OI0007929,O002635,P0010,2,6,3500.00,5.00,19950.00
OI0007930,O002635,P0059,3,9,14710.00,5.00,125770.50
OI0007931,O002635,P0019,4,4,7370.00,0.00,29480.00
OI0007932,O002636,P0005,1,1,3300.00,0.00,3300.00
OI0007933,O002636,P0053,2,2,16730.00,10.00,30114.00
OI0007934,O002636,P0060,3,4,8800.00,0.00,35200.00
OI0007935,O002637,P0042,1,4,2830.00,0.00,11320.00
OI0007936,O002637,P0044,2,2,13780.00,0.00,27560.00
OI0007937,O002637,P0072,3,7,6730.00,0.00,47110.00
OI0007938,O002637,P0014,4,11,14460.00,0.00,159060.00
OI0007939,O002637,P0031,5,4,3650.00,0.00,14600.00
OI0007940,O002638,P0010,1,10,3500.00,0.00,35000.00
OI0007941,O002639,P0075,1,5,14230.00,15.00,60477.50
OI0007942,O002639,P0050,2,2,14600.00,10.00,26280.00
OI0007943,O002640,P0037,1,3,6650.00,15.00,16957.50
OI0007944,O002640,P0034,2,7,10570.00,10.00,66591.00
OI0007945,O002640,P0050,3,8,14600.00,10.00,105120.00
OI0007946,O002640,P0002,4,1,12930.00,0.00,12930.00
OI0007947,O002641,P0004,1,3,16440.00,0.00,49320.00
OI0007948,O002641,P0068,2,11,2100.00,0.00,23100.00
OI0007949,O002641,P0034,3,9,10570.00,15.00,80860.50
OI0007950,O002641,P0019,4,1,7370.00,0.00,7370.00
OI0007951,O002641,P0012,5,12,6280.00,10.00,67824.00
OI0007952,O002642,P0045,1,8,14880.00,5.00,113088.00
OI0007953,O002642,P0070,2,8,13990.00,10.00,100728.00
OI0007954,O002642,P0045,3,8,14880.00,10.00,107136.00
OI0007955,O002642,P0064,4,9,8250.00,0.00,74250.00
OI0007956,O002642,P0012,5,4,6280.00,15.00,21352.00
OI0007957,O002643,P0065,1,10,10680.00,15.00,90780.00
OI0007958,O002643,P0004,2,12,16440.00,10.00,177552.00
OI0007959,O002643,P0058,3,5,1830.00,15.00,7777.50
OI0007960,O002643,P0011,4,1,6240.00,0.00,6240.00
OI0007961,O002643,P0066,5,9,11920.00,0.00,107280.00
OI0007962,O002644,P0025,1,10,13240.00,0.00,132400.00
OI0007963,O002644,P0050,2,2,14600.00,15.00,24820.00
OI0007964,O002644,P0042,3,6,2830.00,5.00,16131.00
OI0007965,O002645,P0028,1,4,9080.00,0.00,36320.00
OI0007966,O002645,P0026,2,11,13420.00,15.00,125477.00
OI0007967,O002645,P0025,3,9,13240.00,10.00,107244.00
OI0007968,O002645,P0008,4,10,5830.00,0.00,58300.00
OI0007969,O002645,P0065,5,7,10680.00,0.00,74760.00
OI0007970,O002646,P0053,1,6,16730.00,0.00,100380.00
OI0007971,O002646,P0015,2,1,8020.00,0.00,8020.00
OI0007972,O002646,P0036,3,7,10120.00,0.00,70840.00
OI0007973,O002646,P0004,4,4,16440.00,5.00,62472.00
OI0007974,O002646,P0070,5,7,13990.00,10.00,88137.00
OI0007975,O002647,P0046,1,9,7120.00,10.00,57672.00
OI0007976,O002647,P0006,2,1,570.00,0.00,570.00
OI0007977,O002647,P0042,3,12,2830.00,15.00,28866.00
OI0007978,O002648,P0064,1,5,8250.00,15.00,35062.50
OI0007979,O002649,P0055,1,8,16840.00,15.00,114512.00
OI0007980,O002649,P0016,2,2,8740.00,0.00,17480.00
OI0007981,O002649,P0019,3,8,7370.00,0.00,58960.00
OI0007982,O002650,P0060,1,2,8800.00,10.00,15840.00
OI0007983,O002650,P0056,2,3,10190.00,5.00,29041.50
OI0007984,O002650,P0004,3,7,16440.00,0.00,115080.00
OI0007985,O002650,P0071,4,9,16680.00,0.00,150120.00
OI0007986,O002651,P0028,1,12,9080.00,0.00,108960.00
OI0007987,O002651,P0019,2,6,7370.00,0.00,44220.00
OI0007988,O002651,P0056,3,7,10190.00,0.00,71330.00
OI0007989,O002651,P0070,4,11,13990.00,0.00,153890.00
OI0007990,O002652,P0008,1,9,5830.00,15.00,44599.50
OI0007991,O002652,P0010,2,6,3500.00,0.00,21000.00
OI0007992,O002653,P0046,1,12,7120.00,0.00,85440.00
OI0007993,O002653,P0070,2,10,13990.00,0.00,139900.00
OI0007994,O002653,P0043,3,3,9450.00,5.00,26932.50
OI0007995,O002653,P0019,4,6,7370.00,0.00,44220.00
OI0007996,O002653,P0064,5,1,8250.00,5.00,7837.50
OI0007997,O002654,P0032,1,1,330.00,0.00,330.00
OI0007998,O002654,P0051,2,1,12120.00,0.00,12120.00
OI0007999,O002655,P0006,1,12,570.00,10.00,6156.00
OI0008000,O002656,P0009,1,8,5290.00,0.00,42320.00
OI0008001,O002656,P0021,2,5,17850.00,0.00,89250.00
OI0008002,O002656,P0063,3,9,3720.00,15.00,28458.00
OI0008003,O002656,P0041,4,4,12490.00,10.00,44964.00
OI0008004,O002657,P0078,1,3,7660.00,0.00,22980.00
OI0008005,O002657,P0063,2,4,3720.00,5.00,14136.00
OI0008006,O002657,P0020,3,6,5780.00,5.00,32946.00
OI0008007,O002657,P0016,4,12,8740.00,0.00,104880.00
OI0008008,O002657,P0025,5,10,13240.00,15.00,112540.00
OI0008009,O002658,P0051,1,8,12120.00,5.00,92112.00
OI0008010,O002658,P0037,2,10,6650.00,10.00,59850.00
OI0008011,O002658,P0080,3,8,5590.00,5.00,42484.00
OI0008012,O002658,P0075,4,7,14230.00,10.00,89649.00
OI0008013,O002659,P0076,1,7,8140.00,15.00,48433.00
OI0008014,O002659,P0047,2,5,2190.00,10.00,9855.00
OI0008015,O002659,P0042,3,9,2830.00,0.00,25470.00
OI0008016,O002660,P0041,1,10,12490.00,0.00,124900.00
OI0008017,O002660,P0012,2,1,6280.00,5.00,5966.00
OI0008018,O002661,P0031,1,9,3650.00,15.00,27922.50
OI0008019,O002662,P0043,1,12,9450.00,5.00,107730.00
OI0008020,O002662,P0006,2,5,570.00,15.00,2422.50
OI0008021,O002662,P0015,3,11,8020.00,0.00,88220.00
OI0008022,O002662,P0010,4,2,3500.00,15.00,5950.00
OI0008023,O002662,P0055,5,6,16840.00,10.00,90936.00
OI0008024,O002663,P0026,1,6,13420.00,0.00,80520.00
OI0008025,O002663,P0029,2,8,8380.00,5.00,63688.00
OI0008026,O002664,P0002,1,9,12930.00,0.00,116370.00
OI0008027,O002664,P0010,2,8,3500.00,0.00,28000.00
OI0008028,O002664,P0048,3,9,12050.00,15.00,92182.50
OI0008029,O002664,P0014,4,4,14460.00,0.00,57840.00
OI0008030,O002664,P0063,5,4,3720.00,0.00,14880.00
OI0008031,O002665,P0020,1,8,5780.00,0.00,46240.00
OI0008032,O002665,P0023,2,8,12130.00,0.00,97040.00
OI0008033,O002665,P0005,3,7,3300.00,0.00,23100.00
OI0008034,O002665,P0028,4,8,9080.00,0.00,72640.00
OI0008035,O002666,P0009,1,4,5290.00,15.00,17986.00
OI0008036,O002666,P0050,2,6,14600.00,0.00,87600.00
OI0008037,O002666,P0035,3,10,14850.00,10.00,133650.00
OI0008038,O002666,P0039,4,7,3060.00,0.00,21420.00
OI0008039,O002666,P0066,5,10,11920.00,15.00,101320.00
OI0008040,O002667,P0047,1,6,2190.00,0.00,13140.00
OI0008041,O002667,P0073,2,4,1430.00,5.00,5434.00
OI0008042,O002667,P0029,3,8,8380.00,0.00,67040.00
OI0008043,O002667,P0052,4,8,13500.00,15.00,91800.00
OI0008044,O002668,P0070,1,8,13990.00,5.00,106324.00
OI0008045,O002668,P0012,2,8,6280.00,5.00,47728.00
OI0008046,O002668,P0039,3,11,3060.00,15.00,28611.00
OI0008047,O002668,P0061,4,11,9420.00,5.00,98439.00
OI0008048,O002669,P0026,1,4,13420.00,15.00,45628.00
OI0008049,O002669,P0020,2,9,5780.00,10.00,46818.00
OI0008050,O002670,P0075,1,11,14230.00,0.00,156530.00
OI0008051,O002670,P0003,2,10,14640.00,0.00,146400.00
OI0008052,O002671,P0075,1,9,14230.00,0.00,128070.00
OI0008053,O002671,P0068,2,6,2100.00,0.00,12600.00
OI0008054,O002671,P0030,3,5,340.00,0.00,1700.00
OI0008055,O002671,P0002,4,4,12930.00,0.00,51720.00
OI0008056,O002671,P0018,5,11,670.00,0.00,7370.00
OI0008057,O002672,P0022,1,7,8500.00,10.00,53550.00
OI0008058,O002672,P0020,2,9,5780.00,0.00,52020.00
OI0008059,O002672,P0036,3,12,10120.00,0.00,121440.00
OI0008060,O002673,P0079,1,7,15570.00,10.00,98091.00
OI0008061,O002674,P0010,1,2,3500.00,15.00,5950.00
OI0008062,O002674,P0052,2,6,13500.00,0.00,81000.00
OI0008063,O002674,P0039,3,2,3060.00,10.00,5508.00
OI0008064,O002674,P0068,4,10,2100.00,0.00,21000.00
OI0008065,O002674,P0056,5,12,10190.00,0.00,122280.00
OI0008066,O002675,P0072,1,2,6730.00,15.00,11441.00
OI0008067,O002675,P0039,2,7,3060.00,0.00,21420.00
OI0008068,O002676,P0047,1,12,2190.00,5.00,24966.00
OI0008069,O002676,P0022,2,12,8500.00,0.00,102000.00
OI0008070,O002676,P0011,3,12,6240.00,0.00,74880.00
OI0008071,O002676,P0046,4,9,7120.00,0.00,64080.00
OI0008072,O002676,P0005,5,2,3300.00,15.00,5610.00
OI0008073,O002677,P0001,1,6,4300.00,10.00,23220.00
OI0008074,O002677,P0047,2,9,2190.00,5.00,18724.50
OI0008075,O002678,P0078,1,3,7660.00,0.00,22980.00
OI0008076,O002678,P0071,2,1,16680.00,10.00,15012.00
OI0008077,O002678,P0013,3,4,9840.00,0.00,39360.00
OI0008078,O002679,P0033,1,4,800.00,10.00,2880.00
OI0008079,O002679,P0011,2,4,6240.00,0.00,24960.00
OI0008080,O002679,P0057,3,9,5170.00,0.00,46530.00
OI0008081,O002680,P0011,1,9,6240.00,0.00,56160.00
OI0008082,O002680,P0010,2,12,3500.00,0.00,42000.00
OI0008083,O002680,P0052,3,6,13500.00,0.00,81000.00
OI0008084,O002680,P0074,4,5,10020.00,0.00,50100.00
OI0008085,O002681,P0041,1,5,12490.00,0.00,62450.00
OI0008086,O002682,P0078,1,3,7660.00,15.00,19533.00
OI0008087,O002682,P0028,2,2,9080.00,0.00,18160.00
OI0008088,O002682,P0007,3,7,4920.00,0.00,34440.00
OI0008089,O002683,P0025,1,12,13240.00,5.00,150936.00
OI0008090,O002684,P0075,1,7,14230.00,15.00,84668.50
OI0008091,O002684,P0013,2,10,9840.00,0.00,98400.00
OI0008092,O002685,P0052,1,10,13500.00,0.00,135000.00
OI0008093,O002686,P0080,1,10,5590.00,5.00,53105.00
OI0008094,O002687,P0049,1,3,16150.00,0.00,48450.00
OI0008095,O002687,P0020,2,5,5780.00,0.00,28900.00
OI0008096,O002687,P0026,3,11,13420.00,15.00,125477.00
OI0008097,O002687,P0007,4,8,4920.00,0.00,39360.00
OI0008098,O002688,P0008,1,2,5830.00,10.00,10494.00
OI0008099,O002688,P0058,2,10,1830.00,0.00,18300.00
OI0008100,O002689,P0054,1,12,10100.00,0.00,121200.00
OI0008101,O002689,P0057,2,9,5170.00,15.00,39550.50
OI0008102,O002690,P0077,1,3,14410.00,0.00,43230.00
OI0008103,O002690,P0046,2,1,7120.00,0.00,7120.00
OI0008104,O002690,P0063,3,3,3720.00,0.00,11160.00
OI0008105,O002690,P0015,4,6,8020.00,5.00,45714.00
OI0008106,O002690,P0040,5,5,17530.00,5.00,83267.50
OI0008107,O002691,P0041,1,2,12490.00,0.00,24980.00
OI0008108,O002691,P0054,2,11,10100.00,15.00,94435.00
OI0008109,O002692,P0036,1,5,10120.00,0.00,50600.00
OI0008110,O002692,P0062,2,3,8730.00,0.00,26190.00
OI0008111,O002692,P0013,3,4,9840.00,10.00,35424.00
OI0008112,O002693,P0001,1,8,4300.00,15.00,29240.00
OI0008113,O002694,P0062,1,11,8730.00,15.00,81625.50
OI0008114,O002695,P0020,1,12,5780.00,0.00,69360.00
OI0008115,O002696,P0008,1,9,5830.00,15.00,44599.50
OI0008116,O002696,P0001,2,3,4300.00,0.00,12900.00
OI0008117,O002696,P0041,3,10,12490.00,10.00,112410.00
OI0008118,O002696,P0050,4,2,14600.00,0.00,29200.00
OI0008119,O002696,P0023,5,6,12130.00,15.00,61863.00
OI0008120,O002697,P0028,1,5,9080.00,0.00,45400.00
OI0008121,O002697,P0026,2,10,13420.00,0.00,134200.00
OI0008122,O002698,P0072,1,3,6730.00,0.00,20190.00
OI0008123,O002698,P0019,2,12,7370.00,10.00,79596.00
OI0008124,O002698,P0002,3,11,12930.00,10.00,128007.00
OI0008125,O002698,P0027,4,12,4890.00,0.00,58680.00
OI0008126,O002698,P0046,5,8,7120.00,15.00,48416.00
OI0008127,O002699,P0022,1,11,8500.00,0.00,93500.00
OI0008128,O002699,P0001,2,10,4300.00,5.00,40850.00
OI0008129,O002699,P0047,3,10,2190.00,15.00,18615.00
OI0008130,O002699,P0006,4,1,570.00,0.00,570.00
OI0008131,O002699,P0037,5,8,6650.00,10.00,47880.00
OI0008132,O002700,P0054,1,5,10100.00,0.00,50500.00
OI0008133,O002701,P0024,1,3,11180.00,0.00,33540.00
OI0008134,O002701,P0009,2,10,5290.00,0.00,52900.00
OI0008135,O002701,P0053,3,8,16730.00,0.00,133840.00
OI0008136,O002702,P0035,1,9,14850.00,15.00,113602.50
OI0008137,O002702,P0050,2,10,14600.00,5.00,138700.00
OI0008138,O002703,P0036,1,4,10120.00,0.00,40480.00
OI0008139,O002703,P0022,2,8,8500.00,0.00,68000.00
OI0008140,O002704,P0026,1,4,13420.00,5.00,50996.00
OI0008141,O002704,P0006,2,6,570.00,0.00,3420.00
OI0008142,O002704,P0070,3,11,13990.00,15.00,130806.50
OI0008143,O002704,P0060,4,12,8800.00,10.00,95040.00
OI0008144,O002704,P0005,5,6,3300.00,10.00,17820.00
OI0008145,O002705,P0038,1,4,11890.00,15.00,40426.00
OI0008146,O002705,P0058,2,8,1830.00,10.00,13176.00
OI0008147,O002705,P0027,3,2,4890.00,0.00,9780.00
OI0008148,O002706,P0067,1,10,16160.00,0.00,161600.00
OI0008149,O002706,P0070,2,7,13990.00,15.00,83240.50
OI0008150,O002706,P0064,3,8,8250.00,15.00,56100.00
OI0008151,O002707,P0046,1,10,7120.00,5.00,67640.00
OI0008152,O002707,P0064,2,5,8250.00,5.00,39187.50
OI0008153,O002708,P0065,1,1,10680.00,15.00,9078.00
OI0008154,O002708,P0035,2,12,14850.00,0.00,178200.00
OI0008155,O002708,P0002,3,4,12930.00,5.00,49134.00
OI0008156,O002708,P0022,4,2,8500.00,0.00,17000.00
OI0008157,O002708,P0032,5,4,330.00,0.00,1320.00
OI0008158,O002709,P0039,1,6,3060.00,5.00,17442.00
OI0008159,O002709,P0061,2,12,9420.00,5.00,107388.00
OI0008160,O002709,P0021,3,2,17850.00,15.00,30345.00
OI0008161,O002709,P0024,4,3,11180.00,15.00,28509.00
OI0008162,O002710,P0027,1,8,4890.00,0.00,39120.00
OI0008163,O002711,P0053,1,2,16730.00,0.00,33460.00
OI0008164,O002711,P0063,2,4,3720.00,10.00,13392.00
OI0008165,O002711,P0038,3,1,11890.00,5.00,11295.50
OI0008166,O002712,P0054,1,3,10100.00,0.00,30300.00
OI0008167,O002713,P0007,1,11,4920.00,5.00,51414.00
OI0008168,O002713,P0071,2,6,16680.00,15.00,85068.00
OI0008169,O002713,P0061,3,8,9420.00,0.00,75360.00
OI0008170,O002713,P0017,4,12,3480.00,0.00,41760.00
OI0008171,O002713,P0074,5,4,10020.00,0.00,40080.00
OI0008172,O002714,P0075,1,10,14230.00,0.00,142300.00
OI0008173,O002714,P0028,2,11,9080.00,0.00,99880.00
OI0008174,O002715,P0029,1,4,8380.00,5.00,31844.00
OI0008175,O002715,P0079,2,3,15570.00,15.00,39703.50
OI0008176,O002715,P0077,3,7,14410.00,10.00,90783.00
OI0008177,O002715,P0008,4,3,5830.00,15.00,14866.50
OI0008178,O002716,P0060,1,5,8800.00,5.00,41800.00
OI0008179,O002716,P0058,2,8,1830.00,15.00,12444.00
OI0008180,O002716,P0004,3,12,16440.00,0.00,197280.00
OI0008181,O002717,P0030,1,1,340.00,15.00,289.00
OI0008182,O002717,P0012,2,5,6280.00,10.00,28260.00
OI0008183,O002717,P0031,3,3,3650.00,0.00,10950.00
OI0008184,O002717,P0004,4,3,16440.00,5.00,46854.00
OI0008185,O002718,P0059,1,2,14710.00,0.00,29420.00
OI0008186,O002719,P0014,1,1,14460.00,15.00,12291.00
OI0008187,O002719,P0012,2,1,6280.00,0.00,6280.00
OI0008188,O002719,P0066,3,8,11920.00,5.00,90592.00
OI0008189,O002719,P0029,4,2,8380.00,5.00,15922.00
OI0008190,O002720,P0075,1,1,14230.00,0.00,14230.00
OI0008191,O002720,P0053,2,3,16730.00,0.00,50190.00
OI0008192,O002720,P0056,3,6,10190.00,0.00,61140.00
OI0008193,O002721,P0053,1,9,16730.00,0.00,150570.00
OI0008194,O002721,P0025,2,3,13240.00,15.00,33762.00
OI0008195,O002722,P0019,1,2,7370.00,0.00,14740.00
OI0008196,O002722,P0069,2,1,12320.00,10.00,11088.00
OI0008197,O002722,P0048,3,5,12050.00,5.00,57237.50
OI0008198,O002722,P0054,4,3,10100.00,10.00,27270.00
OI0008199,O002722,P0077,5,4,14410.00,0.00,57640.00
OI0008200,O002723,P0026,1,7,13420.00,5.00,89243.00
OI0008201,O002724,P0031,1,3,3650.00,0.00,10950.00
OI0008202,O002724,P0065,2,5,10680.00,0.00,53400.00
OI0008203,O002724,P0004,3,6,16440.00,10.00,88776.00
OI0008204,O002725,P0077,1,4,14410.00,10.00,51876.00
OI0008205,O002725,P0028,2,2,9080.00,15.00,15436.00
OI0008206,O002726,P0027,1,4,4890.00,5.00,18582.00
OI0008207,O002727,P0071,1,3,16680.00,0.00,50040.00
OI0008208,O002727,P0005,2,1,3300.00,5.00,3135.00
OI0008209,O002728,P0058,1,4,1830.00,15.00,6222.00
OI0008210,O002728,P0024,2,11,11180.00,5.00,116831.00
OI0008211,O002728,P0060,3,7,8800.00,0.00,61600.00
OI0008212,O002728,P0060,4,5,8800.00,0.00,44000.00
OI0008213,O002728,P0051,5,5,12120.00,0.00,60600.00
OI0008214,O002729,P0064,1,7,8250.00,0.00,57750.00
OI0008215,O002730,P0072,1,2,6730.00,15.00,11441.00
OI0008216,O002730,P0070,2,9,13990.00,0.00,125910.00
OI0008217,O002730,P0019,3,7,7370.00,10.00,46431.00
OI0008218,O002731,P0002,1,7,12930.00,0.00,90510.00
OI0008219,O002731,P0065,2,12,10680.00,10.00,115344.00
OI0008220,O002731,P0053,3,9,16730.00,10.00,135513.00
OI0008221,O002731,P0005,4,5,3300.00,5.00,15675.00
OI0008222,O002731,P0056,5,6,10190.00,0.00,61140.00
OI0008223,O002732,P0039,1,12,3060.00,10.00,33048.00
OI0008224,O002732,P0068,2,4,2100.00,15.00,7140.00
OI0008225,O002732,P0056,3,2,10190.00,15.00,17323.00
OI0008226,O002732,P0020,4,7,5780.00,0.00,40460.00
OI0008227,O002732,P0009,5,5,5290.00,5.00,25127.50
OI0008228,O002733,P0001,1,4,4300.00,15.00,14620.00
OI0008229,O002734,P0057,1,6,5170.00,0.00,31020.00
OI0008230,O002735,P0004,1,12,16440.00,15.00,167688.00
OI0008231,O002735,P0070,2,7,13990.00,5.00,93033.50
OI0008232,O002735,P0051,3,6,12120.00,0.00,72720.00
OI0008233,O002735,P0011,4,11,6240.00,0.00,68640.00
OI0008234,O002735,P0038,5,4,11890.00,10.00,42804.00
OI0008235,O002736,P0047,1,11,2190.00,0.00,24090.00
OI0008236,O002736,P0058,2,2,1830.00,0.00,3660.00
OI0008237,O002737,P0024,1,2,11180.00,0.00,22360.00
OI0008238,O002737,P0075,2,9,14230.00,0.00,128070.00
OI0008239,O002737,P0043,3,2,9450.00,5.00,17955.00
OI0008240,O002737,P0005,4,6,3300.00,0.00,19800.00
OI0008241,O002738,P0075,1,7,14230.00,10.00,89649.00
OI0008242,O002738,P0018,2,6,670.00,5.00,3819.00
OI0008243,O002739,P0049,1,12,16150.00,15.00,164730.00
OI0008244,O002739,P0063,2,4,3720.00,0.00,14880.00
OI0008245,O002739,P0071,3,12,16680.00,0.00,200160.00
OI0008246,O002739,P0020,4,1,5780.00,0.00,5780.00
OI0008247,O002740,P0045,1,5,14880.00,15.00,63240.00
OI0008248,O002740,P0013,2,5,9840.00,5.00,46740.00
OI0008249,O002741,P0067,1,2,16160.00,0.00,32320.00
OI0008250,O002741,P0007,2,8,4920.00,10.00,35424.00
OI0008251,O002741,P0068,3,1,2100.00,10.00,1890.00
OI0008252,O002741,P0069,4,5,12320.00,0.00,61600.00
OI0008253,O002742,P0006,1,1,570.00,10.00,513.00
OI0008254,O002742,P0037,2,2,6650.00,0.00,13300.00
OI0008255,O002742,P0080,3,6,5590.00,15.00,28509.00
OI0008256,O002742,P0024,4,12,11180.00,0.00,134160.00
OI0008257,O002742,P0072,5,1,6730.00,5.00,6393.50
OI0008258,O002743,P0045,1,11,14880.00,0.00,163680.00
OI0008259,O002744,P0049,1,5,16150.00,0.00,80750.00
OI0008260,O002744,P0005,2,9,3300.00,0.00,29700.00
OI0008261,O002744,P0034,3,6,10570.00,0.00,63420.00
OI0008262,O002745,P0043,1,10,9450.00,0.00,94500.00
OI0008263,O002745,P0051,2,3,12120.00,0.00,36360.00
OI0008264,O002745,P0043,3,12,9450.00,5.00,107730.00
OI0008265,O002745,P0010,4,2,3500.00,0.00,7000.00
OI0008266,O002745,P0068,5,8,2100.00,15.00,14280.00
OI0008267,O002746,P0016,1,11,8740.00,0.00,96140.00
OI0008268,O002746,P0069,2,7,12320.00,5.00,81928.00
OI0008269,O002746,P0018,3,6,670.00,0.00,4020.00
OI0008270,O002746,P0016,4,11,8740.00,15.00,81719.00
OI0008271,O002747,P0070,1,6,13990.00,0.00,83940.00
OI0008272,O002747,P0080,2,7,5590.00,15.00,33260.50
OI0008273,O002747,P0045,3,7,14880.00,10.00,93744.00
OI0008274,O002747,P0063,4,5,3720.00,5.00,17670.00
OI0008275,O002748,P0060,1,8,8800.00,0.00,70400.00
OI0008276,O002748,P0006,2,3,570.00,0.00,1710.00
OI0008277,O002748,P0028,3,10,9080.00,0.00,90800.00
OI0008278,O002748,P0052,4,7,13500.00,10.00,85050.00
OI0008279,O002749,P0025,1,3,13240.00,5.00,37734.00
OI0008280,O002750,P0005,1,7,3300.00,0.00,23100.00
OI0008281,O002750,P0055,2,2,16840.00,15.00,28628.00
OI0008282,O002750,P0029,3,6,8380.00,0.00,50280.00
OI0008283,O002750,P0042,4,5,2830.00,0.00,14150.00
OI0008284,O002750,P0011,5,8,6240.00,0.00,49920.00
OI0008285,O002751,P0002,1,2,12930.00,10.00,23274.00
OI0008286,O002751,P0066,2,5,11920.00,0.00,59600.00
OI0008287,O002752,P0027,1,6,4890.00,15.00,24939.00
OI0008288,O002752,P0045,2,6,14880.00,0.00,89280.00
OI0008289,O002752,P0042,3,4,2830.00,10.00,10188.00
OI0008290,O002752,P0038,4,11,11890.00,5.00,124250.50
OI0008291,O002753,P0036,1,5,10120.00,0.00,50600.00
OI0008292,O002754,P0058,1,12,1830.00,0.00,21960.00
OI0008293,O002754,P0073,2,2,1430.00,0.00,2860.00
OI0008294,O002754,P0015,3,2,8020.00,0.00,16040.00
OI0008295,O002755,P0040,1,2,17530.00,0.00,35060.00
OI0008296,O002755,P0005,2,8,3300.00,0.00,26400.00
OI0008297,O002756,P0066,1,7,11920.00,15.00,70924.00
OI0008298,O002757,P0044,1,4,13780.00,0.00,55120.00
OI0008299,O002758,P0011,1,4,6240.00,0.00,24960.00
OI0008300,O002758,P0059,2,6,14710.00,10.00,79434.00
OI0008301,O002758,P0046,3,11,7120.00,10.00,70488.00
OI0008302,O002759,P0060,1,12,8800.00,10.00,95040.00
OI0008303,O002759,P0001,2,5,4300.00,5.00,20425.00
OI0008304,O002759,P0042,3,2,2830.00,5.00,5377.00
OI0008305,O002759,P0064,4,5,8250.00,0.00,41250.00
OI0008306,O002759,P0070,5,3,13990.00,15.00,35674.50
OI0008307,O002760,P0063,1,11,3720.00,10.00,36828.00
OI0008308,O002760,P0023,2,8,12130.00,0.00,97040.00
OI0008309,O002761,P0014,1,11,14460.00,5.00,151107.00
OI0008310,O002761,P0011,2,4,6240.00,5.00,23712.00
OI0008311,O002761,P0038,3,5,11890.00,15.00,50532.50
OI0008312,O002762,P0029,1,4,8380.00,0.00,33520.00
OI0008313,O002763,P0072,1,5,6730.00,10.00,30285.00
OI0008314,O002763,P0036,2,8,10120.00,15.00,68816.00
OI0008315,O002763,P0040,3,10,17530.00,15.00,149005.00
OI0008316,O002763,P0011,4,9,6240.00,5.00,53352.00
OI0008317,O002764,P0028,1,1,9080.00,10.00,8172.00
OI0008318,O002764,P0065,2,1,10680.00,0.00,10680.00
OI0008319,O002764,P0071,3,6,16680.00,10.00,90072.00
OI0008320,O002764,P0033,4,12,800.00,0.00,9600.00
OI0008321,O002764,P0076,5,12,8140.00,5.00,92796.00
OI0008322,O002765,P0059,1,8,14710.00,0.00,117680.00
OI0008323,O002765,P0047,2,5,2190.00,15.00,9307.50
OI0008324,O002765,P0005,3,4,3300.00,0.00,13200.00
OI0008325,O002766,P0027,1,1,4890.00,5.00,4645.50
OI0008326,O002766,P0040,2,5,17530.00,10.00,78885.00
OI0008327,O002766,P0051,3,12,12120.00,5.00,138168.00
OI0008328,O002767,P0053,1,8,16730.00,10.00,120456.00
OI0008329,O002767,P0071,2,10,16680.00,5.00,158460.00
OI0008330,O002768,P0016,1,11,8740.00,10.00,86526.00
OI0008331,O002768,P0066,2,8,11920.00,15.00,81056.00
OI0008332,O002768,P0026,3,3,13420.00,0.00,40260.00
OI0008333,O002768,P0048,4,3,12050.00,0.00,36150.00
OI0008334,O002768,P0022,5,4,8500.00,0.00,34000.00
OI0008335,O002769,P0046,1,7,7120.00,15.00,42364.00
OI0008336,O002769,P0057,2,7,5170.00,10.00,32571.00
OI0008337,O002769,P0051,3,4,12120.00,15.00,41208.00
OI0008338,O002769,P0053,4,1,16730.00,0.00,16730.00
OI0008339,O002769,P0003,5,2,14640.00,10.00,26352.00
OI0008340,O002770,P0043,1,7,9450.00,0.00,66150.00
OI0008341,O002770,P0009,2,3,5290.00,5.00,15076.50
OI0008342,O002770,P0021,3,7,17850.00,0.00,124950.00
OI0008343,O002770,P0007,4,5,4920.00,0.00,24600.00
OI0008344,O002771,P0032,1,3,330.00,10.00,891.00
OI0008345,O002771,P0079,2,5,15570.00,0.00,77850.00
OI0008346,O002771,P0017,3,1,3480.00,5.00,3306.00
OI0008347,O002771,P0028,4,2,9080.00,10.00,16344.00
OI0008348,O002771,P0065,5,10,10680.00,0.00,106800.00
OI0008349,O002772,P0049,1,7,16150.00,0.00,113050.00
OI0008350,O002772,P0016,2,2,8740.00,5.00,16606.00
OI0008351,O002772,P0010,3,1,3500.00,0.00,3500.00
OI0008352,O002772,P0026,4,6,13420.00,0.00,80520.00
OI0008353,O002773,P0031,1,6,3650.00,0.00,21900.00
OI0008354,O002773,P0036,2,7,10120.00,0.00,70840.00
OI0008355,O002773,P0036,3,9,10120.00,0.00,91080.00
OI0008356,O002773,P0062,4,6,8730.00,0.00,52380.00
OI0008357,O002774,P0024,1,4,11180.00,0.00,44720.00
OI0008358,O002774,P0012,2,4,6280.00,0.00,25120.00
OI0008359,O002774,P0078,3,6,7660.00,10.00,41364.00
OI0008360,O002774,P0011,4,10,6240.00,5.00,59280.00
OI0008361,O002774,P0069,5,4,12320.00,0.00,49280.00
OI0008362,O002775,P0019,1,11,7370.00,10.00,72963.00
OI0008363,O002776,P0020,1,2,5780.00,0.00,11560.00
OI0008364,O002776,P0018,2,2,670.00,0.00,1340.00
OI0008365,O002777,P0014,1,2,14460.00,10.00,26028.00
OI0008366,O002777,P0054,2,12,10100.00,10.00,109080.00
OI0008367,O002777,P0068,3,10,2100.00,0.00,21000.00
OI0008368,O002777,P0058,4,2,1830.00,0.00,3660.00
OI0008369,O002778,P0045,1,7,14880.00,15.00,88536.00
OI0008370,O002778,P0057,2,3,5170.00,0.00,15510.00
OI0008371,O002778,P0014,3,8,14460.00,10.00,104112.00
OI0008372,O002778,P0030,4,4,340.00,10.00,1224.00
OI0008373,O002779,P0055,1,7,16840.00,0.00,117880.00
OI0008374,O002779,P0040,2,1,17530.00,0.00,17530.00
OI0008375,O002779,P0012,3,12,6280.00,10.00,67824.00
OI0008376,O002779,P0004,4,4,16440.00,0.00,65760.00
OI0008377,O002780,P0021,1,3,17850.00,5.00,50872.50
OI0008378,O002780,P0030,2,3,340.00,15.00,867.00
OI0008379,O002781,P0039,1,12,3060.00,0.00,36720.00
OI0008380,O002782,P0007,1,8,4920.00,5.00,37392.00
OI0008381,O002782,P0024,2,7,11180.00,15.00,66521.00
OI0008382,O002782,P0025,3,6,13240.00,5.00,75468.00
OI0008383,O002782,P0015,4,6,8020.00,5.00,45714.00
OI0008384,O002783,P0031,1,6,3650.00,5.00,20805.00
OI0008385,O002784,P0059,1,12,14710.00,0.00,176520.00
OI0008386,O002784,P0050,2,8,14600.00,5.00,110960.00
OI0008387,O002785,P0046,1,3,7120.00,0.00,21360.00
OI0008388,O002785,P0002,2,12,12930.00,10.00,139644.00
OI0008389,O002785,P0034,3,8,10570.00,10.00,76104.00
OI0008390,O002786,P0047,1,6,2190.00,15.00,11169.00
OI0008391,O002786,P0044,2,10,13780.00,0.00,137800.00
OI0008392,O002786,P0077,3,3,14410.00,0.00,43230.00
OI0008393,O002786,P0016,4,4,8740.00,0.00,34960.00
OI0008394,O002787,P0075,1,3,14230.00,10.00,38421.00
OI0008395,O002787,P0067,2,10,16160.00,0.00,161600.00
OI0008396,O002787,P0053,3,2,16730.00,0.00,33460.00
OI0008397,O002787,P0055,4,2,16840.00,10.00,30312.00
OI0008398,O002787,P0043,5,10,9450.00,0.00,94500.00
OI0008399,O002788,P0076,1,4,8140.00,0.00,32560.00
OI0008400,O002789,P0066,1,3,11920.00,15.00,30396.00
OI0008401,O002789,P0038,2,12,11890.00,10.00,128412.00
OI0008402,O002789,P0068,3,10,2100.00,0.00,21000.00
OI0008403,O002790,P0058,1,4,1830.00,10.00,6588.00
OI0008404,O002790,P0031,2,6,3650.00,0.00,21900.00
OI0008405,O002791,P0063,1,1,3720.00,15.00,3162.00
OI0008406,O002791,P0079,2,4,15570.00,0.00,62280.00
OI0008407,O002791,P0070,3,6,13990.00,0.00,83940.00
OI0008408,O002792,P0061,1,1,9420.00,10.00,8478.00
OI0008409,O002792,P0041,2,10,12490.00,5.00,118655.00
OI0008410,O002792,P0066,3,6,11920.00,10.00,64368.00
OI0008411,O002793,P0064,1,2,8250.00,0.00,16500.00
OI0008412,O002793,P0028,2,12,9080.00,0.00,108960.00
OI0008413,O002793,P0075,3,6,14230.00,15.00,72573.00
OI0008414,O002793,P0073,4,11,1430.00,0.00,15730.00
OI0008415,O002794,P0066,1,2,11920.00,0.00,23840.00
OI0008416,O002795,P0023,1,7,12130.00,0.00,84910.00
OI0008417,O002795,P0047,2,11,2190.00,0.00,24090.00
OI0008418,O002795,P0036,3,2,10120.00,0.00,20240.00
OI0008419,O002795,P0047,4,1,2190.00,5.00,2080.50
OI0008420,O002795,P0033,5,11,800.00,0.00,8800.00
OI0008421,O002796,P0035,1,5,14850.00,0.00,74250.00
OI0008422,O002796,P0051,2,11,12120.00,0.00,133320.00
OI0008423,O002797,P0051,1,10,12120.00,10.00,109080.00
OI0008424,O002798,P0060,1,4,8800.00,15.00,29920.00
OI0008425,O002799,P0042,1,2,2830.00,0.00,5660.00
OI0008426,O002800,P0065,1,3,10680.00,0.00,32040.00
OI0008427,O002800,P0046,2,11,7120.00,0.00,78320.00
OI0008428,O002801,P0013,1,7,9840.00,0.00,68880.00
OI0008429,O002801,P0069,2,11,12320.00,0.00,135520.00
OI0008430,O002802,P0076,1,4,8140.00,0.00,32560.00
OI0008431,O002802,P0005,2,9,3300.00,0.00,29700.00
OI0008432,O002803,P0012,1,6,6280.00,15.00,32028.00
OI0008433,O002803,P0031,2,9,3650.00,5.00,31207.50
OI0008434,O002803,P0056,3,9,10190.00,15.00,77953.50
OI0008435,O002804,P0027,1,3,4890.00,0.00,14670.00
OI0008436,O002804,P0071,2,1,16680.00,10.00,15012.00
OI0008437,O002804,P0059,3,7,14710.00,0.00,102970.00
OI0008438,O002804,P0071,4,2,16680.00,0.00,33360.00
OI0008439,O002804,P0056,5,1,10190.00,10.00,9171.00
OI0008440,O002805,P0004,1,8,16440.00,0.00,131520.00
OI0008441,O002805,P0032,2,12,330.00,15.00,3366.00
OI0008442,O002805,P0025,3,6,13240.00,0.00,79440.00
OI0008443,O002805,P0011,4,3,6240.00,5.00,17784.00
OI0008444,O002805,P0069,5,12,12320.00,0.00,147840.00
OI0008445,O002806,P0059,1,1,14710.00,5.00,13974.50
OI0008446,O002806,P0024,2,12,11180.00,0.00,134160.00
OI0008447,O002807,P0002,1,12,12930.00,10.00,139644.00
OI0008448,O002807,P0056,2,3,10190.00,0.00,30570.00
OI0008449,O002807,P0073,3,3,1430.00,5.00,4075.50
OI0008450,O002808,P0046,1,2,7120.00,5.00,13528.00
OI0008451,O002809,P0015,1,5,8020.00,0.00,40100.00
OI0008452,O002809,P0027,2,1,4890.00,0.00,4890.00
OI0008453,O002810,P0009,1,6,5290.00,0.00,31740.00
OI0008454,O002810,P0080,2,4,5590.00,15.00,19006.00
OI0008455,O002810,P0046,3,11,7120.00,15.00,66572.00
OI0008456,O002810,P0028,4,10,9080.00,5.00,86260.00
OI0008457,O002810,P0077,5,10,14410.00,0.00,144100.00
OI0008458,O002811,P0001,1,8,4300.00,15.00,29240.00
OI0008459,O002811,P0021,2,12,17850.00,0.00,214200.00
OI0008460,O002811,P0001,3,6,4300.00,0.00,25800.00
OI0008461,O002811,P0050,4,4,14600.00,15.00,49640.00
OI0008462,O002811,P0070,5,7,13990.00,0.00,97930.00
OI0008463,O002812,P0038,1,11,11890.00,15.00,111171.50
OI0008464,O002812,P0040,2,6,17530.00,0.00,105180.00
OI0008465,O002813,P0025,1,7,13240.00,5.00,88046.00
OI0008466,O002814,P0010,1,10,3500.00,0.00,35000.00
OI0008467,O002814,P0013,2,12,9840.00,0.00,118080.00
OI0008468,O002814,P0057,3,2,5170.00,0.00,10340.00
OI0008469,O002814,P0071,4,9,16680.00,5.00,142614.00
OI0008470,O002814,P0022,5,4,8500.00,0.00,34000.00
OI0008471,O002815,P0066,1,11,11920.00,0.00,131120.00
OI0008472,O002815,P0008,2,1,5830.00,0.00,5830.00
OI0008473,O002815,P0018,3,10,670.00,10.00,6030.00
OI0008474,O002815,P0073,4,9,1430.00,0.00,12870.00
OI0008475,O002815,P0022,5,8,8500.00,5.00,64600.00
OI0008476,O002816,P0070,1,4,13990.00,10.00,50364.00
OI0008477,O002816,P0035,2,4,14850.00,0.00,59400.00
OI0008478,O002817,P0050,1,7,14600.00,10.00,91980.00
OI0008479,O002817,P0002,2,7,12930.00,10.00,81459.00
OI0008480,O002817,P0012,3,4,6280.00,0.00,25120.00
OI0008481,O002817,P0005,4,6,3300.00,5.00,18810.00
OI0008482,O002817,P0039,5,3,3060.00,0.00,9180.00
OI0008483,O002818,P0074,1,1,10020.00,15.00,8517.00
OI0008484,O002819,P0031,1,7,3650.00,10.00,22995.00
OI0008485,O002819,P0021,2,10,17850.00,0.00,178500.00
OI0008486,O002820,P0045,1,5,14880.00,0.00,74400.00
OI0008487,O002820,P0024,2,7,11180.00,15.00,66521.00
OI0008488,O002821,P0030,1,8,340.00,15.00,2312.00
OI0008489,O002821,P0031,2,4,3650.00,0.00,14600.00
OI0008490,O002822,P0054,1,10,10100.00,15.00,85850.00
OI0008491,O002822,P0077,2,12,14410.00,15.00,146982.00
OI0008492,O002822,P0078,3,7,7660.00,15.00,45577.00
OI0008493,O002823,P0039,1,12,3060.00,0.00,36720.00
OI0008494,O002824,P0015,1,4,8020.00,0.00,32080.00
OI0008495,O002824,P0075,2,5,14230.00,0.00,71150.00
OI0008496,O002824,P0005,3,1,3300.00,10.00,2970.00
OI0008497,O002825,P0042,1,10,2830.00,0.00,28300.00
OI0008498,O002825,P0024,2,6,11180.00,0.00,67080.00
OI0008499,O002826,P0018,1,6,670.00,5.00,3819.00
OI0008500,O002826,P0042,2,2,2830.00,15.00,4811.00
OI0008501,O002827,P0075,1,9,14230.00,5.00,121666.50
OI0008502,O002827,P0003,2,10,14640.00,0.00,146400.00
OI0008503,O002827,P0001,3,5,4300.00,15.00,18275.00
OI0008504,O002827,P0070,4,12,13990.00,0.00,167880.00
OI0008505,O002828,P0042,1,8,2830.00,10.00,20376.00
OI0008506,O002829,P0040,1,11,17530.00,0.00,192830.00
OI0008507,O002830,P0062,1,6,8730.00,15.00,44523.00
OI0008508,O002830,P0018,2,12,670.00,0.00,8040.00
OI0008509,O002830,P0027,3,11,4890.00,0.00,53790.00
OI0008510,O002830,P0023,4,12,12130.00,10.00,131004.00
OI0008511,O002830,P0044,5,6,13780.00,5.00,78546.00
OI0008512,O002831,P0023,1,7,12130.00,0.00,84910.00
OI0008513,O002831,P0027,2,3,4890.00,0.00,14670.00
OI0008514,O002831,P0038,3,2,11890.00,0.00,23780.00
OI0008515,O002831,P0046,4,11,7120.00,0.00,78320.00
OI0008516,O002831,P0043,5,8,9450.00,10.00,68040.00
OI0008517,O002832,P0031,1,5,3650.00,10.00,16425.00
OI0008518,O002832,P0009,2,6,5290.00,5.00,30153.00
OI0008519,O002832,P0028,3,1,9080.00,10.00,8172.00
OI0008520,O002833,P0029,1,11,8380.00,10.00,82962.00
OI0008521,O002833,P0063,2,11,3720.00,0.00,40920.00
OI0008522,O002833,P0022,3,12,8500.00,0.00,102000.00
OI0008523,O002834,P0045,1,6,14880.00,10.00,80352.00
OI0008524,O002834,P0014,2,3,14460.00,0.00,43380.00
OI0008525,O002835,P0026,1,12,13420.00,0.00,161040.00
OI0008526,O002835,P0027,2,9,4890.00,10.00,39609.00
OI0008527,O002835,P0019,3,4,7370.00,0.00,29480.00
OI0008528,O002835,P0023,4,11,12130.00,0.00,133430.00
OI0008529,O002835,P0022,5,3,8500.00,0.00,25500.00
OI0008530,O002836,P0049,1,1,16150.00,0.00,16150.00
OI0008531,O002836,P0044,2,11,13780.00,5.00,144001.00
OI0008532,O002836,P0017,3,11,3480.00,5.00,36366.00
OI0008533,O002836,P0057,4,12,5170.00,15.00,52734.00
OI0008534,O002837,P0019,1,4,7370.00,0.00,29480.00
OI0008535,O002837,P0017,2,5,3480.00,10.00,15660.00
OI0008536,O002838,P0016,1,9,8740.00,10.00,70794.00
OI0008537,O002838,P0026,2,9,13420.00,5.00,114741.00
OI0008538,O002839,P0080,1,11,5590.00,0.00,61490.00
OI0008539,O002839,P0067,2,5,16160.00,5.00,76760.00
OI0008540,O002839,P0023,3,4,12130.00,15.00,41242.00
OI0008541,O002840,P0056,1,6,10190.00,0.00,61140.00
OI0008542,O002840,P0049,2,8,16150.00,0.00,129200.00
OI0008543,O002840,P0005,3,12,3300.00,5.00,37620.00
OI0008544,O002840,P0072,4,10,6730.00,0.00,67300.00
OI0008545,O002841,P0008,1,7,5830.00,15.00,34688.50
OI0008546,O002841,P0004,2,12,16440.00,5.00,187416.00
OI0008547,O002841,P0027,3,8,4890.00,10.00,35208.00
OI0008548,O002841,P0077,4,7,14410.00,15.00,85739.50
OI0008549,O002842,P0002,1,5,12930.00,0.00,64650.00
OI0008550,O002843,P0050,1,6,14600.00,5.00,83220.00
OI0008551,O002843,P0037,2,4,6650.00,0.00,26600.00
OI0008552,O002843,P0024,3,12,11180.00,5.00,127452.00
OI0008553,O002843,P0042,4,5,2830.00,15.00,12027.50
OI0008554,O002843,P0052,5,7,13500.00,5.00,89775.00
OI0008555,O002844,P0062,1,8,8730.00,10.00,62856.00
OI0008556,O002844,P0061,2,10,9420.00,15.00,80070.00
OI0008557,O002844,P0010,3,7,3500.00,0.00,24500.00
OI0008558,O002844,P0039,4,10,3060.00,10.00,27540.00
OI0008559,O002845,P0004,1,8,16440.00,0.00,131520.00
OI0008560,O002845,P0070,2,12,13990.00,5.00,159486.00
OI0008561,O002845,P0040,3,9,17530.00,0.00,157770.00
OI0008562,O002845,P0043,4,7,9450.00,5.00,62842.50
OI0008563,O002846,P0076,1,9,8140.00,15.00,62271.00
OI0008564,O002846,P0002,2,5,12930.00,0.00,64650.00
OI0008565,O002846,P0065,3,4,10680.00,10.00,38448.00
OI0008566,O002846,P0047,4,10,2190.00,0.00,21900.00
OI0008567,O002846,P0001,5,9,4300.00,0.00,38700.00
OI0008568,O002847,P0005,1,12,3300.00,0.00,39600.00
OI0008569,O002847,P0061,2,2,9420.00,0.00,18840.00
OI0008570,O002847,P0017,3,11,3480.00,10.00,34452.00
OI0008571,O002847,P0020,4,7,5780.00,0.00,40460.00
OI0008572,O002847,P0067,5,6,16160.00,0.00,96960.00
OI0008573,O002848,P0019,1,8,7370.00,15.00,50116.00
OI0008574,O002848,P0038,2,7,11890.00,10.00,74907.00
OI0008575,O002849,P0020,1,5,5780.00,0.00,28900.00
OI0008576,O002849,P0070,2,1,13990.00,0.00,13990.00
OI0008577,O002849,P0049,3,10,16150.00,5.00,153425.00
OI0008578,O002850,P0069,1,8,12320.00,0.00,98560.00
OI0008579,O002850,P0003,2,6,14640.00,10.00,79056.00
OI0008580,O002850,P0027,3,1,4890.00,10.00,4401.00
OI0008581,O002851,P0073,1,11,1430.00,0.00,15730.00
OI0008582,O002851,P0011,2,1,6240.00,0.00,6240.00
OI0008583,O002851,P0079,3,8,15570.00,0.00,124560.00
OI0008584,O002851,P0006,4,4,570.00,15.00,1938.00
OI0008585,O002851,P0069,5,10,12320.00,5.00,117040.00
OI0008586,O002852,P0057,1,3,5170.00,15.00,13183.50
OI0008587,O002852,P0014,2,9,14460.00,15.00,110619.00
OI0008588,O002852,P0059,3,10,14710.00,5.00,139745.00
OI0008589,O002852,P0007,4,6,4920.00,0.00,29520.00
OI0008590,O002853,P0065,1,12,10680.00,10.00,115344.00
OI0008591,O002853,P0042,2,11,2830.00,10.00,28017.00
OI0008592,O002853,P0004,3,9,16440.00,15.00,125766.00
OI0008593,O002854,P0050,1,7,14600.00,0.00,102200.00
OI0008594,O002854,P0052,2,7,13500.00,0.00,94500.00
OI0008595,O002854,P0054,3,5,10100.00,15.00,42925.00
OI0008596,O002854,P0023,4,9,12130.00,15.00,92794.50
OI0008597,O002855,P0047,1,7,2190.00,5.00,14563.50
OI0008598,O002856,P0043,1,6,9450.00,10.00,51030.00
OI0008599,O002856,P0050,2,2,14600.00,15.00,24820.00
OI0008600,O002856,P0053,3,3,16730.00,15.00,42661.50
OI0008601,O002856,P0063,4,4,3720.00,15.00,12648.00
OI0008602,O002856,P0037,5,7,6650.00,0.00,46550.00
OI0008603,O002857,P0031,1,12,3650.00,0.00,43800.00
OI0008604,O002857,P0063,2,5,3720.00,5.00,17670.00
OI0008605,O002858,P0006,1,1,570.00,0.00,570.00
OI0008606,O002858,P0017,2,5,3480.00,15.00,14790.00
OI0008607,O002858,P0032,3,3,330.00,10.00,891.00
OI0008608,O002858,P0067,4,10,16160.00,0.00,161600.00
OI0008609,O002859,P0040,1,2,17530.00,5.00,33307.00
OI0008610,O002859,P0036,2,5,10120.00,5.00,48070.00
OI0008611,O002859,P0034,3,7,10570.00,15.00,62891.50
OI0008612,O002860,P0068,1,2,2100.00,0.00,4200.00
OI0008613,O002860,P0028,2,2,9080.00,15.00,15436.00
OI0008614,O002860,P0078,3,6,7660.00,0.00,45960.00
OI0008615,O002860,P0009,4,11,5290.00,15.00,49461.50
OI0008616,O002861,P0032,1,1,330.00,5.00,313.50
OI0008617,O002862,P0002,1,9,12930.00,15.00,98914.50
OI0008618,O002862,P0073,2,9,1430.00,5.00,12226.50
OI0008619,O002863,P0032,1,11,330.00,0.00,3630.00
OI0008620,O002863,P0030,2,2,340.00,0.00,680.00
OI0008621,O002863,P0048,3,5,12050.00,0.00,60250.00
OI0008622,O002863,P0043,4,10,9450.00,10.00,85050.00
OI0008623,O002864,P0019,1,4,7370.00,0.00,29480.00
OI0008624,O002864,P0066,2,10,11920.00,0.00,119200.00
OI0008625,O002864,P0059,3,4,14710.00,10.00,52956.00
OI0008626,O002864,P0040,4,4,17530.00,10.00,63108.00
OI0008627,O002864,P0072,5,4,6730.00,15.00,22882.00
OI0008628,O002865,P0049,1,2,16150.00,10.00,29070.00
OI0008629,O002865,P0037,2,12,6650.00,0.00,79800.00
OI0008630,O002865,P0040,3,7,17530.00,10.00,110439.00
OI0008631,O002865,P0025,4,4,13240.00,0.00,52960.00
OI0008632,O002865,P0076,5,3,8140.00,5.00,23199.00
OI0008633,O002866,P0024,1,1,11180.00,0.00,11180.00
OI0008634,O002866,P0066,2,7,11920.00,0.00,83440.00
OI0008635,O002866,P0064,3,2,8250.00,0.00,16500.00
OI0008636,O002866,P0061,4,7,9420.00,15.00,56049.00
OI0008637,O002866,P0066,5,3,11920.00,10.00,32184.00
OI0008638,O002867,P0020,1,2,5780.00,10.00,10404.00
OI0008639,O002868,P0079,1,12,15570.00,15.00,158814.00
OI0008640,O002868,P0046,2,1,7120.00,15.00,6052.00
OI0008641,O002869,P0006,1,7,570.00,15.00,3391.50
OI0008642,O002870,P0047,1,3,2190.00,10.00,5913.00
OI0008643,O002870,P0027,2,2,4890.00,5.00,9291.00
OI0008644,O002871,P0057,1,8,5170.00,5.00,39292.00
OI0008645,O002871,P0058,2,2,1830.00,15.00,3111.00
OI0008646,O002872,P0025,1,11,13240.00,0.00,145640.00
OI0008647,O002872,P0047,2,8,2190.00,5.00,16644.00
OI0008648,O002872,P0031,3,5,3650.00,0.00,18250.00
OI0008649,O002873,P0058,1,9,1830.00,0.00,16470.00
OI0008650,O002874,P0045,1,5,14880.00,0.00,74400.00
OI0008651,O002874,P0080,2,2,5590.00,0.00,11180.00
OI0008652,O002874,P0029,3,11,8380.00,15.00,78353.00
OI0008653,O002875,P0032,1,11,330.00,15.00,3085.50
OI0008654,O002875,P0063,2,5,3720.00,15.00,15810.00
OI0008655,O002875,P0034,3,6,10570.00,0.00,63420.00
OI0008656,O002875,P0075,4,6,14230.00,15.00,72573.00
OI0008657,O002875,P0056,5,1,10190.00,0.00,10190.00
OI0008658,O002876,P0076,1,9,8140.00,10.00,65934.00
OI0008659,O002877,P0027,1,9,4890.00,5.00,41809.50
OI0008660,O002877,P0042,2,9,2830.00,5.00,24196.50
OI0008661,O002878,P0022,1,12,8500.00,0.00,102000.00
OI0008662,O002879,P0079,1,6,15570.00,5.00,88749.00
OI0008663,O002879,P0050,2,7,14600.00,10.00,91980.00
OI0008664,O002880,P0040,1,9,17530.00,0.00,157770.00
OI0008665,O002880,P0033,2,7,800.00,10.00,5040.00
OI0008666,O002881,P0044,1,8,13780.00,0.00,110240.00
OI0008667,O002881,P0038,2,10,11890.00,10.00,107010.00
OI0008668,O002881,P0024,3,5,11180.00,0.00,55900.00
OI0008669,O002881,P0034,4,11,10570.00,10.00,104643.00
OI0008670,O002881,P0004,5,8,16440.00,0.00,131520.00
OI0008671,O002882,P0037,1,2,6650.00,15.00,11305.00
OI0008672,O002883,P0074,1,11,10020.00,5.00,104709.00
OI0008673,O002883,P0012,2,11,6280.00,5.00,65626.00
OI0008674,O002884,P0025,1,12,13240.00,0.00,158880.00
OI0008675,O002884,P0025,2,7,13240.00,5.00,88046.00
OI0008676,O002884,P0058,3,11,1830.00,0.00,20130.00
OI0008677,O002884,P0039,4,2,3060.00,15.00,5202.00
OI0008678,O002885,P0059,1,5,14710.00,0.00,73550.00
OI0008679,O002885,P0044,2,7,13780.00,10.00,86814.00
OI0008680,O002885,P0064,3,11,8250.00,5.00,86212.50
OI0008681,O002885,P0061,4,10,9420.00,10.00,84780.00
OI0008682,O002886,P0043,1,11,9450.00,0.00,103950.00
OI0008683,O002886,P0075,2,7,14230.00,15.00,84668.50
OI0008684,O002887,P0046,1,4,7120.00,10.00,25632.00
OI0008685,O002888,P0060,1,6,8800.00,0.00,52800.00
OI0008686,O002888,P0021,2,2,17850.00,0.00,35700.00
OI0008687,O002888,P0005,3,7,3300.00,0.00,23100.00
OI0008688,O002888,P0050,4,7,14600.00,0.00,102200.00
OI0008689,O002889,P0052,1,3,13500.00,0.00,40500.00
OI0008690,O002889,P0074,2,12,10020.00,0.00,120240.00
OI0008691,O002889,P0001,3,7,4300.00,5.00,28595.00
OI0008692,O002889,P0047,4,10,2190.00,5.00,20805.00
OI0008693,O002889,P0003,5,7,14640.00,0.00,102480.00
OI0008694,O002890,P0016,1,6,8740.00,0.00,52440.00
OI0008695,O002890,P0068,2,4,2100.00,0.00,8400.00
OI0008696,O002890,P0003,3,5,14640.00,0.00,73200.00
OI0008697,O002890,P0004,4,7,16440.00,0.00,115080.00
OI0008698,O002891,P0047,1,5,2190.00,10.00,9855.00
OI0008699,O002891,P0005,2,10,3300.00,0.00,33000.00
OI0008700,O002891,P0075,3,5,14230.00,0.00,71150.00
OI0008701,O002891,P0067,4,9,16160.00,0.00,145440.00
OI0008702,O002892,P0058,1,4,1830.00,15.00,6222.00
OI0008703,O002892,P0048,2,5,12050.00,0.00,60250.00
OI0008704,O002893,P0049,1,11,16150.00,0.00,177650.00
OI0008705,O002893,P0047,2,4,2190.00,0.00,8760.00
OI0008706,O002893,P0044,3,10,13780.00,0.00,137800.00
OI0008707,O002893,P0046,4,6,7120.00,10.00,38448.00
OI0008708,O002894,P0021,1,7,17850.00,15.00,106207.50
OI0008709,O002894,P0048,2,8,12050.00,0.00,96400.00
OI0008710,O002894,P0009,3,9,5290.00,5.00,45229.50
OI0008711,O002894,P0012,4,7,6280.00,0.00,43960.00
OI0008712,O002895,P0080,1,5,5590.00,15.00,23757.50
OI0008713,O002895,P0043,2,12,9450.00,0.00,113400.00
OI0008714,O002895,P0016,3,4,8740.00,10.00,31464.00
OI0008715,O002895,P0050,4,8,14600.00,5.00,110960.00
OI0008716,O002896,P0079,1,6,15570.00,0.00,93420.00
OI0008717,O002897,P0056,1,9,10190.00,0.00,91710.00
OI0008718,O002898,P0012,1,2,6280.00,0.00,12560.00
OI0008719,O002898,P0055,2,11,16840.00,0.00,185240.00
OI0008720,O002898,P0027,3,1,4890.00,10.00,4401.00
OI0008721,O002899,P0050,1,2,14600.00,0.00,29200.00
OI0008722,O002900,P0048,1,4,12050.00,5.00,45790.00
OI0008723,O002900,P0046,2,12,7120.00,10.00,76896.00
OI0008724,O002900,P0061,3,3,9420.00,5.00,26847.00
OI0008725,O002900,P0019,4,6,7370.00,15.00,37587.00
OI0008726,O002901,P0048,1,2,12050.00,5.00,22895.00
OI0008727,O002901,P0028,2,3,9080.00,5.00,25878.00
OI0008728,O002901,P0062,3,11,8730.00,0.00,96030.00
OI0008729,O002902,P0075,1,3,14230.00,5.00,40555.50
OI0008730,O002902,P0043,2,4,9450.00,0.00,37800.00
OI0008731,O002902,P0042,3,1,2830.00,10.00,2547.00
OI0008732,O002902,P0062,4,1,8730.00,0.00,8730.00
OI0008733,O002903,P0064,1,2,8250.00,0.00,16500.00
OI0008734,O002904,P0066,1,6,11920.00,0.00,71520.00
OI0008735,O002904,P0033,2,8,800.00,15.00,5440.00
OI0008736,O002904,P0051,3,1,12120.00,0.00,12120.00
OI0008737,O002905,P0039,1,4,3060.00,10.00,11016.00
OI0008738,O002905,P0045,2,5,14880.00,10.00,66960.00
OI0008739,O002905,P0053,3,7,16730.00,10.00,105399.00
OI0008740,O002906,P0023,1,10,12130.00,10.00,109170.00
OI0008741,O002906,P0070,2,5,13990.00,0.00,69950.00
OI0008742,O002907,P0080,1,10,5590.00,0.00,55900.00
OI0008743,O002907,P0027,2,2,4890.00,0.00,9780.00
OI0008744,O002908,P0002,1,11,12930.00,15.00,120895.50
OI0008745,O002908,P0056,2,5,10190.00,15.00,43307.50
OI0008746,O002909,P0071,1,6,16680.00,0.00,100080.00
OI0008747,O002909,P0053,2,6,16730.00,5.00,95361.00
OI0008748,O002910,P0065,1,11,10680.00,15.00,99858.00
OI0008749,O002910,P0022,2,4,8500.00,10.00,30600.00
OI0008750,O002911,P0012,1,6,6280.00,5.00,35796.00
OI0008751,O002911,P0012,2,12,6280.00,0.00,75360.00
OI0008752,O002911,P0040,3,10,17530.00,0.00,175300.00
OI0008753,O002911,P0005,4,3,3300.00,15.00,8415.00
OI0008754,O002912,P0045,1,2,14880.00,15.00,25296.00
OI0008755,O002912,P0067,2,8,16160.00,15.00,109888.00
OI0008756,O002913,P0043,1,5,9450.00,0.00,47250.00
OI0008757,O002913,P0003,2,4,14640.00,15.00,49776.00
OI0008758,O002913,P0059,3,8,14710.00,0.00,117680.00
OI0008759,O002913,P0076,4,2,8140.00,0.00,16280.00
OI0008760,O002913,P0026,5,5,13420.00,0.00,67100.00
OI0008761,O002914,P0014,1,7,14460.00,0.00,101220.00
OI0008762,O002914,P0038,2,12,11890.00,5.00,135546.00
OI0008763,O002914,P0043,3,8,9450.00,10.00,68040.00
OI0008764,O002914,P0035,4,1,14850.00,0.00,14850.00
OI0008765,O002915,P0058,1,12,1830.00,0.00,21960.00
OI0008766,O002915,P0006,2,5,570.00,15.00,2422.50
OI0008767,O002915,P0068,3,6,2100.00,15.00,10710.00
OI0008768,O002916,P0069,1,6,12320.00,15.00,62832.00
OI0008769,O002916,P0056,2,3,10190.00,10.00,27513.00
OI0008770,O002916,P0049,3,10,16150.00,0.00,161500.00
OI0008771,O002916,P0011,4,1,6240.00,15.00,5304.00
OI0008772,O002916,P0065,5,12,10680.00,0.00,128160.00
OI0008773,O002917,P0022,1,11,8500.00,0.00,93500.00
OI0008774,O002917,P0023,2,3,12130.00,0.00,36390.00
OI0008775,O002917,P0004,3,8,16440.00,5.00,124944.00
OI0008776,O002917,P0072,4,12,6730.00,5.00,76722.00
OI0008777,O002917,P0065,5,12,10680.00,0.00,128160.00
OI0008778,O002918,P0045,1,10,14880.00,0.00,148800.00
OI0008779,O002918,P0036,2,4,10120.00,0.00,40480.00
OI0008780,O002918,P0068,3,8,2100.00,5.00,15960.00
OI0008781,O002918,P0009,4,6,5290.00,10.00,28566.00
OI0008782,O002919,P0016,1,5,8740.00,0.00,43700.00
OI0008783,O002919,P0080,2,11,5590.00,5.00,58415.50
OI0008784,O002919,P0039,3,9,3060.00,15.00,23409.00
OI0008785,O002919,P0038,4,8,11890.00,0.00,95120.00
OI0008786,O002920,P0032,1,2,330.00,15.00,561.00
OI0008787,O002921,P0056,1,7,10190.00,5.00,67763.50
OI0008788,O002921,P0008,2,8,5830.00,0.00,46640.00
OI0008789,O002921,P0027,3,11,4890.00,10.00,48411.00
OI0008790,O002921,P0030,4,8,340.00,0.00,2720.00
OI0008791,O002922,P0048,1,9,12050.00,15.00,92182.50
OI0008792,O002922,P0001,2,4,4300.00,0.00,17200.00
OI0008793,O002923,P0003,1,6,14640.00,15.00,74664.00
OI0008794,O002923,P0040,2,1,17530.00,0.00,17530.00
OI0008795,O002924,P0037,1,8,6650.00,5.00,50540.00
OI0008796,O002924,P0027,2,11,4890.00,0.00,53790.00
OI0008797,O002924,P0016,3,7,8740.00,0.00,61180.00
OI0008798,O002924,P0042,4,12,2830.00,0.00,33960.00
OI0008799,O002925,P0010,1,12,3500.00,0.00,42000.00
OI0008800,O002925,P0057,2,11,5170.00,0.00,56870.00
OI0008801,O002926,P0071,1,3,16680.00,10.00,45036.00
OI0008802,O002926,P0010,2,7,3500.00,15.00,20825.00
OI0008803,O002926,P0064,3,5,8250.00,10.00,37125.00
OI0008804,O002926,P0044,4,4,13780.00,10.00,49608.00
OI0008805,O002926,P0039,5,7,3060.00,0.00,21420.00
OI0008806,O002927,P0006,1,4,570.00,10.00,2052.00
OI0008807,O002928,P0034,1,4,10570.00,0.00,42280.00
OI0008808,O002928,P0023,2,3,12130.00,15.00,30931.50
OI0008809,O002929,P0047,1,10,2190.00,15.00,18615.00
OI0008810,O002929,P0022,2,7,8500.00,0.00,59500.00
OI0008811,O002929,P0078,3,5,7660.00,0.00,38300.00
OI0008812,O002929,P0076,4,12,8140.00,15.00,83028.00
OI0008813,O002929,P0058,5,10,1830.00,15.00,15555.00
OI0008814,O002930,P0014,1,7,14460.00,0.00,101220.00
OI0008815,O002931,P0034,1,10,10570.00,15.00,89845.00
OI0008816,O002931,P0004,2,1,16440.00,5.00,15618.00
OI0008817,O002931,P0011,3,9,6240.00,10.00,50544.00
OI0008818,O002931,P0043,4,12,9450.00,15.00,96390.00
OI0008819,O002931,P0074,5,9,10020.00,0.00,90180.00
OI0008820,O002932,P0029,1,11,8380.00,0.00,92180.00
OI0008821,O002932,P0003,2,3,14640.00,15.00,37332.00
OI0008822,O002932,P0001,3,1,4300.00,0.00,4300.00
OI0008823,O002933,P0025,1,10,13240.00,5.00,125780.00
OI0008824,O002933,P0004,2,10,16440.00,15.00,139740.00
OI0008825,O002933,P0003,3,8,14640.00,10.00,105408.00
OI0008826,O002933,P0076,4,8,8140.00,5.00,61864.00
OI0008827,O002934,P0069,1,7,12320.00,10.00,77616.00
OI0008828,O002935,P0029,1,11,8380.00,0.00,92180.00
OI0008829,O002935,P0020,2,7,5780.00,0.00,40460.00
OI0008830,O002936,P0002,1,2,12930.00,0.00,25860.00
OI0008831,O002936,P0060,2,9,8800.00,10.00,71280.00
OI0008832,O002936,P0004,3,8,16440.00,0.00,131520.00
OI0008833,O002936,P0002,4,12,12930.00,15.00,131886.00
OI0008834,O002937,P0079,1,3,15570.00,0.00,46710.00
OI0008835,O002937,P0066,2,5,11920.00,0.00,59600.00
OI0008836,O002938,P0028,1,10,9080.00,0.00,90800.00
OI0008837,O002939,P0042,1,5,2830.00,5.00,13442.50
OI0008838,O002940,P0044,1,4,13780.00,0.00,55120.00
OI0008839,O002940,P0026,2,10,13420.00,0.00,134200.00
OI0008840,O002940,P0044,3,2,13780.00,0.00,27560.00
OI0008841,O002941,P0057,1,8,5170.00,0.00,41360.00
OI0008842,O002941,P0020,2,3,5780.00,0.00,17340.00
OI0008843,O002941,P0063,3,5,3720.00,0.00,18600.00
OI0008844,O002941,P0069,4,9,12320.00,10.00,99792.00
OI0008845,O002941,P0012,5,5,6280.00,0.00,31400.00
OI0008846,O002942,P0021,1,2,17850.00,10.00,32130.00
OI0008847,O002942,P0015,2,9,8020.00,0.00,72180.00
OI0008848,O002942,P0032,3,8,330.00,0.00,2640.00
OI0008849,O002942,P0040,4,1,17530.00,5.00,16653.50
OI0008850,O002943,P0018,1,4,670.00,0.00,2680.00
OI0008851,O002943,P0043,2,7,9450.00,0.00,66150.00
OI0008852,O002944,P0075,1,6,14230.00,0.00,85380.00
OI0008853,O002944,P0041,2,4,12490.00,0.00,49960.00
OI0008854,O002944,P0067,3,10,16160.00,15.00,137360.00
OI0008855,O002945,P0033,1,7,800.00,15.00,4760.00
OI0008856,O002945,P0027,2,3,4890.00,0.00,14670.00
OI0008857,O002945,P0052,3,1,13500.00,10.00,12150.00
OI0008858,O002945,P0002,4,2,12930.00,0.00,25860.00
OI0008859,O002946,P0024,1,10,11180.00,15.00,95030.00
OI0008860,O002946,P0012,2,12,6280.00,10.00,67824.00
OI0008861,O002946,P0079,3,7,15570.00,0.00,108990.00
OI0008862,O002946,P0014,4,6,14460.00,5.00,82422.00
OI0008863,O002947,P0062,1,7,8730.00,15.00,51943.50
OI0008864,O002947,P0027,2,1,4890.00,0.00,4890.00
OI0008865,O002947,P0054,3,4,10100.00,15.00,34340.00
OI0008866,O002947,P0054,4,7,10100.00,0.00,70700.00
OI0008867,O002947,P0060,5,12,8800.00,0.00,105600.00
OI0008868,O002948,P0045,1,3,14880.00,15.00,37944.00
OI0008869,O002949,P0065,1,7,10680.00,15.00,63546.00
OI0008870,O002949,P0004,2,10,16440.00,0.00,164400.00
OI0008871,O002949,P0077,3,3,14410.00,5.00,41068.50
OI0008872,O002949,P0059,4,7,14710.00,5.00,97821.50
OI0008873,O002950,P0040,1,9,17530.00,10.00,141993.00
OI0008874,O002950,P0003,2,4,14640.00,0.00,58560.00
OI0008875,O002950,P0072,3,2,6730.00,0.00,13460.00
OI0008876,O002950,P0023,4,5,12130.00,5.00,57617.50
OI0008877,O002951,P0046,1,4,7120.00,0.00,28480.00
OI0008878,O002952,P0028,1,12,9080.00,0.00,108960.00
OI0008879,O002952,P0035,2,3,14850.00,0.00,44550.00
OI0008880,O002952,P0058,3,11,1830.00,0.00,20130.00
OI0008881,O002952,P0030,4,6,340.00,0.00,2040.00
OI0008882,O002953,P0076,1,7,8140.00,15.00,48433.00
OI0008883,O002953,P0074,2,4,10020.00,0.00,40080.00
OI0008884,O002954,P0022,1,5,8500.00,15.00,36125.00
OI0008885,O002954,P0011,2,1,6240.00,0.00,6240.00
OI0008886,O002954,P0080,3,5,5590.00,0.00,27950.00
OI0008887,O002955,P0064,1,4,8250.00,5.00,31350.00
OI0008888,O002955,P0080,2,4,5590.00,15.00,19006.00
OI0008889,O002955,P0069,3,11,12320.00,0.00,135520.00
OI0008890,O002955,P0031,4,9,3650.00,0.00,32850.00
OI0008891,O002955,P0057,5,3,5170.00,5.00,14734.50
OI0008892,O002956,P0070,1,12,13990.00,15.00,142698.00
OI0008893,O002956,P0036,2,1,10120.00,15.00,8602.00
OI0008894,O002956,P0070,3,2,13990.00,10.00,25182.00
OI0008895,O002956,P0070,4,7,13990.00,5.00,93033.50
OI0008896,O002957,P0075,1,2,14230.00,0.00,28460.00
OI0008897,O002958,P0064,1,5,8250.00,0.00,41250.00
OI0008898,O002958,P0053,2,9,16730.00,0.00,150570.00
OI0008899,O002958,P0020,3,8,5780.00,0.00,46240.00
OI0008900,O002958,P0049,4,7,16150.00,0.00,113050.00
OI0008901,O002958,P0070,5,2,13990.00,0.00,27980.00
OI0008902,O002959,P0015,1,6,8020.00,5.00,45714.00
OI0008903,O002959,P0034,2,11,10570.00,15.00,98829.50
OI0008904,O002959,P0020,3,9,5780.00,10.00,46818.00
OI0008905,O002959,P0044,4,1,13780.00,10.00,12402.00
OI0008906,O002959,P0036,5,12,10120.00,0.00,121440.00
OI0008907,O002960,P0063,1,7,3720.00,0.00,26040.00
OI0008908,O002960,P0079,2,7,15570.00,5.00,103540.50
OI0008909,O002960,P0011,3,8,6240.00,0.00,49920.00
OI0008910,O002960,P0072,4,1,6730.00,5.00,6393.50
OI0008911,O002960,P0010,5,5,3500.00,5.00,16625.00
OI0008912,O002961,P0020,1,4,5780.00,0.00,23120.00
OI0008913,O002961,P0029,2,12,8380.00,0.00,100560.00
OI0008914,O002961,P0078,3,5,7660.00,0.00,38300.00
OI0008915,O002961,P0015,4,4,8020.00,10.00,28872.00
OI0008916,O002962,P0066,1,3,11920.00,0.00,35760.00
OI0008917,O002962,P0076,2,12,8140.00,0.00,97680.00
OI0008918,O002963,P0034,1,5,10570.00,0.00,52850.00
OI0008919,O002964,P0009,1,6,5290.00,0.00,31740.00
OI0008920,O002964,P0071,2,9,16680.00,0.00,150120.00
OI0008921,O002964,P0063,3,10,3720.00,0.00,37200.00
OI0008922,O002964,P0080,4,8,5590.00,15.00,38012.00
OI0008923,O002964,P0080,5,3,5590.00,0.00,16770.00
OI0008924,O002965,P0005,1,8,3300.00,10.00,23760.00
OI0008925,O002965,P0040,2,2,17530.00,10.00,31554.00
OI0008926,O002965,P0003,3,12,14640.00,0.00,175680.00
OI0008927,O002966,P0047,1,11,2190.00,5.00,22885.50
OI0008928,O002967,P0060,1,7,8800.00,15.00,52360.00
OI0008929,O002967,P0041,2,10,12490.00,0.00,124900.00
OI0008930,O002967,P0051,3,5,12120.00,10.00,54540.00
OI0008931,O002968,P0038,1,9,11890.00,0.00,107010.00
OI0008932,O002968,P0076,2,2,8140.00,0.00,16280.00
OI0008933,O002968,P0065,3,9,10680.00,0.00,96120.00
OI0008934,O002969,P0041,1,3,12490.00,15.00,31849.50
OI0008935,O002969,P0050,2,12,14600.00,0.00,175200.00
OI0008936,O002969,P0019,3,7,7370.00,5.00,49010.50
OI0008937,O002969,P0020,4,3,5780.00,5.00,16473.00
OI0008938,O002970,P0049,1,9,16150.00,5.00,138082.50
OI0008939,O002970,P0022,2,5,8500.00,0.00,42500.00
OI0008940,O002970,P0008,3,1,5830.00,0.00,5830.00
OI0008941,O002970,P0008,4,12,5830.00,0.00,69960.00
OI0008942,O002971,P0080,1,12,5590.00,5.00,63726.00
OI0008943,O002971,P0061,2,1,9420.00,10.00,8478.00
OI0008944,O002971,P0054,3,11,10100.00,0.00,111100.00
OI0008945,O002971,P0051,4,3,12120.00,0.00,36360.00
OI0008946,O002972,P0050,1,4,14600.00,5.00,55480.00
OI0008947,O002972,P0049,2,2,16150.00,10.00,29070.00
OI0008948,O002973,P0007,1,12,4920.00,0.00,59040.00
OI0008949,O002974,P0028,1,12,9080.00,10.00,98064.00
OI0008950,O002974,P0059,2,11,14710.00,10.00,145629.00
OI0008951,O002974,P0020,3,3,5780.00,0.00,17340.00
OI0008952,O002974,P0053,4,6,16730.00,15.00,85323.00
OI0008953,O002975,P0008,1,4,5830.00,0.00,23320.00
OI0008954,O002975,P0071,2,2,16680.00,15.00,28356.00
OI0008955,O002975,P0074,3,12,10020.00,0.00,120240.00
OI0008956,O002975,P0012,4,4,6280.00,0.00,25120.00
OI0008957,O002975,P0054,5,6,10100.00,15.00,51510.00
OI0008958,O002976,P0019,1,8,7370.00,10.00,53064.00
OI0008959,O002977,P0042,1,9,2830.00,15.00,21649.50
OI0008960,O002978,P0052,1,8,13500.00,10.00,97200.00
OI0008961,O002978,P0034,2,12,10570.00,0.00,126840.00
OI0008962,O002978,P0056,3,9,10190.00,0.00,91710.00
OI0008963,O002978,P0026,4,4,13420.00,0.00,53680.00
OI0008964,O002979,P0012,1,6,6280.00,5.00,35796.00
OI0008965,O002979,P0005,2,2,3300.00,0.00,6600.00
OI0008966,O002980,P0059,1,12,14710.00,10.00,158868.00
OI0008967,O002980,P0050,2,3,14600.00,15.00,37230.00
OI0008968,O002980,P0055,3,10,16840.00,5.00,159980.00
OI0008969,O002980,P0039,4,8,3060.00,5.00,23256.00
OI0008970,O002981,P0046,1,9,7120.00,5.00,60876.00
OI0008971,O002982,P0031,1,3,3650.00,0.00,10950.00
OI0008972,O002982,P0031,2,6,3650.00,10.00,19710.00
OI0008973,O002982,P0071,3,8,16680.00,10.00,120096.00
OI0008974,O002982,P0002,4,4,12930.00,15.00,43962.00
OI0008975,O002982,P0029,5,12,8380.00,0.00,100560.00
OI0008976,O002983,P0050,1,2,14600.00,0.00,29200.00
OI0008977,O002983,P0034,2,7,10570.00,0.00,73990.00
OI0008978,O002984,P0007,1,7,4920.00,15.00,29274.00
OI0008979,O002984,P0077,2,5,14410.00,0.00,72050.00
OI0008980,O002984,P0060,3,10,8800.00,0.00,88000.00
OI0008981,O002985,P0017,1,8,3480.00,0.00,27840.00
OI0008982,O002985,P0070,2,7,13990.00,15.00,83240.50
OI0008983,O002985,P0065,3,1,10680.00,5.00,10146.00
OI0008984,O002985,P0066,4,1,11920.00,5.00,11324.00
OI0008985,O002985,P0012,5,2,6280.00,5.00,11932.00
OI0008986,O002986,P0037,1,12,6650.00,10.00,71820.00
OI0008987,O002986,P0061,2,5,9420.00,0.00,47100.00
OI0008988,O002986,P0060,3,10,8800.00,5.00,83600.00
OI0008989,O002987,P0045,1,3,14880.00,5.00,42408.00
OI0008990,O002987,P0016,2,8,8740.00,10.00,62928.00
OI0008991,O002987,P0074,3,6,10020.00,0.00,60120.00
OI0008992,O002987,P0044,4,6,13780.00,0.00,82680.00
OI0008993,O002987,P0056,5,11,10190.00,5.00,106485.50
OI0008994,O002988,P0072,1,10,6730.00,5.00,63935.00
OI0008995,O002988,P0037,2,1,6650.00,15.00,5652.50
OI0008996,O002988,P0032,3,3,330.00,0.00,990.00
OI0008997,O002988,P0029,4,2,8380.00,0.00,16760.00
OI0008998,O002989,P0079,1,7,15570.00,5.00,103540.50
OI0008999,O002989,P0044,2,10,13780.00,0.00,137800.00
OI0009000,O002989,P0011,3,10,6240.00,10.00,56160.00
OI0009001,O002990,P0001,1,2,4300.00,0.00,8600.00
OI0009002,O002990,P0011,2,6,6240.00,5.00,35568.00
OI0009003,O002991,P0080,1,10,5590.00,10.00,50310.00
OI0009004,O002991,P0030,2,3,340.00,0.00,1020.00
OI0009005,O002991,P0025,3,4,13240.00,0.00,52960.00
OI0009006,O002992,P0033,1,4,800.00,0.00,3200.00
OI0009007,O002992,P0039,2,5,3060.00,0.00,15300.00
OI0009008,O002992,P0014,3,6,14460.00,5.00,82422.00
OI0009009,O002992,P0054,4,3,10100.00,0.00,30300.00
OI0009010,O002993,P0002,1,7,12930.00,0.00,90510.00
OI0009011,O002993,P0023,2,4,12130.00,5.00,46094.00
OI0009012,O002993,P0010,3,1,3500.00,10.00,3150.00
OI0009013,O002993,P0057,4,4,5170.00,0.00,20680.00
OI0009014,O002994,P0055,1,8,16840.00,5.00,127984.00
OI0009015,O002994,P0055,2,12,16840.00,15.00,171768.00
OI0009016,O002994,P0002,3,3,12930.00,10.00,34911.00
OI0009017,O002994,P0054,4,8,10100.00,5.00,76760.00
OI0009018,O002994,P0011,5,11,6240.00,0.00,68640.00
OI0009019,O002995,P0044,1,2,13780.00,10.00,24804.00
OI0009020,O002995,P0033,2,12,800.00,15.00,8160.00
OI0009021,O002996,P0015,1,12,8020.00,5.00,91428.00
OI0009022,O002996,P0008,2,2,5830.00,0.00,11660.00
OI0009023,O002996,P0057,3,4,5170.00,0.00,20680.00
OI0009024,O002996,P0057,4,9,5170.00,0.00,46530.00
OI0009025,O002996,P0073,5,11,1430.00,0.00,15730.00
OI0009026,O002997,P0030,1,8,340.00,10.00,2448.00
OI0009027,O002997,P0078,2,6,7660.00,0.00,45960.00
OI0009028,O002997,P0078,3,12,7660.00,0.00,91920.00
OI0009029,O002997,P0015,4,4,8020.00,0.00,32080.00
OI0009030,O002998,P0080,1,3,5590.00,15.00,14254.50
OI0009031,O002999,P0037,1,10,6650.00,10.00,59850.00
OI0009032,O002999,P0025,2,11,13240.00,0.00,145640.00
OI0009033,O002999,P0018,3,2,670.00,10.00,1206.00
OI0009034,O002999,P0009,4,11,5290.00,15.00,49461.50
OI0009035,O003000,P0066,1,10,11920.00,0.00,119200.00
OI0009036,O003000,P0064,2,5,8250.00,15.00,35062.50
OI0009037,O003000,P0049,3,3,16150.00,10.00,43605.00
OI0009038,O003000,P0051,4,4,12120.00,0.00,48480.00
OI0009039,O003000,P0060,5,3,8800.00,0.00,26400.00
